Config,E_cap_kWh,P_cap_kW,Peak_Grid_kW,Peak_Reduction_kW,Peak_Reduction_%,Annual_Grid_kWh,Energy_Reduction_kWh,Energy_Reduction_%,Battery_Throughput_kWh,PV_Curtailed_kWh
No Battery,0,0,709.4499999999999,352.00750000000005,33.16265606489191,1812340.584849,2146727.830151,54.22305464632896,0.0,2210377890.17381
250 kWh / 125 kW,250,125,603.5725,457.885,43.13738420991891,1725534.334849,2233534.080151,56.41564747122462,182858.88157894736,2210281837.5422306
500 kWh / 250 kW,500,250,603.5725,457.885,43.13738420991891,1638728.084849,2320340.330151,58.60824029612027,365717.7631578947,2210185784.910652
1000 kWh / 500 kW,1000,500,603.5725,457.885,43.13738420991891,1465115.584849,2493952.830151,62.993425945911575,731435.5263157894,2209993679.6474943
2000 kWh / 1000 kW,2000,1000,603.5725,457.885,43.13738420991891,1117890.584849,2841177.830151,71.76379724549417,1462871.0526315789,2209609469.1211786
