Hour,Load (kW-DC)
1,0.0
2,0.0
3,0.0
4,0.0
5,0.0
6,0.0
7,0.0
8,0.0
9,225.08684
10,258.03839999999997
11,358.97525
12,588.14744
13,683.967
14,687.1943
15,456.1221
16,162.3116
17,0.0
18,0.0
19,0.0
20,0.0
21,0.0
22,0.0
23,0.0
24,0.0
25,0.0
26,0.0
27,0.0
28,0.0
29,0.0
30,0.0
31,0.0
32,0.0
33,131.77102
34,114.44169000000001
35,294.7538
36,261.86064
37,195.39520000000002
38,283.88744
39,138.12508
40,135.97226999999998
41,0.0
42,0.0
43,0.0
44,0.0
45,0.0
46,0.0
47,0.0
48,0.0
49,0.0
50,0.0
51,0.0
52,0.0
53,0.0
54,0.0
55,0.0
56,0.0
57,41.633812
58,90.18314
59,126.633805
60,142.42838
61,147.93034
62,121.31341400000001
63,84.93072000000001
64,61.332418
65,0.0
66,0.0
67,0.0
68,0.0
69,0.0
70,0.0
71,0.0
72,0.0
73,0.0
74,0.0
75,0.0
76,0.0
77,0.0
78,0.0
79,0.0
80,0.0
81,26.410387
82,90.75475999999999
83,83.18949
84,198.95798000000002
85,116.11906
86,289.58347
87,210.86297
88,90.01971
89,0.0
90,0.0
91,0.0
92,0.0
93,0.0
94,0.0
95,0.0
96,0.0
97,0.0
98,0.0
99,0.0
100,0.0
101,0.0
102,0.0
103,0.0
104,0.0
105,203.4349
106,221.13806
107,708.3829000000001
108,456.57665999999995
109,255.0818
110,181.98445
111,140.67947
112,203.72373000000002
113,0.15293542
114,0.0
115,0.0
116,0.0
117,0.0
118,0.0
119,0.0
120,0.0
121,0.0
122,0.0
123,0.0
124,0.0
125,0.0
126,0.0
127,0.0
128,0.0
129,208.88783999999998
130,304.97056
131,225.01222
132,271.20144
133,317.95716
134,185.65625
135,246.51442
136,100.79639
137,0.15040985
138,0.0
139,0.0
140,0.0
141,0.0
142,0.0
143,0.0
144,0.0
145,0.0
146,0.0
147,0.0
148,0.0
149,0.0
150,0.0
151,0.0
152,0.0
153,225.16260999999997
154,535.6776
155,692.3742
156,722.70944
157,367.17312
158,281.87794
159,184.2644
160,31.657604
161,0.14945007000000002
162,0.0
163,0.0
164,0.0
165,0.0
166,0.0
167,0.0
168,0.0
169,0.0
170,0.0
171,0.0
172,0.0
173,0.0
174,0.0
175,0.0
176,0.0
177,75.79899
178,511.14896999999996
179,321.54953
180,197.88119
181,254.03455
182,233.78073
183,142.18789999999998
184,223.00773
185,0.6922986
186,0.0
187,0.0
188,0.0
189,0.0
190,0.0
191,0.0
192,0.0
193,0.0
194,0.0
195,0.0
196,0.0
197,0.0
198,0.0
199,0.0
200,0.15307979
201,240.01486
202,272.89696999999995
203,502.57038
204,391.20384
205,223.76760000000002
206,195.31584
207,363.11670000000004
208,170.01292
209,1.4325409999999998
210,0.0
211,0.0
212,0.0
213,0.0
214,0.0
215,0.0
216,0.0
217,0.0
218,0.0
219,0.0
220,0.0
221,0.0
222,0.0
223,0.0
224,0.0
225,242.75547
226,556.1150600000001
227,761.9324399999999
228,843.68675
229,858.7483000000001
230,639.9245
231,532.4633
232,226.82233
233,2.4365447
234,0.0
235,0.0
236,0.0
237,0.0
238,0.0
239,0.0
240,0.0
241,0.0
242,0.0
243,0.0
244,0.0
245,0.0
246,0.0
247,0.0
248,0.15044756
249,239.81045
250,539.0799000000001
251,769.463
252,802.1101
253,528.7711999999999
254,722.5754000000001
255,492.6089
256,238.59805
257,2.586435
258,0.0
259,0.0
260,0.0
261,0.0
262,0.0
263,0.0
264,0.0
265,0.0
266,0.0
267,0.0
268,0.0
269,0.0
270,0.0
271,0.0
272,0.15066844000000001
273,221.01538
274,448.72447
275,225.28289
276,201.99089999999998
277,294.0955
278,317.84928
279,144.93297
280,241.19186
281,2.6524539
282,0.0
283,0.0
284,0.0
285,0.0
286,0.0
287,0.0
288,0.0
289,0.0
290,0.0
291,0.0
292,0.0
293,0.0
294,0.0
295,0.0
296,0.06424697
297,259.97597
298,558.8394000000001
299,701.395
300,627.5758000000001
301,568.4381
302,465.986
303,468.23629999999997
304,261.01975
305,7.4737935
306,0.0
307,0.0
308,0.0
309,0.0
310,0.0
311,0.0
312,0.0
313,0.0
314,0.0
315,0.0
316,0.0
317,0.0
318,0.0
319,0.0
320,0.14963243
321,221.18217
322,143.71811
323,368.3673
324,305.03315999999995
325,150.6199
326,397.08644
327,420.52294
328,128.17985000000002
329,7.4561396
330,0.0
331,0.0
332,0.0
333,0.0
334,0.0
335,0.0
336,0.0
337,0.0
338,0.0
339,0.0
340,0.0
341,0.0
342,0.0
343,0.0
344,0.15071422999999998
345,163.82817
346,128.4783
347,232.71586
348,400.31725
349,223.22467
350,151.26355999999998
351,85.9754
352,262.22621999999996
353,7.3563860000000005
354,0.0
355,0.0
356,0.0
357,0.0
358,0.0
359,0.0
360,0.0
361,0.0
362,0.0
363,0.0
364,0.0
365,0.0
366,0.0
367,0.0
368,0.0
369,39.992305
370,323.31828
371,186.81029999999998
372,122.31180499999999
373,312.64946999999995
374,350.5545
375,164.68052
376,216.37284
377,11.584056
378,0.0
379,0.0
380,0.0
381,0.0
382,0.0
383,0.0
384,0.0
385,0.0
386,0.0
387,0.0
388,0.0
389,0.0
390,0.0
391,0.0
392,0.5740717
393,250.01372
394,104.30368
395,326.64671999999996
396,233.10334
397,301.41859999999997
398,549.89094
399,235.23514
400,189.27006
401,11.373533
402,0.0
403,0.0
404,0.0
405,0.0
406,0.0
407,0.0
408,0.0
409,0.0
410,0.0
411,0.0
412,0.0
413,0.0
414,0.0
415,0.0
416,0.5813600999999999
417,264.0389
418,297.9957
419,199.04027
420,166.94725
421,876.95825
422,551.5198
423,395.34090000000003
424,281.58078
425,15.026088
426,0.0
427,0.0
428,0.0
429,0.0
430,0.0
431,0.0
432,0.0
433,0.0
434,0.0
435,0.0
436,0.0
437,0.0
438,0.0
439,0.0
440,0.600913
441,234.52255
442,591.6771
443,824.5869
444,253.80632999999997
445,187.60728
446,117.03267
447,462.65703
448,266.40259999999995
449,16.110212
450,0.0
451,0.0
452,0.0
453,0.0
454,0.0
455,0.0
456,0.0
457,0.0
458,0.0
459,0.0
460,0.0
461,0.0
462,0.0
463,0.0
464,0.5644587
465,245.62312
466,497.56728000000004
467,795.5184
468,202.24972
469,413.77459999999996
470,217.34439
471,237.82853
472,268.92228
473,23.121226999999998
474,0.0
475,0.0
476,0.0
477,0.0
478,0.0
479,0.0
480,0.0
481,0.0
482,0.0
483,0.0
484,0.0
485,0.0
486,0.0
487,0.0
488,0.6149988
489,265.45906
490,574.323
491,231.95382999999998
492,121.52791
493,126.66042999999999
494,370.85934000000003
495,153.98419
496,126.9812
497,23.543021
498,0.0
499,0.0
500,0.0
501,0.0
502,0.0
503,0.0
504,0.0
505,0.0
506,0.0
507,0.0
508,0.0
509,0.0
510,0.0
511,0.0
512,1.3897714
513,295.28103000000004
514,499.91596999999996
515,242.99962
516,149.75597
517,121.39294
518,180.93698
519,130.95311999999998
520,70.40634
521,7.0725215
522,0.0
523,0.0
524,0.0
525,0.0
526,0.0
527,0.0
528,0.0
529,0.0
530,0.0
531,0.0
532,0.0
533,0.0
534,0.0
535,0.0
536,1.4294331999999998
537,241.48505
538,280.13453000000004
539,263.88325
540,434.80475
541,798.91375
542,743.3013000000001
543,541.1224
544,193.17519000000001
545,28.854419999999998
546,0.0
547,0.0
548,0.0
549,0.0
550,0.0
551,0.0
552,0.0
553,0.0
554,0.0
555,0.0
556,0.0
557,0.0
558,0.0
559,0.0
560,2.5920360999999996
561,274.5034
562,313.7906
563,554.4079
564,447.73562
565,617.92475
566,463.72678
567,348.02153000000004
568,318.08416
569,40.967983999999994
570,0.0
571,0.0
572,0.0
573,0.0
574,0.0
575,0.0
576,0.0
577,0.0
578,0.0
579,0.0
580,0.0
581,0.0
582,0.0
583,0.0
584,2.6662827
585,230.97701999999998
586,452.62144
587,388.81628
588,280.87806
589,471.97484000000003
590,371.55965999999995
591,269.9232
592,131.2705
593,47.203720000000004
594,0.0
595,0.0
596,0.0
597,0.0
598,0.0
599,0.0
600,0.0
601,0.0
602,0.0
603,0.0
604,0.0
605,0.0
606,0.0
607,0.0
608,1.5065366
609,100.05584
610,102.06003999999999
611,139.13219
612,154.98105999999999
613,160.33198000000002
614,133.45734
615,157.53235999999998
616,43.689324
617,10.105375
618,0.0
619,0.0
620,0.0
621,0.0
622,0.0
623,0.0
624,0.0
625,0.0
626,0.0
627,0.0
628,0.0
629,0.0
630,0.0
631,0.0
632,1.4985154
633,83.86928
634,166.4627
635,234.57673
636,143.85417
637,301.5678
638,278.8664
639,105.33648
640,42.986992
641,5.2579297
642,0.0
643,0.0
644,0.0
645,0.0
646,0.0
647,0.0
648,0.0
649,0.0
650,0.0
651,0.0
652,0.0
653,0.0
654,0.0
655,0.0
656,0.671431
657,51.963812
658,225.709
659,252.08378
660,207.68952
661,254.88667
662,255.07084
663,193.96066
664,166.57585999999998
665,19.781404
666,0.0
667,0.0
668,0.0
669,0.0
670,0.0
671,0.0
672,0.0
673,0.0
674,0.0
675,0.0
676,0.0
677,0.0
678,0.0
679,0.0
680,2.6442332
681,96.3185
682,186.19311
683,389.35621999999995
684,217.77623
685,284.2818
686,233.18881
687,106.49342999999999
688,68.295266
689,14.657729999999999
690,0.0
691,0.0
692,0.0
693,0.0
694,0.0
695,0.0
696,0.0
697,0.0
698,0.0
699,0.0
700,0.0
701,0.0
702,0.0
703,0.0
704,0.0
705,79.93478
706,124.71888
707,193.70184
708,239.42716000000001
709,232.35353
710,214.81605
711,183.00945000000002
712,103.90464999999999
713,21.278896
714,0.0
715,0.0
716,0.0
717,0.0
718,0.0
719,0.0
720,0.0
721,0.0
722,0.0
723,0.0
724,0.0
725,0.0
726,0.0
727,0.0
728,0.0
729,109.6143
730,199.91014
731,277.56228000000004
732,332.75415999999996
733,331.60775
734,287.99766
735,223.48373
736,131.064305
737,28.132557000000002
738,0.0
739,0.0
740,0.0
741,0.0
742,0.0
743,0.0
744,0.0
745,0.0
746,0.0
747,0.0
748,0.0
749,0.0
750,0.0
751,0.0
752,0.0
753,345.73566
754,659.3165600000001
755,841.92644
756,135.09723000000002
757,987.0879399999999
758,888.9816
759,475.57534000000004
760,410.96538
761,90.587734
762,0.0
763,0.0
764,0.0
765,0.0
766,0.0
767,0.0
768,0.0
769,0.0
770,0.0
771,0.0
772,0.0
773,0.0
774,0.0
775,0.0
776,0.0
777,348.62147
778,664.7219399999999
779,894.7950999999999
780,1001.9148
781,1019.0766
782,919.0761
783,722.6995
784,424.32271999999995
785,92.405734
786,0.0
787,0.0
788,0.0
789,0.0
790,0.0
791,0.0
792,0.0
793,0.0
794,0.0
795,0.0
796,0.0
797,0.0
798,0.0
799,0.0
800,0.0
801,321.88716
802,644.35525
803,356.20234000000005
804,132.35956
805,137.71431
806,313.407
807,574.2415
808,412.55188
809,96.91647999999999
810,0.0
811,0.0
812,0.0
813,0.0
814,0.0
815,0.0
816,0.0
817,0.0
818,0.0
819,0.0
820,0.0
821,0.0
822,0.0
823,0.0
824,0.0
825,48.757703
826,364.85909999999996
827,114.865836
828,132.78470000000002
829,148.29278
830,174.3736
831,257.26703
832,53.43806
833,17.986826
834,0.0
835,0.0
836,0.0
837,0.0
838,0.0
839,0.0
840,0.0
841,0.0
842,0.0
843,0.0
844,0.0
845,0.0
846,0.0
847,0.0
848,0.0
849,48.861309999999996
850,222.68625
851,454.44309999999996
852,455.17447
853,608.2871
854,409.68172
855,323.9558
856,182.72653
857,18.138213
858,0.0
859,0.0
860,0.0
861,0.0
862,0.0
863,0.0
864,0.0
865,0.0
866,0.0
867,0.0
868,0.0
869,0.0
870,0.0
871,0.0
872,0.0
873,232.22816
874,99.48759
875,219.3621
876,143.17555
877,202.08373
878,164.74875
879,551.1465999999999
880,245.10856
881,125.55880499999999
882,0.0
883,0.0
884,0.0
885,0.0
886,0.0
887,0.0
888,0.0
889,0.0
890,0.0
891,0.0
892,0.0
893,0.0
894,0.0
895,0.0
896,0.0
897,176.0206
898,282.20759999999996
899,261.33464000000004
900,847.78594
901,503.24675
902,286.60875
903,276.04762
904,211.65197
905,26.357072
906,0.0
907,0.0
908,0.0
909,0.0
910,0.0
911,0.0
912,0.0
913,0.0
914,0.0
915,0.0
916,0.0
917,0.0
918,0.0
919,0.0
920,0.0
921,379.6385
922,277.76640000000003
923,125.86534
924,610.1563000000001
925,544.7306
926,197.52919
927,178.21134
928,90.98666
929,40.57148
930,0.0
931,0.0
932,0.0
933,0.0
934,0.0
935,0.0
936,0.0
937,0.0
938,0.0
939,0.0
940,0.0
941,0.0
942,0.0
943,0.0
944,0.0
945,177.28960999999998
946,99.46855000000001
947,125.70536
948,219.54978
949,266.33306
950,134.11944
951,176.92345
952,460.65322
953,137.9977
954,0.0
955,0.0
956,0.0
957,0.0
958,0.0
959,0.0
960,0.0
961,0.0
962,0.0
963,0.0
964,0.0
965,0.0
966,0.0
967,0.0
968,0.0
969,417.0893
970,727.2026999999999
971,975.3795
972,1120.0729
973,1121.9063999999998
974,991.4033000000001
975,796.1945999999999
976,503.2586
977,149.27475
978,0.0
979,0.0
980,0.0
981,0.0
982,0.0
983,0.0
984,0.0
985,0.0
986,0.0
987,0.0
988,0.0
989,0.0
990,0.0
991,0.0
992,0.0
993,407.97306
994,710.68556
995,944.8861999999999
996,1100.5288999999998
997,1070.6508999999999
998,144.70636
999,724.4381
1000,345.82738
1001,153.57845
1002,0.0
1003,0.0
1004,0.0
1005,0.0
1006,0.0
1007,0.0
1008,0.0
1009,0.0
1010,0.0
1011,0.0
1012,0.0
1013,0.0
1014,0.0
1015,0.0
1016,0.0
1017,430.51728
1018,735.2213
1019,936.5964
1020,154.33848
1021,1085.0666
1022,532.4216
1023,607.1201
1024,393.10184000000004
1025,171.05317000000002
1026,0.0
1027,0.0
1028,0.0
1029,0.0
1030,0.0
1031,0.0
1032,0.0
1033,0.0
1034,0.0
1035,0.0
1036,0.0
1037,0.0
1038,0.0
1039,0.0
1040,0.0
1041,439.47344
1042,276.20097
1043,140.061
1044,155.59277
1045,149.51456
1046,156.2896
1047,471.83444000000003
1048,476.84925
1049,178.34062
1050,0.0
1051,0.0
1052,0.0
1053,0.0
1054,0.0
1055,0.0
1056,0.0
1057,0.0
1058,0.0
1059,0.0
1060,0.0
1061,0.0
1062,0.0
1063,0.0
1064,135.9354
1065,450.00206
1066,590.3219399999999
1067,138.811
1068,154.48494
1069,148.7025
1070,1020.2071
1071,109.89377999999999
1072,515.22603
1073,186.62331
1074,0.0
1075,0.0
1076,0.0
1077,0.0
1078,0.0
1079,0.0
1080,0.0
1081,0.0
1082,0.0
1083,0.0
1084,0.0
1085,0.0
1086,0.0
1087,0.0
1088,138.32622
1089,61.02998
1090,136.89185999999998
1091,1007.3099
1092,1165.9795
1093,1144.8465
1094,371.70309999999995
1095,341.55629999999996
1096,502.87134000000003
1097,191.57608
1098,0.0
1099,0.0
1100,0.0
1101,0.0
1102,0.0
1103,0.0
1104,0.0
1105,0.0
1106,0.0
1107,0.0
1108,0.0
1109,0.0
1110,0.0
1111,0.0
1112,149.61478
1113,468.8456
1114,784.72794
1115,1028.173
1116,1156.8638999999998
1117,1155.5116
1118,1071.5088999999998
1119,840.7798
1120,546.41125
1121,196.76673000000002
1122,0.0
1123,0.0
1124,0.0
1125,0.0
1126,0.0
1127,0.0
1128,0.0
1129,0.0
1130,0.0
1131,0.0
1132,0.0
1133,0.0
1134,0.0
1135,0.0
1136,43.54152
1137,480.20784000000003
1138,798.51975
1139,1040.15225
1140,1170.4568000000002
1141,1174.3998000000001
1142,1087.7451
1143,873.8613
1144,461.245
1145,209.05327
1146,0.0
1147,0.0
1148,0.0
1149,0.0
1150,0.0
1151,0.0
1152,0.0
1153,0.0
1154,0.0
1155,0.0
1156,0.0
1157,0.0
1158,0.0
1159,0.0
1160,135.13508
1161,484.4926
1162,787.2735600000001
1163,1024.81206
1164,456.4496
1165,202.64806
1166,314.15706
1167,681.7010600000001
1168,480.31853
1169,209.67039000000003
1170,0.0
1171,0.0
1172,0.0
1173,0.0
1174,0.0
1175,0.0
1176,0.0
1177,0.0
1178,0.0
1179,0.0
1180,0.0
1181,0.0
1182,0.0
1183,0.0
1184,108.62039999999999
1185,253.59145
1186,110.61752
1187,938.56575
1188,598.55444
1189,1170.8905
1190,893.8086999999999
1191,727.7387
1192,567.9426
1193,218.44472
1194,0.0
1195,0.0
1196,0.0
1197,0.0
1198,0.0
1199,0.0
1200,0.0
1201,0.0
1202,0.0
1203,0.0
1204,0.0
1205,0.0
1206,0.0
1207,0.0
1208,173.40189
1209,504.9307
1210,722.9661
1211,1064.3318000000002
1212,1196.9504
1213,1214.81
1214,1117.9166
1215,890.7159
1216,429.10384000000005
1217,229.49804999999998
1218,0.0
1219,0.0
1220,0.0
1221,0.0
1222,0.0
1223,0.0
1224,0.0
1225,0.0
1226,0.0
1227,0.0
1228,0.0
1229,0.0
1230,0.0
1231,0.0
1232,186.965
1233,500.12284000000005
1234,704.2982
1235,1062.2326
1236,1054.2558000000001
1237,1210.6166
1238,1072.7276000000002
1239,902.7931
1240,585.4963
1241,234.76903
1242,0.0
1243,0.0
1244,0.0
1245,0.0
1246,0.0
1247,0.0
1248,0.0
1249,0.0
1250,0.0
1251,0.0
1252,0.0
1253,0.0
1254,0.0
1255,0.0
1256,118.71647999999999
1257,521.63447
1258,240.49435999999997
1259,147.48617000000002
1260,165.1215
1261,169.95204999999999
1262,196.80023
1263,248.76706
1264,257.97747
1265,242.56527
1266,0.45696985
1267,0.0
1268,0.0
1269,0.0
1270,0.0
1271,0.0
1272,0.0
1273,0.0
1274,0.0
1275,0.0
1276,0.0
1277,0.0
1278,0.0
1279,0.0
1280,200.36336
1281,547.9042
1282,775.2679
1283,1092.6901
1284,1240.4458
1285,1232.4928
1286,1137.5685
1287,921.914
1288,603.2250600000001
1289,250.17534
1290,1.5988903
1291,0.0
1292,0.0
1293,0.0
1294,0.0
1295,0.0
1296,0.0
1297,0.0
1298,0.0
1299,0.0
1300,0.0
1301,0.0
1302,0.0
1303,0.0
1304,111.02914999999999
1305,512.5391599999999
1306,456.6899
1307,146.59189
1308,164.06389000000001
1309,386.77747
1310,155.3458
1311,129.2391
1312,85.51301600000001
1313,262.15209999999996
1314,1.590872
1315,0.0
1316,0.0
1317,0.0
1318,0.0
1319,0.0
1320,0.0
1321,0.0
1322,0.0
1323,0.0
1324,0.0
1325,0.0
1326,0.0
1327,0.0
1328,129.62202
1329,553.4413000000001
1330,120.85222999999999
1331,146.82828
1332,175.27360000000002
1333,169.61123
1334,166.139
1335,435.59956
1336,427.98429999999996
1337,270.81178000000006
1338,1.592557
1339,0.0
1340,0.0
1341,0.0
1342,0.0
1343,0.0
1344,0.0
1345,0.0
1346,0.0
1347,0.0
1348,0.0
1349,0.0
1350,0.0
1351,0.0
1352,216.6523
1353,588.7171
1354,904.0344
1355,1115.9085
1356,830.7477
1357,169.35869
1358,154.8525
1359,371.16684000000004
1360,629.36975
1361,270.67256
1362,3.1883052
1363,0.0
1364,0.0
1365,0.0
1366,0.0
1367,0.0
1368,0.0
1369,0.0
1370,0.0
1371,0.0
1372,0.0
1373,0.0
1374,0.0
1375,0.0
1376,235.22145
1377,602.8686
1378,921.17694
1379,1144.4189
1380,1272.0768999999998
1381,1286.2264
1382,1179.9941000000001
1383,606.46256
1384,577.9593000000001
1385,284.21034000000003
1386,4.599814500000001
1387,0.0
1388,0.0
1389,0.0
1390,0.0
1391,0.0
1392,0.0
1393,0.0
1394,0.0
1395,0.0
1396,0.0
1397,0.0
1398,0.0
1399,0.0
1400,141.48747
1401,612.70344
1402,948.0764
1403,1182.93
1404,1297.6725
1405,1313.4334
1406,1202.8079
1407,669.4495
1408,412.4112
1409,296.10178
1410,5.759158
1411,0.0
1412,0.0
1413,0.0
1414,0.0
1415,0.0
1416,0.0
1417,0.0
1418,0.0
1419,0.0
1420,0.0
1421,0.0
1422,0.0
1423,0.0
1424,242.61173000000002
1425,575.8225600000001
1426,895.3323
1427,1127.3855
1428,1248.5988
1429,1238.7011
1430,1146.0113999999999
1431,945.58475
1432,646.098
1433,280.6477
1434,9.233948
1435,0.0
1436,0.0
1437,0.0
1438,0.0
1439,0.0
1440,0.0
1441,0.0
1442,0.0
1443,0.0
1444,0.0
1445,0.0
1446,0.0
1447,0.0
1448,253.42625
1449,303.0692
1450,883.2968000000001
1451,1128.6354
1452,1251.2541
1453,1265.4959
1454,1160.8881000000001
1455,949.98575
1456,632.0414000000001
1457,282.0191
1458,11.004243
1459,0.0
1460,0.0
1461,0.0
1462,0.0
1463,0.0
1464,0.0
1465,0.0
1466,0.0
1467,0.0
1468,0.0
1469,0.0
1470,0.0
1471,0.0
1472,267.76978
1473,599.4216
1474,915.3410600000001
1475,1138.5986
1476,1261.4408999999998
1477,1272.3789
1478,1166.2978
1479,956.2735600000001
1480,663.0002
1481,298.3413
1482,12.978665999999999
1483,0.0
1484,0.0
1485,0.0
1486,0.0
1487,0.0
1488,0.0
1489,0.0
1490,0.0
1491,0.0
1492,0.0
1493,0.0
1494,0.0
1495,0.16843301
1496,261.40258
1497,609.87025
1498,929.94825
1499,1165.3918999999999
1500,1292.5674
1501,1302.6028000000001
1502,1065.6321
1503,945.8923000000001
1504,693.6274000000001
1505,309.43928000000005
1506,15.590254000000002
1507,0.0
1508,0.0
1509,0.0
1510,0.0
1511,0.0
1512,0.0
1513,0.0
1514,0.0
1515,0.0
1516,0.0
1517,0.0
1518,0.0
1519,0.019170850000000003
1520,275.11203
1521,628.3959
1522,950.87256
1523,1196.5168999999999
1524,1319.77
1525,1342.206
1526,1139.4741999999999
1527,860.2887
1528,664.9568
1529,328.05616
1530,18.255063999999997
1531,0.0
1532,0.0
1533,0.0
1534,0.0
1535,0.0
1536,0.0
1537,0.0
1538,0.0
1539,0.0
1540,0.0
1541,0.0
1542,0.0
1543,0.44229065
1544,290.31956
1545,358.957
1546,647.23325
1547,930.85406
1548,637.0411
1549,977.071
1550,1132.2298
1551,1007.2954
1552,695.03325
1553,331.3032
1554,22.320469
1555,0.0
1556,0.0
1557,0.0
1558,0.0
1559,0.0
1560,0.0
1561,0.0
1562,0.0
1563,0.0
1564,0.0
1565,0.0
1566,0.0
1567,0.38238495
1568,304.43638
1569,648.5907
1570,974.4225600000001
1571,1208.4864
1572,1330.1071000000002
1573,1344.1288
1574,1237.1792
1575,1001.7810999999999
1576,624.789
1577,304.31816
1578,24.853797
1579,0.0
1580,0.0
1581,0.0
1582,0.0
1583,0.0
1584,0.0
1585,0.0
1586,0.0
1587,0.0
1588,0.0
1589,0.0
1590,0.0
1591,0.9165131
1592,309.41297
1593,636.61844
1594,219.70551999999998
1595,973.77656
1596,592.7986999999999
1597,591.9552
1598,177.036
1599,387.35928
1600,357.18116
1601,342.92334000000005
1602,29.015428
1603,0.0
1604,0.0
1605,0.0
1606,0.0
1607,0.0
1608,0.0
1609,0.0
1610,0.0
1611,0.0
1612,0.0
1613,0.0
1614,0.0
1615,5.034127000000001
1616,330.54562
1617,356.25615999999997
1618,657.11756
1619,1214.6185
1620,1344.0361
1621,1353.9308
1622,1244.2468999999999
1623,1021.80906
1624,721.2066
1625,349.8542
1626,31.408849999999997
1627,0.0
1628,0.0
1629,0.0
1630,0.0
1631,0.0
1632,0.0
1633,0.0
1634,0.0
1635,0.0
1636,0.0
1637,0.0
1638,0.0
1639,2.945965
1640,321.16409999999996
1641,667.5622
1642,684.4921999999999
1643,167.72245
1644,238.65827
1645,657.51025
1646,606.8874000000001
1647,690.6454
1648,310.18453000000005
1649,100.52895
1650,42.9662
1651,0.0
1652,0.0
1653,0.0
1654,0.0
1655,0.0
1656,0.0
1657,0.0
1658,0.0
1659,0.0
1660,0.0
1661,0.0
1662,0.0
1663,4.488296
1664,330.03156
1665,679.8062
1666,989.7631
1667,1214.141
1668,1333.5751
1669,1346.827
1670,1246.672
1671,1025.5131999999999
1672,721.0595999999999
1673,356.81365999999997
1674,39.584445
1675,0.0
1676,0.0
1677,0.0
1678,0.0
1679,0.0
1680,0.0
1681,0.0
1682,0.0
1683,0.0
1684,0.0
1685,0.0
1686,0.0
1687,0.0
1688,335.40540000000004
1689,172.20036
1690,681.1434
1691,242.06960999999998
1692,193.07614
1693,188.81707999999998
1694,174.58588
1695,257.20748000000003
1696,177.99828
1697,231.14778
1698,4.0045623
1699,0.0
1700,0.0
1701,0.0
1702,0.0
1703,0.0
1704,0.0
1705,0.0
1706,0.0
1707,0.0
1708,0.0
1709,0.0
1710,0.0
1711,0.0
1712,215.34582999999998
1713,299.89025
1714,781.7440600000001
1715,244.03392000000002
1716,246.70856
1717,620.28156
1718,816.4600600000001
1719,1048.8496
1720,742.8025600000001
1721,376.21425
1722,49.362254
1723,0.0
1724,0.0
1725,0.0
1726,0.0
1727,0.0
1728,0.0
1729,0.0
1730,0.0
1731,0.0
1732,0.0
1733,0.0
1734,0.0
1735,0.0
1736,361.75071999999994
1737,698.3706999999999
1738,625.4267
1739,174.14228
1740,190.98694
1741,195.59908
1742,864.70994
1743,724.20625
1744,524.10822
1745,133.8765
1746,61.727137
1747,0.0
1748,0.0
1749,0.0
1750,0.0
1751,0.0
1752,0.0
1753,0.0
1754,0.0
1755,0.0
1756,0.0
1757,0.0
1758,0.0
1759,0.0
1760,133.30651999999998
1761,158.49144
1762,239.15220000000002
1763,529.3402
1764,823.6628000000001
1765,870.2597
1766,1264.3215
1767,684.3833000000001
1768,637.6924399999999
1769,225.79392
1770,65.38347
1771,0.0
1772,0.0
1773,0.0
1774,0.0
1775,0.0
1776,0.0
1777,0.0
1778,0.0
1779,0.0
1780,0.0
1781,0.0
1782,0.0
1783,0.0
1784,385.72103000000004
1785,307.76372
1786,438.44378
1787,678.7609
1788,1166.2485
1789,833.3670999999999
1790,772.6116
1791,413.14253
1792,296.39525
1793,208.86685999999997
1794,68.10664
1795,0.0
1796,0.0
1797,0.0
1798,0.0
1799,0.0
1800,0.0
1801,0.0
1802,0.0
1803,0.0
1804,0.0
1805,0.0
1806,0.0
1807,0.0
1808,399.59040000000005
1809,747.76575
1810,1079.5041999999999
1811,1291.2371
1812,1413.4296000000002
1813,1416.821
1814,1296.8489
1815,1087.6531
1816,774.2543000000001
1817,404.18553
1818,72.71791
1819,0.0
1820,0.0
1821,0.0
1822,0.0
1823,0.0
1824,0.0
1825,0.0
1826,0.0
1827,0.0
1828,0.0
1829,0.0
1830,0.0
1831,0.0
1832,412.44194
1833,774.47675
1834,1078.3746
1835,1313.5211000000002
1836,1425.1841000000002
1837,1417.2161999999998
1838,1307.1014
1839,1107.8456
1840,791.7073
1841,407.275
1842,65.65414999999999
1843,0.0
1844,0.0
1845,0.0
1846,0.0
1847,0.0
1848,0.0
1849,0.0
1850,0.0
1851,0.0
1852,0.0
1853,0.0
1854,0.0
1855,0.0
1856,331.99328
1857,608.6333000000001
1858,812.7115600000001
1859,1131.1878000000002
1860,1098.3704
1861,1012.7599399999999
1862,1154.7681
1863,798.5797
1864,759.7158000000001
1865,338.45828
1866,84.12922
1867,0.0
1868,0.0
1869,0.0
1870,0.0
1871,0.0
1872,0.0
1873,0.0
1874,0.0
1875,0.0
1876,0.0
1877,0.0
1878,0.0
1879,0.0
1880,414.589
1881,767.70925
1882,1067.8821
1883,1295.6878000000002
1884,1403.5031999999999
1885,1417.1728
1886,1304.2908
1887,1087.2695
1888,344.00303
1889,186.4967
1890,44.377402000000004
1891,0.0
1892,0.0
1893,0.0
1894,0.0
1895,0.0
1896,0.0
1897,0.0
1898,0.0
1899,0.0
1900,0.0
1901,0.0
1902,0.0
1903,0.0
1904,198.11435999999998
1905,207.08211
1906,962.6379000000001
1907,852.6142
1908,551.329
1909,1006.4285600000001
1910,1326.8101000000001
1911,1100.5734
1912,310.71088000000003
1913,343.58606
1914,93.85064
1915,0.0
1916,0.0
1917,0.0
1918,0.0
1919,0.0
1920,0.0
1921,0.0
1922,0.0
1923,0.0
1924,0.0
1925,0.0
1926,0.0
1927,132.20919
1928,369.13512
1929,524.7321999999999
1930,755.99706
1931,904.5405999999999
1932,1419.8891999999998
1933,1430.9719
1934,1311.859
1935,477.02156
1936,347.90547
1937,419.71634
1938,91.74144500000001
1939,0.0
1940,0.0
1941,0.0
1942,0.0
1943,0.0
1944,0.0
1945,0.0
1946,0.0
1947,0.0
1948,0.0
1949,0.0
1950,0.0
1951,100.76582
1952,443.39653000000004
1953,801.0945
1954,1103.0119
1955,1317.8448
1956,1424.4819
1957,1427.3572
1958,1329.3289
1959,1106.5703999999998
1960,807.5345
1961,393.71303
1962,91.53622
1963,0.0
1964,0.0
1965,0.0
1966,0.0
1967,0.0
1968,0.0
1969,0.0
1970,0.0
1971,0.0
1972,0.0
1973,0.0
1974,0.0
1975,117.9756
1976,425.73284
1977,748.04575
1978,1024.9501
1979,972.6827
1980,1282.0139
1981,973.4984000000001
1982,899.1511999999999
1983,1123.0284
1984,825.7253000000001
1985,453.5763
1986,107.36153999999999
1987,0.0
1988,0.0
1989,0.0
1990,0.0
1991,0.0
1992,0.0
1993,0.0
1994,0.0
1995,0.0
1996,0.0
1997,0.0
1998,0.0
1999,113.75634
2000,478.20162
2001,593.59806
2002,811.5903000000001
2003,970.433
2004,1186.9111
2005,1178.4849
2006,1110.7329
2007,1177.2909
2008,742.5578
2009,310.2908
2010,93.41973
2011,0.0
2012,0.0
2013,0.0
2014,0.0
2015,0.0
2016,0.0
2017,0.0
2018,0.0
2019,0.0
2020,0.0
2021,0.0
2022,0.0
2023,147.93534
2024,489.15921999999995
2025,863.3134399999999
2026,1172.8255
2027,1407.6265
2028,1502.1538999999998
2029,1502.9866000000002
2030,1385.8171
2031,1141.7345
2032,838.4645
2033,484.86088
2034,116.44462
2035,0.0
2036,0.0
2037,0.0
2038,0.0
2039,0.0
2040,0.0
2041,0.0
2042,0.0
2043,0.0
2044,0.0
2045,0.0
2046,0.0
2047,122.89204
2048,438.37638
2049,730.4265600000001
2050,1037.5123
2051,1379.5464
2052,1483.7205
2053,1250.1444
2054,901.2440600000001
2055,763.3355
2056,832.0284
2057,470.9097
2058,117.23278
2059,0.0
2060,0.0
2061,0.0
2062,0.0
2063,0.0
2064,0.0
2065,0.0
2066,0.0
2067,0.0
2068,0.0
2069,0.0
2070,0.0
2071,151.96295
2072,498.57112
2073,808.323
2074,1120.3079
2075,1250.5434
2076,1245.3744
2077,1296.9438
2078,1287.5531
2079,817.902
2080,303.56103
2081,164.62682999999998
2082,85.61688000000001
2083,0.0
2084,0.0
2085,0.0
2086,0.0
2087,0.0
2088,0.0
2089,0.0
2090,0.0
2091,0.0
2092,0.0
2093,0.0
2094,0.0
2095,75.01805999999999
2096,186.33680999999999
2097,247.85647
2098,719.66094
2099,1092.894
2100,775.1966
2101,488.68122
2102,613.4230600000001
2103,235.66379999999998
2104,244.70261
2105,148.59628
2106,44.835223
2107,0.0
2108,0.0
2109,0.0
2110,0.0
2111,0.0
2112,0.0
2113,0.0
2114,0.0
2115,0.0
2116,0.0
2117,0.0
2118,0.0
2119,130.38984
2120,321.56784000000005
2121,331.18271999999996
2122,392.82559999999995
2123,1005.2264399999999
2124,861.0488
2125,624.1910600000001
2126,444.78334
2127,443.22112
2128,321.31594
2129,191.43394
2130,98.64774
2131,0.0
2132,0.0
2133,0.0
2134,0.0
2135,0.0
2136,0.0
2137,0.0
2138,0.0
2139,0.0
2140,0.0
2141,0.0
2142,0.0
2143,156.7874
2144,524.27853
2145,871.2678000000001
2146,1132.5328
2147,1386.1701
2148,1483.0719
2149,546.25775
2150,484.29909999999995
2151,186.3887
2152,378.53128000000004
2153,225.86031
2154,21.400217
2155,0.0
2156,0.0
2157,0.0
2158,0.0
2159,0.0
2160,0.0
2161,0.0
2162,0.0
2163,0.0
2164,0.0
2165,0.0
2166,0.0
2167,123.01747
2168,153.77344
2169,251.766
2170,382.40988
2171,410.60894
2172,359.47540000000004
2173,374.6399
2174,276.33403000000004
2175,377.44125
2176,306.4705
2177,120.11067999999999
2178,72.212664
2179,0.0
2180,0.0
2181,0.0
2182,0.0
2183,0.0
2184,0.0
2185,0.0
2186,0.0
2187,0.0
2188,0.0
2189,0.0
2190,0.0
2191,179.86775
2192,485.48525
2193,418.30825
2194,324.7497
2195,1280.5721
2196,1270.4125
2197,488.17638
2198,1161.9055
2199,691.8491
2200,675.65106
2201,238.36111
2202,124.90225
2203,0.0
2204,0.0
2205,0.0
2206,0.0
2207,0.0
2208,0.0
2209,0.0
2210,0.0
2211,0.0
2212,0.0
2213,0.0
2214,0.0
2215,29.043405999999997
2216,392.5099
2217,272.9574
2218,421.53065999999995
2219,188.99819
2220,203.19212
2221,349.47
2222,197.59311
2223,154.62194
2224,121.53613
2225,70.28669000000001
2226,21.15799
2227,0.0
2228,0.0
2229,0.0
2230,0.0
2231,0.0
2232,0.0
2233,0.0
2234,0.0
2235,0.0
2236,0.0
2237,0.0
2238,0.0
2239,212.66189000000003
2240,142.24867
2241,173.09844
2242,699.9428
2243,1194.6028000000001
2244,519.0795
2245,365.25775
2246,249.52734
2247,488.31844
2248,749.7605
2249,503.42584000000005
2250,153.21558
2251,0.0
2252,0.0
2253,0.0
2254,0.0
2255,0.0
2256,0.0
2257,0.0
2258,0.0
2259,0.0
2260,0.0
2261,0.0
2262,0.0
2263,45.744848
2264,130.19611
2265,131.24353
2266,168.75275
2267,237.49833999999998
2268,220.95717000000002
2269,217.09962
2270,212.26230999999999
2271,316.06788
2272,360.00225
2273,149.04464000000002
2274,27.796014
2275,0.0
2276,0.0
2277,0.0
2278,0.0
2279,0.0
2280,0.0
2281,0.0
2282,0.0
2283,0.0
2284,0.0
2285,0.0
2286,0.0
2287,141.72467
2288,177.29108
2289,138.89862
2290,176.64525
2291,204.30589
2292,220.2085
2293,216.86329999999998
2294,342.73284
2295,373.75038
2296,620.84375
2297,511.812
2298,159.71689
2299,0.0
2300,0.0
2301,0.0
2302,0.0
2303,0.0
2304,0.0
2305,0.0
2306,0.0
2307,0.0
2308,0.0
2309,0.0
2310,0.0
2311,220.66934
2312,568.5473000000001
2313,904.6086
2314,1147.0418
2315,1019.2515999999999
2316,520.57606
2317,1459.2856000000002
2318,1350.2958999999998
2319,1136.0845
2320,824.7773000000001
2321,479.47834
2322,162.15744
2323,0.0
2324,0.0
2325,0.0
2326,0.0
2327,0.0
2328,0.0
2329,0.0
2330,0.0
2331,0.0
2332,0.0
2333,0.0
2334,0.1795085
2335,232.75207999999998
2336,585.42406
2337,916.4436
2338,1055.6206000000002
2339,1037.4446
2340,1311.2791000000002
2341,508.9251
2342,499.3372
2343,187.91608
2344,143.10667
2345,98.66417
2346,29.75758
2347,0.0
2348,0.0
2349,0.0
2350,0.0
2351,0.0
2352,0.0
2353,0.0
2354,0.0
2355,0.0
2356,0.0
2357,0.0
2358,0.013284186
2359,195.15595000000002
2360,270.4504
2361,140.51439000000002
2362,310.39938
2363,400.0911
2364,890.6976
2365,668.6214399999999
2366,221.19983
2367,233.5674
2368,521.7797
2369,192.07323000000002
2370,183.46444
2371,0.0
2372,0.0
2373,0.0
2374,0.0
2375,0.0
2376,0.0
2377,0.0
2378,0.0
2379,0.0
2380,0.0
2381,0.0
2382,0.4307056
2383,242.7911
2384,594.1299
2385,951.9745600000001
2386,1235.433
2387,1433.9551000000001
2388,1538.9895
2389,1524.3755
2390,1369.5628000000002
2391,185.02638000000002
2392,309.64478
2393,97.34147999999999
2394,57.433370000000004
2395,0.0
2396,0.0
2397,0.0
2398,0.0
2399,0.0
2400,0.0
2401,0.0
2402,0.0
2403,0.0
2404,0.0
2405,0.0
2406,0.17791994
2407,55.325199999999995
2408,90.93337
2409,141.02789
2410,179.13778
2411,217.59116
2412,222.23272
2413,352.20762
2414,283.72484000000003
2415,246.23414000000002
2416,199.82989999999998
2417,160.16345
2418,29.705672
2419,0.0
2420,0.0
2421,0.0
2422,0.0
2423,0.0
2424,0.0
2425,0.0
2426,0.0
2427,0.0
2428,0.0
2429,0.0
2430,1.6985142
2431,144.57683
2432,330.1373
2433,962.4308000000001
2434,1243.1698000000001
2435,1437.6285
2436,1327.5762
2437,826.13794
2438,1112.2462
2439,1059.141
2440,778.5196
2441,270.39562
2442,87.65872
2443,0.0
2444,0.0
2445,0.0
2446,0.0
2447,0.0
2448,0.0
2449,0.0
2450,0.0
2451,0.0
2452,0.0
2453,0.0
2454,1.6327446
2455,276.1096
2456,639.4096999999999
2457,979.06475
2458,1249.8818999999999
2459,1461.5564
2460,1556.5619
2461,1542.488
2462,1422.7029
2463,1204.8278
2464,900.3215600000001
2465,548.5284399999999
2466,193.29004999999998
2467,0.0
2468,0.0
2469,0.0
2470,0.0
2471,0.0
2472,0.0
2473,0.0
2474,0.0
2475,0.0
2476,0.0
2477,0.0
2478,2.5735671
2479,273.62553
2480,629.0735
2481,914.7635600000001
2482,1200.8638999999998
2483,1401.179
2484,1472.5761
2485,1461.8721
2486,1241.5731
2487,896.6438
2488,499.13975
2489,304.4253
2490,145.0478
2491,0.77051855
2492,0.0
2493,0.0
2494,0.0
2495,0.0
2496,0.0
2497,0.0
2498,0.0
2499,0.0
2500,0.0
2501,0.0
2502,0.0
2503,108.06253
2504,157.36876999999998
2505,210.6804
2506,406.15778
2507,343.75359999999995
2508,592.9878
2509,919.8154000000001
2510,597.01606
2511,240.83205999999998
2512,177.98466
2513,115.64487
2514,30.98618
2515,0.17907143
2516,0.0
2517,0.0
2518,0.0
2519,0.0
2520,0.0
2521,0.0
2522,0.0
2523,0.0
2524,0.0
2525,0.0
2526,0.0
2527,79.19045
2528,288.60747
2529,559.1952
2530,1132.9428
2531,1368.3031
2532,1387.8465
2533,1135.1354
2534,979.434
2535,902.1064399999999
2536,669.0335
2537,562.0172
2538,209.86189000000002
2539,1.211806
2540,0.0
2541,0.0
2542,0.0
2543,0.0
2544,0.0
2545,0.0
2546,0.0
2547,0.0
2548,0.0
2549,0.0
2550,0.0
2551,219.29294000000002
2552,330.08547
2553,398.54121999999995
2554,471.0103
2555,1348.0181
2556,595.6738
2557,244.98210999999998
2558,238.99408
2559,272.34362
2560,254.67260000000002
2561,212.85095
2562,98.26826
2563,0.7732800999999999
2564,0.0
2565,0.0
2566,0.0
2567,0.0
2568,0.0
2569,0.0
2570,0.0
2571,0.0
2572,0.0
2573,0.0
2574,0.0
2575,136.46558
2576,244.27792000000002
2577,364.20828
2578,477.5103
2579,843.07356
2580,946.4030600000001
2581,454.82044
2582,207.65173000000001
2583,414.50803
2584,175.90381
2585,95.94003
2586,74.51173399999999
2587,0.7808112
2588,0.0
2589,0.0
2590,0.0
2591,0.0
2592,0.0
2593,0.0
2594,0.0
2595,0.0
2596,0.0
2597,0.0
2598,0.0
2599,318.0716
2600,475.21338000000003
2601,852.20044
2602,865.5333
2603,770.4356
2604,633.10894
2605,1039.3401
2606,695.351
2607,599.45125
2608,865.1333000000001
2609,365.65853000000004
2610,138.11611
2611,6.8361149999999995
2612,0.0
2613,0.0
2614,0.0
2615,0.0
2616,0.0
2617,0.0
2618,0.0
2619,0.0
2620,0.0
2621,0.0
2622,0.0
2623,321.86156
2624,684.4534
2625,990.3983000000001
2626,1186.1624
2627,889.10294
2628,742.38575
2629,999.96906
2630,931.9011999999999
2631,315.71846999999997
2632,151.8606
2633,99.29473399999999
2634,54.26714
2635,1.7098947
2636,0.0
2637,0.0
2638,0.0
2639,0.0
2640,0.0
2641,0.0
2642,0.0
2643,0.0
2644,0.0
2645,0.0
2646,0.0
2647,171.91739
2648,449.8925
2649,361.48675
2650,447.57759999999996
2651,550.42975
2652,623.8781
2653,603.863
2654,560.57775
2655,717.0894000000001
2656,320.4025
2657,123.24347
2658,83.240336
2659,6.74804
2660,0.0
2661,0.0
2662,0.0
2663,0.0
2664,0.0
2665,0.0
2666,0.0
2667,0.0
2668,0.0
2669,0.0
2670,0.0
2671,87.75607000000001
2672,132.16895000000002
2673,144.97397
2674,192.47695000000002
2675,218.50175
2676,223.35808
2677,230.54926999999998
2678,206.71120000000002
2679,269.12934
2680,316.22112
2681,175.43448
2682,82.87616
2683,7.402526
2684,0.0
2685,0.0
2686,0.0
2687,0.0
2688,0.0
2689,0.0
2690,0.0
2691,0.0
2692,0.0
2693,0.0
2694,0.0
2695,144.67901999999998
2696,432.4837
2697,342.96203
2698,526.9794
2699,1421.2181
2700,1610.456
2701,1602.878
2702,1478.2438
2703,1230.8436000000002
2704,959.881
2705,609.3155
2706,243.58906
2707,9.370003
2708,0.0
2709,0.0
2710,0.0
2711,0.0
2712,0.0
2713,0.0
2714,0.0
2715,0.0
2716,0.0
2717,0.0
2718,0.0
2719,341.39246999999995
2720,706.2147
2721,1023.8114
2722,1262.2431000000001
2723,1492.4594
2724,1584.5249
2725,1568.0141999999998
2726,1453.7531000000001
2727,1228.4939
2728,955.19525
2729,597.2661999999999
2730,245.3689
2731,12.234128
2732,0.0
2733,0.0
2734,0.0
2735,0.0
2736,0.0
2737,0.0
2738,0.0
2739,0.0
2740,0.0
2741,0.0
2742,0.0
2743,345.80338
2744,712.8204000000001
2745,1041.92706
2746,1299.0623999999998
2747,1484.6238999999998
2748,1573.9746
2749,1544.1563999999998
2750,1437.5426
2751,1221.0491000000002
2752,931.82056
2753,594.3644
2754,252.86310999999998
2755,14.231633
2756,0.0
2757,0.0
2758,0.0
2759,0.0
2760,0.0
2761,0.0
2762,0.0
2763,0.0
2764,0.0
2765,0.0
2766,0.0
2767,335.09394
2768,652.373
2769,940.7098000000001
2770,1206.3969
2771,1482.6326000000001
2772,1538.6556
2773,1123.9145
2774,1292.5768999999998
2775,1159.8013999999998
2776,712.625
2777,483.32090000000005
2778,259.33425
2779,15.286727
2780,0.0
2781,0.0
2782,0.0
2783,0.0
2784,0.0
2785,0.0
2786,0.0
2787,0.0
2788,0.0
2789,0.0
2790,0.0
2791,244.42088
2792,338.82453000000004
2793,494.02259999999995
2794,507.9165
2795,401.69784000000004
2796,434.10388
2797,278.52259999999995
2798,350.2876
2799,218.83239
2800,193.27716
2801,139.84147000000002
2802,40.021977
2803,7.405669
2804,0.0
2805,0.0
2806,0.0
2807,0.0
2808,0.0
2809,0.0
2810,0.0
2811,0.0
2812,0.0
2813,0.0
2814,74.29623
2815,325.0553
2816,617.46994
2817,891.9519399999999
2818,1290.6712
2819,1512.054
2820,1525.2285
2821,1557.7911000000001
2822,1454.3663999999999
2823,1244.2528
2824,951.38794
2825,615.1735600000001
2826,271.09459999999996
2827,18.418025
2828,0.0
2829,0.0
2830,0.0
2831,0.0
2832,0.0
2833,0.0
2834,0.0
2835,0.0
2836,0.0
2837,0.0
2838,94.81099
2839,381.7502
2840,746.38756
2841,1086.5264
2842,1355.2845
2843,1544.9619
2844,1645.6549
2845,1602.3392
2846,1489.651
2847,1235.4425
2848,978.85825
2849,628.9143
2850,267.6265
2851,19.289158
2852,0.0
2853,0.0
2854,0.0
2855,0.0
2856,0.0
2857,0.0
2858,0.0
2859,0.0
2860,0.0
2861,0.0
2862,92.52561
2863,379.30503000000004
2864,745.3464399999999
2865,1076.3565
2866,1330.5306
2867,1500.0646000000002
2868,1612.1276
2869,1580.5342
2870,1450.5651
2871,1225.8528999999999
2872,940.7540600000001
2873,618.15875
2874,271.5628
2875,20.599828000000002
2876,0.0
2877,0.0
2878,0.0
2879,0.0
2880,0.0
2881,0.0
2882,0.0
2883,0.0
2884,0.0
2885,0.0
2886,96.132734
2887,256.58048
2888,646.65975
2889,1025.06575
2890,1244.3006
2891,1405.7276000000002
2892,871.3226
2893,1487.8042
2894,1341.5958999999998
2895,1146.6832
2896,532.61744
2897,458.33621999999997
2898,225.38803
2899,23.67043
2900,0.0
2901,0.0
2902,0.0
2903,0.0
2904,0.0
2905,0.0
2906,0.0
2907,0.0
2908,0.0
2909,0.0
2910,123.67687
2911,198.54647
2912,337.25197
2913,492.4375
2914,1037.9194
2915,330.98722
2916,537.7335
2917,712.4315
2918,1118.9591
2919,1120.1451000000002
2920,874.4671
2921,462.46770000000004
2922,169.23458
2923,21.073912
2924,0.0
2925,0.0
2926,0.0
2927,0.0
2928,0.0
2929,0.0
2930,0.0
2931,0.0
2932,0.0
2933,0.0
2934,110.70657000000001
2935,213.39982999999998
2936,106.46784
2937,153.75648
2938,231.78138
2939,299.575
2940,374.99856
2941,546.16156
2942,706.051
2943,890.1689399999999
2944,396.82620000000003
2945,219.32383
2946,172.28872
2947,21.0431
2948,0.0
2949,0.0
2950,0.0
2951,0.0
2952,0.0
2953,0.0
2954,0.0
2955,0.0
2956,0.0
2957,0.0
2958,77.01808
2959,184.64733999999999
2960,175.7852
2961,255.53766000000002
2962,267.77466
2963,410.53744
2964,1076.3908999999999
2965,989.21325
2966,433.91706
2967,961.6946999999999
2968,499.53270000000003
2969,346.14688
2970,167.80972
2971,31.467568
2972,0.0
2973,0.0
2974,0.0
2975,0.0
2976,0.0
2977,0.0
2978,0.0
2979,0.0
2980,0.0
2981,0.0
2982,75.6382
2983,251.95602
2984,324.603
2985,397.02446999999995
2986,374.55821999999995
2987,251.64556
2988,236.18439999999998
2989,252.92938
2990,219.47726999999998
2991,331.08903000000004
2992,425.20378000000005
2993,296.81406
2994,166.37535999999997
2995,32.760607
2996,0.0
2997,0.0
2998,0.0
2999,0.0
3000,0.0
3001,0.0
3002,0.0
3003,0.0
3004,0.0
3005,0.0
3006,34.31209
3007,217.91378
3008,373.55403
3009,1009.7975600000001
3010,614.8649399999999
3011,586.7715
3012,403.97922
3013,289.82746999999995
3014,538.4778
3015,957.7704399999999
3016,754.0826
3017,140.91761
3018,47.82682
3019,5.740484
3020,0.0
3021,0.0
3022,0.0
3023,0.0
3024,0.0
3025,0.0
3026,0.0
3027,0.0
3028,0.0
3029,0.0
3030,14.882241
3031,92.56438
3032,216.88531
3033,174.38881
3034,293.54997
3035,223.75010999999998
3036,240.69412
3037,474.7319
3038,1220.9551999999999
3039,1107.6062
3040,951.9026
3041,632.75844
3042,285.51640000000003
3043,34.277746
3044,0.0
3045,0.0
3046,0.0
3047,0.0
3048,0.0
3049,0.0
3050,0.0
3051,0.0
3052,0.0
3053,0.0
3054,122.13981
3055,395.70175
3056,735.34806
3057,1067.4134
3058,1312.541
3059,1500.6415
3060,1544.3608000000002
3061,1531.3211999999999
3062,1407.5531
3063,1220.9588
3064,922.5118
3065,568.6123
3066,273.52544
3067,38.865266000000005
3068,0.0
3069,0.0
3070,0.0
3071,0.0
3072,0.0
3073,0.0
3074,0.0
3075,0.0
3076,0.0
3077,0.0
3078,135.3702
3079,403.6821
3080,741.3535
3081,1044.27325
3082,1286.8724
3083,1476.3431
3084,1545.318
3085,1541.1422
3086,1391.6518999999998
3087,1161.2838000000002
3088,514.67988
3089,96.57957
3090,63.420043
3091,36.45028
3092,0.0
3093,0.0
3094,0.0
3095,0.0
3096,0.0
3097,0.0
3098,0.0
3099,0.0
3100,0.0
3101,0.0
3102,81.47874
3103,291.76428000000004
3104,467.47515999999996
3105,734.5048
3106,1019.7349
3107,1320.0656000000001
3108,1441.5285
3109,976.3784
3110,915.482
3111,512.20906
3112,888.09256
3113,607.79906
3114,307.63822
3115,25.617453
3116,0.0
3117,0.0
3118,0.0
3119,0.0
3120,0.0
3121,0.0
3122,0.0
3123,0.0
3124,0.0
3125,0.0
3126,98.40624000000001
3127,130.50107
3128,222.68684
3129,245.02051999999998
3130,271.1528
3131,307.27994
3132,712.4416
3133,449.69622
3134,530.30606
3135,529.7352
3136,859.4103
3137,109.04572999999999
3138,147.32848
3139,57.928402
3140,0.0
3141,0.0
3142,0.0
3143,0.0
3144,0.0
3145,0.0
3146,0.0
3147,0.0
3148,0.0
3149,0.0
3150,148.43438
3151,425.20734000000004
3152,770.75225
3153,796.6087
3154,1302.5792
3155,1553.1945
3156,1659.8561000000002
3157,1642.8622
3158,1524.3382
3159,1296.565
3160,1013.2076999999999
3161,664.4334
3162,321.66447
3163,40.149980000000006
3164,0.0
3165,0.0
3166,0.0
3167,0.0
3168,0.0
3169,0.0
3170,0.0
3171,0.0
3172,0.0
3173,0.0
3174,144.09973000000002
3175,417.69471999999996
3176,758.2839
3177,1088.8398
3178,1315.6191999999999
3179,1507.6908
3180,1610.9128999999998
3181,1568.7426
3182,1365.613
3183,1065.9051000000002
3184,929.2264
3185,641.5784
3186,298.8366
3187,51.320957
3188,0.0
3189,0.0
3190,0.0
3191,0.0
3192,0.0
3193,0.0
3194,0.0
3195,0.0
3196,0.0
3197,0.0
3198,144.37747
3199,410.91778000000005
3200,373.05920000000003
3201,197.27494000000002
3202,245.11438
3203,218.49447
3204,234.83331
3205,241.97739
3206,307.03022
3207,937.27375
3208,538.2758
3209,269.1266
3210,130.598555
3211,49.017043
3212,0.0
3213,0.0
3214,0.0
3215,0.0
3216,0.0
3217,0.0
3218,0.0
3219,0.0
3220,0.0
3221,0.0
3222,150.42967000000002
3223,404.0061
3224,719.86075
3225,1027.7102
3226,1278.092
3227,1454.2993999999999
3228,1542.5674
3229,1483.5821
3230,1409.2114
3231,1184.0088999999998
3232,929.7790600000001
3233,633.8154000000001
3234,296.64621999999997
3235,54.280742
3236,0.0
3237,0.0
3238,0.0
3239,0.0
3240,0.0
3241,0.0
3242,0.0
3243,0.0
3244,0.0
3245,0.0
3246,151.89169
3247,396.65228
3248,487.58396999999997
3249,1032.6813
3250,1309.502
3251,1434.7486000000001
3252,1544.815
3253,1546.5228
3254,1396.7986
3255,1195.9728
3256,940.9234
3257,626.60794
3258,318.01344
3259,55.66188
3260,0.0
3261,0.0
3262,0.0
3263,0.0
3264,0.0
3265,0.0
3266,0.0
3267,0.0
3268,0.0
3269,0.0
3270,75.61547999999999
3271,161.8306
3272,346.98225
3273,512.41922
3274,1128.6961999999999
3275,1428.7715
3276,1545.1156
3277,1442.7515
3278,1225.2502
3279,876.8305
3280,548.18975
3281,182.56512
3282,64.091523
3283,34.3217
3284,0.0
3285,0.0
3286,0.0
3287,0.0
3288,0.0
3289,0.0
3290,0.0
3291,0.0
3292,0.0
3293,0.0
3294,128.55929
3295,377.64070000000004
3296,645.27656
3297,1060.893
3298,1326.8192
3299,1476.5021000000002
3300,1497.3391000000001
3301,1485.3321
3302,1369.8986
3303,1042.69656
3304,833.5099399999999
3305,578.79644
3306,297.88046999999995
3307,68.948125
3308,0.0
3309,0.0
3310,0.0
3311,0.0
3312,0.0
3313,0.0
3314,0.0
3315,0.0
3316,0.0
3317,0.0
3318,169.99457999999998
3319,450.9407
3320,782.79
3321,1071.8751000000002
3322,1356.1144
3323,1509.9334
3324,1586.296
3325,1575.2862
3326,1420.5593999999999
3327,1236.66
3328,973.9638
3329,619.9094
3330,319.1106
3331,66.034516
3332,0.0
3333,0.0
3334,0.0
3335,0.0
3336,0.0
3337,0.0
3338,0.0
3339,0.0
3340,0.0
3341,0.0
3342,88.5323
3343,409.08862
3344,616.4697
3345,832.59825
3346,995.9935
3347,1072.2365
3348,1133.3209
3349,835.4201999999999
3350,862.658
3351,1161.146
3352,932.7404
3353,644.5828
3354,330.72116
3355,68.94460000000001
3356,0.0
3357,0.0
3358,0.0
3359,0.0
3360,0.0
3361,0.0
3362,0.0
3363,0.0
3364,0.0
3365,0.0
3366,56.82749
3367,148.93195
3368,158.84029999999998
3369,216.99253
3370,241.2752
3371,348.89446999999996
3372,365.65028
3373,1131.5296
3374,1053.2208
3375,914.696
3376,736.78875
3377,528.2076999999999
3378,285.1472
3379,60.351465
3380,0.0
3381,0.0
3382,0.0
3383,0.0
3384,0.0
3385,0.0
3386,0.0
3387,0.0
3388,0.0
3389,0.17940962
3390,134.21970000000002
3391,323.8506
3392,532.07575
3393,797.85325
3394,1186.8835
3395,967.7748
3396,1015.7299
3397,1381.6528
3398,1065.3165
3399,1024.6593
3400,789.0669
3401,182.7982
3402,358.68915999999996
3403,62.272934
3404,0.0
3405,0.0
3406,0.0
3407,0.0
3408,0.0
3409,0.0
3410,0.0
3411,0.0
3412,0.0
3413,0.18680241
3414,153.90895
3415,213.38448
3416,231.446
3417,386.63425
3418,472.56203000000005
3419,599.6209399999999
3420,804.9308000000001
3421,560.1249
3422,822.2949
3423,1011.0232
3424,469.05025
3425,367.81059999999997
3426,86.24232
3427,33.081957
3428,0.0
3429,0.0
3430,0.0
3431,0.0
3432,0.0
3433,0.0
3434,0.0
3435,0.0
3436,0.0
3437,0.019072268
3438,171.02033
3439,373.21603000000005
3440,287.22661999999997
3441,530.9944
3442,313.80853
3443,243.29225
3444,414.93165999999997
3445,377.09188
3446,581.1395
3447,442.53856
3448,172.82344
3449,165.11145000000002
3450,102.221445
3451,73.04401
3452,0.0
3453,0.0
3454,0.0
3455,0.0
3456,0.0
3457,0.0
3458,0.0
3459,0.0
3460,0.0
3461,0.8426484000000001
3462,182.15211
3463,452.91020000000003
3464,769.3394000000001
3465,637.14256
3466,764.8628
3467,854.7391
3468,267.53515999999996
3469,243.97711999999999
3470,231.0721
3471,285.46812
3472,466.4156
3473,665.57506
3474,245.07127
3475,74.46794
3476,0.0
3477,0.0
3478,0.0
3479,0.0
3480,0.0
3481,0.0
3482,0.0
3483,0.0
3484,0.0
3485,0.4248501
3486,184.62205
3487,448.62762
3488,501.2276
3489,959.5679399999999
3490,1203.8622
3491,853.0027
3492,626.9436
3493,820.6985
3494,776.7759
3495,569.582
3496,404.81384
3497,261.70498000000003
3498,133.84845
3499,58.108410000000006
3500,0.0
3501,0.0
3502,0.0
3503,0.0
3504,0.0
3505,0.0
3506,0.0
3507,0.0
3508,0.0
3509,0.78252875
3510,133.5384
3511,287.1538
3512,757.6295600000001
3513,1052.6328
3514,795.4298
3515,361.35846999999995
3516,1539.8023999999998
3517,1167.5158000000001
3518,578.172
3519,272.48875
3520,217.98169000000001
3521,316.82938
3522,51.877273
3523,15.025522
3524,0.0
3525,0.0
3526,0.0
3527,0.0
3528,0.0
3529,0.0
3530,0.0
3531,0.0
3532,0.0
3533,0.4583782
3534,177.02695
3535,459.6441
3536,798.57925
3537,1114.4276
3538,1241.551
3539,1376.0245
3540,815.5258
3541,885.3253000000001
3542,688.4878
3543,354.9473
3544,343.99428
3545,680.6331
3546,347.23747
3547,88.44396
3548,0.0
3549,0.0
3550,0.0
3551,0.0
3552,0.0
3553,0.0
3554,0.0
3555,0.0
3556,0.0
3557,1.3657126000000002
3558,178.19436
3559,448.64178000000004
3560,775.55925
3561,691.6480600000001
3562,477.83759999999995
3563,1174.5879
3564,823.19775
3565,1060.1183999999998
3566,1056.7385
3567,992.6115
3568,1003.47
3569,696.2268
3570,359.46003
3571,92.09182000000001
3572,0.0
3573,0.0
3574,0.0
3575,0.0
3576,0.0
3577,0.0
3578,0.0
3579,0.0
3580,0.0
3581,1.3901244
3582,193.03182999999999
3583,452.67884000000004
3584,813.0690999999999
3585,1110.1871
3586,1315.9491
3587,1499.6186
3588,1486.1586000000002
3589,1497.773
3590,1185.592
3591,1014.3448000000001
3592,530.4522
3593,362.11288
3594,237.19420000000002
3595,73.77628999999999
3596,0.0
3597,0.0
3598,0.0
3599,0.0
3600,0.0
3601,0.0
3602,0.0
3603,0.0
3604,0.0
3605,0.97024854
3606,193.40035999999998
3607,304.94494
3608,570.65125
3609,385.76678000000004
3610,375.13078
3611,328.85228
3612,802.9638
3613,728.2646
3614,505.06197
3615,306.01847
3616,149.78722
3617,107.69695
3618,59.089207
3619,14.843435
3620,0.0
3621,0.0
3622,0.0
3623,0.0
3624,0.0
3625,0.0
3626,0.0
3627,0.0
3628,0.0
3629,0.996478
3630,173.79764
3631,450.1735
3632,763.68544
3633,1026.4162
3634,1277.7361
3635,1434.5361
3636,1462.8524
3637,1486.9414
3638,1393.2186000000002
3639,1226.9646
3640,933.7221
3641,677.7833
3642,243.35277
3643,39.022016
3644,0.0
3645,0.0
3646,0.0
3647,0.0
3648,0.0
3649,0.0
3650,0.0
3651,0.0
3652,0.0
3653,1.760413
3654,141.02372
3655,207.42766
3656,356.21353000000005
3657,620.411
3658,772.506
3659,451.55684
3660,417.02729999999997
3661,686.8764399999999
3662,1314.0168999999999
3663,480.98112
3664,425.64016
3665,109.77776
3666,137.40758
3667,21.563754
3668,0.0
3669,0.0
3670,0.0
3671,0.0
3672,0.0
3673,0.0
3674,0.0
3675,0.0
3676,0.0
3677,0.17999207
3678,39.419796999999996
3679,77.500734
3680,115.85210000000001
3681,164.33447
3682,331.28656
3683,724.54775
3684,327.76047
3685,334.68478000000005
3686,399.4351
3687,265.10425
3688,154.52522
3689,147.75289
3690,128.61642999999998
3691,27.867309000000002
3692,0.0
3693,0.0
3694,0.0
3695,0.0
3696,0.0
3697,0.0
3698,0.0
3699,0.0
3700,0.0
3701,0.7822776
3702,53.402293
3703,76.28808599999999
3704,114.07298399999999
3705,163.88831
3706,202.89538000000002
3707,229.87388
3708,257.00947
3709,242.59439
3710,256.96897
3711,339.1502
3712,255.18489000000002
3713,234.2742
3714,67.72802
3715,27.478967
3716,0.0
3717,0.0
3718,0.0
3719,0.0
3720,0.0
3721,0.0
3722,0.0
3723,0.0
3724,0.0
3725,0.7819494
3726,66.83566
3727,111.74995
3728,271.42788
3729,252.24952
3730,352.43256
3731,460.23515999999995
3732,402.11784
3733,424.99434
3734,366.51588
3735,359.2234
3736,444.64478
3737,227.2311
3738,371.66588
3739,108.12048
3740,0.0
3741,0.0
3742,0.0
3743,0.0
3744,0.0
3745,0.0
3746,0.0
3747,0.0
3748,0.0
3749,1.7533642999999999
3750,197.01460999999998
3751,492.3406
3752,807.89125
3753,1105.889
3754,1338.6902
3755,1510.4815
3756,1593.9694
3757,1570.4976000000001
3758,1458.024
3759,1266.5306
3760,1033.4772
3761,705.7214
3762,380.89303
3763,110.32618
3764,0.0
3765,0.0
3766,0.0
3767,0.0
3768,0.0
3769,0.0
3770,0.0
3771,0.0
3772,0.0
3773,1.7515691
3774,182.80047
3775,445.46871999999996
3776,766.1375
3777,1029.22444
3778,1315.5339
3779,1494.9325
3780,1566.7891000000002
3781,1569.2831999999999
3782,1466.0616
3783,1260.9256
3784,679.6826
3785,677.0933
3786,372.78616
3787,108.56108
3788,0.0
3789,0.0
3790,0.0
3791,0.0
3792,0.0
3793,0.0
3794,0.0
3795,0.0
3796,0.0
3797,1.8194024999999998
3798,181.30897
3799,439.73312
3800,764.6052
3801,815.94544
3802,1295.0178
3803,1435.3369
3804,1374.5758999999998
3805,1497.585
3806,1372.2029
3807,990.3091
3808,951.8596
3809,456.35588
3810,351.81172
3811,99.44657000000001
3812,0.0
3813,0.0
3814,0.0
3815,0.0
3816,0.0
3817,0.0
3818,0.0
3819,0.0
3820,0.0
3821,2.793638
3822,182.75166000000002
3823,448.156
3824,740.1778
3825,1048.9105
3826,1267.5256000000002
3827,1403.9571
3828,1487.311
3829,1484.1138999999998
3830,1343.4946
3831,979.22356
3832,951.17606
3833,646.47325
3834,338.97553000000005
3835,106.83604
3836,0.0
3837,0.0
3838,0.0
3839,0.0
3840,0.0
3841,0.0
3842,0.0
3843,0.0
3844,0.0
3845,4.3144653
3846,170.84664
3847,425.13103
3848,695.3374
3849,912.43456
3850,710.3011
3851,562.0530600000001
3852,1314.5005
3853,911.8447
3854,1218.9814
3855,673.1153
3856,957.9209000000001
3857,552.2509
3858,148.22606
3859,47.284188
3860,0.0
3861,0.0
3862,0.0
3863,0.0
3864,0.0
3865,0.0
3866,0.0
3867,0.0
3868,0.0
3869,0.7899735
3870,65.274832
3871,109.74455999999999
3872,341.1449
3873,838.54506
3874,391.4428
3875,478.08678000000003
3876,632.8552
3877,591.3533
3878,501.59088
3879,1047.6718
3880,987.6031999999999
3881,485.58956
3882,382.17321999999996
3883,113.92155
3884,0.0
3885,0.0
3886,0.0
3887,0.0
3888,0.0
3889,0.0
3890,0.0
3891,0.0
3892,0.0
3893,0.18204759
3894,37.11941
3895,279.38620000000003
3896,345.85515999999996
3897,429.9784
3898,473.60470000000004
3899,443.11228000000006
3900,454.10644
3901,884.5387
3902,1315.5331999999999
3903,1072.0258999999999
3904,818.58625
3905,456.97371999999996
3906,184.13705
3907,130.633125
3908,0.0
3909,0.0
3910,0.0
3911,0.0
3912,0.0
3913,0.0
3914,0.0
3915,0.0
3916,0.0
3917,1.7252946999999998
3918,81.28580000000001
3919,291.41678
3920,147.69188
3921,335.70006
3922,317.62955999999997
3923,238.61389000000003
3924,338.303
3925,1259.3426000000002
3926,1243.0738999999999
3927,1264.359
3928,555.49756
3929,307.6232
3930,168.36673000000002
3931,43.24289
3932,0.0
3933,0.0
3934,0.0
3935,0.0
3936,0.0
3937,0.0
3938,0.0
3939,0.0
3940,0.0
3941,1.9772892
3942,182.11453
3943,353.80409999999995
3944,402.96694
3945,689.4696
3946,527.2060600000001
3947,375.92688
3948,863.4875
3949,1170.3229
3950,1438.5893999999998
3951,1181.7136
3952,524.4256
3953,228.81317
3954,86.22044500000001
3955,90.637016
3956,0.0
3957,0.0
3958,0.0
3959,0.0
3960,0.0
3961,0.0
3962,0.0
3963,0.0
3964,0.0
3965,2.8337307000000003
3966,184.77138
3967,442.02525
3968,598.3201
3969,514.05506
3970,933.2199
3971,1314.7318
3972,1367.7992
3973,882.9195
3974,1083.3669
3975,1191.7368999999999
3976,205.29214000000002
3977,715.28744
3978,400.53797
3979,70.22600999999999
3980,0.0
3981,0.0
3982,0.0
3983,0.0
3984,0.0
3985,0.0
3986,0.0
3987,0.0
3988,0.0
3989,2.0199816
3990,179.73660999999998
3991,470.99316
3992,784.8905
3993,1076.805
3994,1319.1355
3995,1480.3962
3996,427.44746999999995
3997,1374.4301
3998,1460.1536
3999,1234.382
4000,974.1825
4001,704.2116
4002,320.97706
4003,91.2739
4004,0.0
4005,0.0
4006,0.0
4007,0.0
4008,0.0
4009,0.0
4010,0.0
4011,0.0
4012,0.0
4013,4.6740195
4014,155.7357
4015,464.13246999999996
4016,770.5420600000001
4017,1074.129
4018,999.706
4019,638.3342
4020,950.4635999999999
4021,1505.426
4022,1260.8596
4023,882.98675
4024,989.7450600000001
4025,329.10470000000004
4026,363.3747
4027,118.78339
4028,0.0
4029,0.0
4030,0.0
4031,0.0
4032,0.0
4033,0.0
4034,0.0
4035,0.0
4036,0.0
4037,1.9586257
4038,180.72723000000002
4039,430.36622
4040,760.2555600000001
4041,1080.9338
4042,1306.4846
4043,1474.1241
4044,1557.4298000000001
4045,1529.6575
4046,1418.0471
4047,1208.362
4048,1022.1869399999999
4049,705.1590600000001
4050,413.20344
4051,119.15541400000001
4052,0.0
4053,0.0
4054,0.0
4055,0.0
4056,0.0
4057,0.0
4058,0.0
4059,0.0
4060,0.0
4061,0.7889396000000001
4062,50.956977
4063,286.363
4064,275.36444
4065,245.54954999999998
4066,229.20553
4067,436.58365999999995
4068,588.2833
4069,719.96225
4070,565.9528
4071,274.24346999999995
4072,352.02946999999995
4073,108.26424
4074,142.20301999999998
4075,42.650438
4076,0.0
4077,0.0
4078,0.0
4079,0.0
4080,0.0
4081,0.0
4082,0.0
4083,0.0
4084,0.0
4085,1.8101224
4086,168.41247
4087,363.76822
4088,639.1299
4089,844.35325
4090,996.32944
4091,1314.0374
4092,1437.8128000000002
4093,1397.2641
4094,993.1349
4095,1157.3389
4096,777.4559399999999
4097,506.20279999999997
4098,249.86747
4099,115.64605999999999
4100,0.0
4101,0.0
4102,0.0
4103,0.0
4104,0.0
4105,0.0
4106,0.0
4107,0.0
4108,0.0
4109,1.7312303
4110,108.351625
4111,289.99434
4112,481.37084000000004
4113,833.3199000000001
4114,922.6259
4115,1104.4685
4116,1268.9612
4117,858.3354
4118,1346.4561
4119,1105.0545
4120,924.66006
4121,603.9807
4122,280.4305
4123,111.50627
4124,1.7521929
4125,0.0
4126,0.0
4127,0.0
4128,0.0
4129,0.0
4130,0.0
4131,0.0
4132,0.0
4133,1.8031768
4134,173.82862
4135,402.3617
4136,673.103
4137,1006.8065
4138,438.1316
4139,534.6889399999999
4140,1510.441
4141,1498.355
4142,1373.613
4143,1212.7266000000002
4144,970.3606
4145,640.40825
4146,347.3709
4147,117.11336999999999
4148,1.2631139
4149,0.0
4150,0.0
4151,0.0
4152,0.0
4153,0.0
4154,0.0
4155,0.0
4156,0.0
4157,1.7988995
4158,174.32767
4159,400.47515999999996
4160,732.12694
4161,1029.4861
4162,1265.9792
4163,1410.7771
4164,1495.5076000000001
4165,1489.6209
4166,1380.8311
4167,1193.3662
4168,982.9859
4169,664.0909399999999
4170,347.26259999999996
4171,120.27464
4172,1.264421
4173,0.0
4174,0.0
4175,0.0
4176,0.0
4177,0.0
4178,0.0
4179,0.0
4180,0.0
4181,1.7207295
4182,168.19833
4183,400.68675
4184,720.0869
4185,1030.453
4186,1249.3949
4187,1423.812
4188,1523.0049
4189,1523.4805
4190,1392.7094
4191,1217.4862
4192,1011.311
4193,690.7924
4194,393.84003
4195,127.59080499999999
4196,1.2662446
4197,0.0
4198,0.0
4199,0.0
4200,0.0
4201,0.0
4202,0.0
4203,0.0
4204,0.0
4205,2.4020256
4206,168.36122
4207,400.53144
4208,718.1741
4209,1016.0499
4210,1252.5526
4211,1385.8491000000001
4212,1429.351
4213,1403.0935
4214,1328.1109
4215,1115.1771999999999
4216,673.33044
4217,425.25738
4218,154.64192
4219,35.874344
4220,0.7837962
4221,0.0
4222,0.0
4223,0.0
4224,0.0
4225,0.0
4226,0.0
4227,0.0
4228,0.0
4229,1.723808
4230,95.95667
4231,134.11026999999999
4232,112.65758
4233,255.7716
4234,509.56044
4235,872.6910600000001
4236,856.0593
4237,862.5989000000001
4238,1156.5576
4239,1070.795
4240,981.1536
4241,681.86275
4242,399.14788
4243,129.28952999999998
4244,1.2628949999999999
4245,0.0
4246,0.0
4247,0.0
4248,0.0
4249,0.0
4250,0.0
4251,0.0
4252,0.0
4253,1.054433
4254,166.29916
4255,457.476
4256,756.5942
4257,858.8875
4258,613.5439
4259,833.2304399999999
4260,724.1664000000001
4261,622.3893
4262,1322.5838999999999
4263,1116.9998
4264,924.3806
4265,515.7729
4266,308.87328
4267,88.40403
4268,1.2761014
4269,0.0
4270,0.0
4271,0.0
4272,0.0
4273,0.0
4274,0.0
4275,0.0
4276,0.0
4277,1.4114482000000002
4278,159.55984
4279,372.0673
4280,658.7107
4281,1012.65106
4282,1195.7468000000001
4283,1327.0525
4284,1397.0084
4285,1381.7124
4286,1323.2145
4287,1120.4868999999999
4288,848.7134
4289,570.7571999999999
4290,289.9875
4291,114.96573
4292,1.2645435
4293,0.0
4294,0.0
4295,0.0
4296,0.0
4297,0.0
4298,0.0
4299,0.0
4300,0.0
4301,1.0261238000000001
4302,169.05427
4303,376.43444
4304,696.7202
4305,994.688
4306,1226.101
4307,1419.0892
4308,1501.4921000000002
4309,1421.4298999999999
4310,1363.3644
4311,1185.2358000000002
4312,915.85925
4313,638.5598
4314,319.90888
4315,119.53403
4316,1.2648142
4317,0.0
4318,0.0
4319,0.0
4320,0.0
4321,0.0
4322,0.0
4323,0.0
4324,0.0
4325,1.4470822
4326,166.41178
4327,381.56684
4328,707.8446
4329,1006.7538000000001
4330,1242.3615
4331,1427.9549
4332,1458.7312
4333,1130.2328
4334,1211.586
4335,1153.8236000000002
4336,964.6247
4337,671.2965
4338,384.9672
4339,119.46986
4340,1.2681311
4341,0.0
4342,0.0
4343,0.0
4344,0.0
4345,0.0
4346,0.0
4347,0.0
4348,0.0
4349,0.4229142
4350,140.22788
4351,422.46265999999997
4352,711.0375
4353,1010.3174
4354,1254.8886
4355,1427.4184
4356,1542.3418000000001
4357,1534.1986000000002
4358,1429.6496000000002
4359,1249.1215
4360,1013.1053
4361,701.61244
4362,378.82534000000004
4363,119.66042
4364,1.698241
4365,0.0
4366,0.0
4367,0.0
4368,0.0
4369,0.0
4370,0.0
4371,0.0
4372,0.0
4373,0.7970756
4374,126.71419999999999
4375,279.09684000000004
4376,469.9097
4377,505.89847
4378,739.76425
4379,454.75953000000004
4380,229.44103
4381,235.34825
4382,1076.1865
4383,604.0295600000001
4384,242.07945
4385,117.4622
4386,60.579996
4387,22.580842
4388,1.6937697
4389,0.0
4390,0.0
4391,0.0
4392,0.0
4393,0.0
4394,0.0
4395,0.0
4396,0.0
4397,0.7778753
4398,97.938375
4399,112.40447999999999
4400,170.56476999999998
4401,302.76056
4402,295.2236
4403,854.3733000000001
4404,993.2266
4405,885.98175
4406,901.1763000000001
4407,1065.1172
4408,703.926
4409,483.72084
4410,371.4231
4411,120.23455
4412,0.0
4413,0.0
4414,0.0
4415,0.0
4416,0.0
4417,0.0
4418,0.0
4419,0.0
4420,0.0
4421,0.18047945
4422,99.42177000000001
4423,280.45865999999995
4424,673.5042
4425,917.3911999999999
4426,1256.1853999999998
4427,1317.4828
4428,1425.8581000000001
4429,1496.063
4430,1069.5785
4431,598.9791
4432,203.20538
4433,126.08671000000001
4434,84.37156
4435,36.463523
4436,0.0
4437,0.0
4438,0.0
4439,0.0
4440,0.0
4441,0.0
4442,0.0
4443,0.0
4444,0.0
4445,0.8623102
4446,147.75436
4447,413.46921999999995
4448,723.8025600000001
4449,1023.1974399999999
4450,1237.2934
4451,1426.1128999999999
4452,1479.0858
4453,1483.6565
4454,933.2419
4455,574.94725
4456,637.54694
4457,211.83098
4458,182.6269
4459,22.265617
4460,0.0
4461,0.0
4462,0.0
4463,0.0
4464,0.0
4465,0.0
4466,0.0
4467,0.0
4468,0.0
4469,0.02292483
4470,146.06027
4471,314.20471999999995
4472,590.5479
4473,987.2033
4474,1204.4828
4475,1236.1228
4476,1014.89744
4477,1462.4266
4478,1354.2916
4479,1166.1912
4480,460.29859999999996
4481,463.85015999999996
4482,245.15107999999998
4483,55.615480000000005
4484,0.0
4485,0.0
4486,0.0
4487,0.0
4488,0.0
4489,0.0
4490,0.0
4491,0.0
4492,0.0
4493,0.021480557999999997
4494,148.09184
4495,416.9472
4496,727.6365
4497,1020.6976999999999
4498,1218.9466
4499,1374.8515
4500,1507.8595
4501,1193.9376000000002
4502,495.43756
4503,495.69162
4504,437.40515999999997
4505,243.74689
4506,201.33822
4507,43.146523
4508,0.0
4509,0.0
4510,0.0
4511,0.0
4512,0.0
4513,0.0
4514,0.0
4515,0.0
4516,0.0
4517,0.19162299
4518,131.17256
4519,195.71219
4520,181.7091
4521,151.49039000000002
4522,303.45644
4523,676.9666
4524,1214.4495
4525,1424.4166
4526,965.552
4527,287.70865999999995
4528,188.29489
4529,288.56705999999997
4530,322.4631
4531,105.90846
4532,0.0
4533,0.0
4534,0.0
4535,0.0
4536,0.0
4537,0.0
4538,0.0
4539,0.0
4540,0.0
4541,0.0
4542,41.015996
4543,64.793773
4544,133.83910999999998
4545,148.2664
4546,206.65097
4547,668.9988000000001
4548,760.5376
4549,806.0842
4550,1281.6321
4551,1228.0288999999998
4552,863.6682
4553,428.74415999999997
4554,148.24953
4555,68.43786999999999
4556,0.0
4557,0.0
4558,0.0
4559,0.0
4560,0.0
4561,0.0
4562,0.0
4563,0.0
4564,0.0
4565,0.0
4566,41.392324
4567,99.51397999999999
4568,289.76562
4569,372.4643
4570,424.53997
4571,1281.6073999999999
4572,1423.629
4573,1155.173
4574,1345.3788
4575,1160.0958999999998
4576,943.70806
4577,644.3354
4578,391.57347
4579,112.70391000000001
4580,0.0
4581,0.0
4582,0.0
4583,0.0
4584,0.0
4585,0.0
4586,0.0
4587,0.0
4588,0.0
4589,0.0
4590,121.76233599999999
4591,397.89553
4592,597.12075
4593,1006.2793
4594,1001.1045
4595,1081.1148
4596,1393.7032
4597,1491.1236000000001
4598,980.634
4599,1163.0082
4600,1012.772
4601,704.9195
4602,392.7011
4603,112.18991
4604,0.0
4605,0.0
4606,0.0
4607,0.0
4608,0.0
4609,0.0
4610,0.0
4611,0.0
4612,0.0
4613,0.0
4614,102.383336
4615,253.21192000000002
4616,278.08916
4617,330.6706
4618,646.31494
4619,1180.0313999999998
4620,1368.0699
4621,1130.817
4622,1378.847
4623,1231.6606000000002
4624,1010.8486
4625,587.3511
4626,320.09896999999995
4627,61.48135
4628,0.0
4629,0.0
4630,0.0
4631,0.0
4632,0.0
4633,0.0
4634,0.0
4635,0.0
4636,0.0
4637,0.0
4638,129.88134
4639,384.3034
4640,700.749
4641,1007.3850600000001
4642,1223.1044
4643,1391.3295
4644,1455.4825
4645,1467.232
4646,1399.1796000000002
4647,1220.8544
4648,978.32025
4649,687.0486999999999
4650,388.14434
4651,109.14569
4652,0.0
4653,0.0
4654,0.0
4655,0.0
4656,0.0
4657,0.0
4658,0.0
4659,0.0
4660,0.0
4661,0.0
4662,126.57378
4663,393.3103
4664,690.6440600000001
4665,989.0061999999999
4666,1236.6546
4667,1413.384
4668,1487.7529
4669,1471.9723999999999
4670,1109.468
4671,1205.9073999999998
4672,948.4249
4673,663.09944
4674,379.85765999999995
4675,106.30280499999999
4676,0.0
4677,0.0
4678,0.0
4679,0.0
4680,0.0
4681,0.0
4682,0.0
4683,0.0
4684,0.0
4685,0.0
4686,129.48411
4687,396.4798
4688,684.9276
4689,1007.4289399999999
4690,1225.7402
4691,1414.7942
4692,1407.5075
4693,1394.0416
4694,1146.0031000000001
4695,1150.5426
4696,945.0755
4697,702.6860600000001
4698,382.02259999999995
4699,104.44899000000001
4700,0.0
4701,0.0
4702,0.0
4703,0.0
4704,0.0
4705,0.0
4706,0.0
4707,0.0
4708,0.0
4709,0.0
4710,119.63897
4711,386.47878000000003
4712,684.0885999999999
4713,929.2135
4714,1179.4478000000001
4715,1314.1169
4716,1469.7362
4717,1479.4321
4718,1415.8881000000001
4719,1233.7323999999999
4720,993.9031
4721,666.3743000000001
4722,374.40503
4723,106.17924000000001
4724,0.0
4725,0.0
4726,0.0
4727,0.0
4728,0.0
4729,0.0
4730,0.0
4731,0.0
4732,0.0
4733,0.0
4734,60.010773
4735,160.83077
4736,450.50975
4737,987.8179399999999
4738,1242.4849
4739,1397.788
4740,1476.4569
4741,1517.9692
4742,1404.9142
4743,1233.8361
4744,988.9309000000001
4745,690.7291
4746,379.79728
4747,102.63479
4748,0.0
4749,0.0
4750,0.0
4751,0.0
4752,0.0
4753,0.0
4754,0.0
4755,0.0
4756,0.0
4757,0.0
4758,123.17466999999999
4759,385.21466
4760,710.7848
4761,1018.3580999999999
4762,847.2843
4763,1400.0394
4764,1531.3096
4765,1333.3065
4766,1424.801
4767,1021.22925
4768,393.50778
4769,370.49996999999996
4770,77.59296
4771,21.232490000000002
4772,0.0
4773,0.0
4774,0.0
4775,0.0
4776,0.0
4777,0.0
4778,0.0
4779,0.0
4780,0.0
4781,0.0
4782,94.14497999999999
4783,292.0868
4784,318.2807
4785,488.38188
4786,610.52144
4787,818.1513
4788,1391.8236000000002
4789,1153.6252
4790,723.0280600000001
4791,1020.2415
4792,652.27575
4793,438.62066
4794,319.28103000000004
4795,74.47561999999999
4796,0.0
4797,0.0
4798,0.0
4799,0.0
4800,0.0
4801,0.0
4802,0.0
4803,0.0
4804,0.0
4805,0.0
4806,117.90705
4807,188.712
4808,541.0926999999999
4809,866.7066
4810,598.34456
4811,594.3865
4812,1012.74194
4813,856.5495999999999
4814,466.8585
4815,524.4513000000001
4816,533.0955600000001
4817,215.8529
4818,290.4357
4819,90.56603999999999
4820,0.0
4821,0.0
4822,0.0
4823,0.0
4824,0.0
4825,0.0
4826,0.0
4827,0.0
4828,0.0
4829,0.0
4830,113.20713
4831,383.80379999999997
4832,687.24744
4833,996.06775
4834,1243.5948
4835,1421.3206
4836,472.23990000000003
4837,1085.9259
4838,727.931
4839,469.1845
4840,819.65006
4841,322.58196999999996
4842,133.67298000000002
4843,70.85702
4844,0.0
4845,0.0
4846,0.0
4847,0.0
4848,0.0
4849,0.0
4850,0.0
4851,0.0
4852,0.0
4853,0.0
4854,100.33769000000001
4855,387.9053
4856,416.34722
4857,586.6057
4858,453.79538
4859,748.5075
4860,1022.3428
4861,1110.4522
4862,956.54906
4863,826.5303
4864,921.3605
4865,686.202
4866,355.7164
4867,91.96997999999999
4868,0.0
4869,0.0
4870,0.0
4871,0.0
4872,0.0
4873,0.0
4874,0.0
4875,0.0
4876,0.0
4877,0.0
4878,117.01416400000001
4879,331.95538
4880,687.2076999999999
4881,982.88525
4882,1221.9582
4883,1396.3755
4884,1453.2726
4885,1375.8025
4886,1004.5818
4887,1077.701
4888,960.8676999999999
4889,664.3394000000001
4890,352.14959999999996
4891,93.73494500000001
4892,0.0
4893,0.0
4894,0.0
4895,0.0
4896,0.0
4897,0.0
4898,0.0
4899,0.0
4900,0.0
4901,0.0
4902,117.22603
4903,364.79584
4904,661.7577
4905,977.5428
4906,1212.1131
4907,1391.8521
4908,1519.6258
4909,1491.2233999999999
4910,1398.0228
4911,1223.8902
4912,937.0366
4913,625.6780600000001
4914,343.352
4915,85.56546
4916,0.0
4917,0.0
4918,0.0
4919,0.0
4920,0.0
4921,0.0
4922,0.0
4923,0.0
4924,0.0
4925,0.0
4926,67.19185
4927,365.61762
4928,502.59012
4929,747.3539000000001
4930,591.27
4931,785.7913000000001
4932,843.2115
4933,976.87775
4934,639.5500999999999
4935,667.4638
4936,822.8225
4937,360.42353
4938,347.17990000000003
4939,62.058167999999995
4940,0.0
4941,0.0
4942,0.0
4943,0.0
4944,0.0
4945,0.0
4946,0.0
4947,0.0
4948,0.0
4949,0.0
4950,104.96956
4951,308.76779999999997
4952,365.35646999999994
4953,434.14221999999995
4954,1133.4923999999999
4955,1332.6746
4956,973.2136999999999
4957,737.34944
4958,1271.91
4959,1153.7353999999998
4960,936.83675
4961,529.7411999999999
4962,58.060082
4963,14.589839
4964,0.0
4965,0.0
4966,0.0
4967,0.0
4968,0.0
4969,0.0
4970,0.0
4971,0.0
4972,0.0
4973,0.0
4974,50.60910500000001
4975,332.3507
4976,592.28056
4977,757.8994399999999
4978,1086.2055
4979,1284.9698
4980,1335.5895
4981,1412.6538999999998
4982,1313.1206000000002
4983,506.83140000000003
4984,560.4510600000001
4985,621.3029399999999
4986,192.9642
4987,89.09835000000001
4988,0.0
4989,0.0
4990,0.0
4991,0.0
4992,0.0
4993,0.0
4994,0.0
4995,0.0
4996,0.0
4997,0.0
4998,71.11596
4999,165.77232999999998
5000,227.00402
5001,355.9495
5002,437.88521999999995
5003,1249.2925
5004,802.83925
5005,729.8511
5006,517.6769400000001
5007,438.42670000000004
5008,510.24038
5009,605.32356
5010,75.06683
5011,86.10396
5012,0.0
5013,0.0
5014,0.0
5015,0.0
5016,0.0
5017,0.0
5018,0.0
5019,0.0
5020,0.0
5021,0.0
5022,52.370027
5023,153.59135999999998
5024,181.34277
5025,364.5483
5026,1021.0044
5027,1156.3869
5028,664.3750600000001
5029,840.81225
5030,787.58956
5031,1164.0792
5032,923.12175
5033,624.9484399999999
5034,252.27922
5035,70.42411
5036,0.0
5037,0.0
5038,0.0
5039,0.0
5040,0.0
5041,0.0
5042,0.0
5043,0.0
5044,0.0
5045,0.0
5046,53.817926
5047,153.5313
5048,260.94272
5049,237.31078
5050,489.90671999999995
5051,284.56662
5052,386.52946999999995
5053,561.6461999999999
5054,440.53616
5055,180.73128
5056,854.18375
5057,349.92144
5058,66.12536999999999
5059,36.224434
5060,0.0
5061,0.0
5062,0.0
5063,0.0
5064,0.0
5065,0.0
5066,0.0
5067,0.0
5068,0.0
5069,0.0
5070,16.360221
5071,93.53048
5072,172.75956
5073,164.5693
5074,190.66475
5075,205.91106
5076,233.11655
5077,319.06129999999996
5078,557.9488
5079,791.1555
5080,713.70506
5081,452.15725
5082,180.41998
5083,75.97819
5084,0.0
5085,0.0
5086,0.0
5087,0.0
5088,0.0
5089,0.0
5090,0.0
5091,0.0
5092,0.0
5093,0.0
5094,76.73322
5095,235.36166
5096,397.55594
5097,640.0595
5098,605.0394399999999
5099,906.60475
5100,800.45544
5101,927.3651
5102,1037.1452
5103,965.65744
5104,717.3507
5105,499.01165999999995
5106,286.36588
5107,24.017096000000002
5108,0.0
5109,0.0
5110,0.0
5111,0.0
5112,0.0
5113,0.0
5114,0.0
5115,0.0
5116,0.0
5117,0.0
5118,16.39045
5119,56.187555
5120,105.05306
5121,143.09712
5122,210.59362
5123,526.78744
5124,690.1541
5125,981.90175
5126,1066.1379
5127,844.7325999999999
5128,598.98075
5129,591.12156
5130,129.26871
5131,61.23451
5132,0.0
5133,0.0
5134,0.0
5135,0.0
5136,0.0
5137,0.0
5138,0.0
5139,0.0
5140,0.0
5141,0.0
5142,77.97984
5143,315.65653000000003
5144,306.61375
5145,395.1335
5146,972.5124000000001
5147,985.1885
5148,1275.7455
5149,1228.3099
5150,1104.0874
5151,1169.0609
5152,939.14425
5153,612.2369399999999
5154,324.17197
5155,59.140594
5156,0.0
5157,0.0
5158,0.0
5159,0.0
5160,0.0
5161,0.0
5162,0.0
5163,0.0
5164,0.0
5165,0.0
5166,82.816125
5167,311.22821999999996
5168,643.8488000000001
5169,916.5114
5170,1182.131
5171,1312.689
5172,1480.2762
5173,1475.8409
5174,1367.1828
5175,1193.0913999999998
5176,953.9054
5177,651.7258
5178,326.90515999999997
5179,62.377176
5180,0.0
5181,0.0
5182,0.0
5183,0.0
5184,0.0
5185,0.0
5186,0.0
5187,0.0
5188,0.0
5189,0.0
5190,62.442964999999994
5191,312.68420000000003
5192,640.3941
5193,905.8790600000001
5194,1159.5272
5195,1307.3334
5196,1397.3953999999999
5197,1441.009
5198,1326.9224
5199,925.3716999999999
5200,841.9314
5201,485.17816
5202,293.5173
5203,53.975113
5204,0.0
5205,0.0
5206,0.0
5207,0.0
5208,0.0
5209,0.0
5210,0.0
5211,0.0
5212,0.0
5213,0.0
5214,67.09358
5215,310.03412
5216,621.3120600000001
5217,906.7594
5218,1176.2331000000001
5219,1340.293
5220,1459.0135
5221,1479.6235
5222,1367.6046000000001
5223,1157.986
5224,739.59975
5225,331.10515999999996
5226,292.0392
5227,50.188457
5228,0.0
5229,0.0
5230,0.0
5231,0.0
5232,0.0
5233,0.0
5234,0.0
5235,0.0
5236,0.0
5237,0.0
5238,44.94233
5239,269.41222
5240,538.73744
5241,856.6973
5242,1147.0848
5243,1341.1066
5244,1283.7692
5245,1418.4536
5246,508.5187
5247,1149.123
5248,920.51575
5249,614.0151
5250,279.3224
5251,38.09939
5252,0.0
5253,0.0
5254,0.0
5255,0.0
5256,0.0
5257,0.0
5258,0.0
5259,0.0
5260,0.0
5261,0.0
5262,69.62053999999999
5263,275.47175
5264,632.0785999999999
5265,885.2225
5266,1137.7125
5267,1330.1352
5268,1428.49
5269,1438.97
5270,1337.848
5271,1150.213
5272,893.8455600000001
5273,598.0143
5274,271.78144
5275,50.62838
5276,0.0
5277,0.0
5278,0.0
5279,0.0
5280,0.0
5281,0.0
5282,0.0
5283,0.0
5284,0.0
5285,0.0
5286,0.0
5287,261.77356
5288,303.0249
5289,634.2518
5290,897.84494
5291,1307.3646
5292,1410.9201
5293,1405.9091
5294,1285.1911
5295,621.6995
5296,683.11694
5297,487.31728000000004
5298,55.28593
5299,34.86739
5300,0.0
5301,0.0
5302,0.0
5303,0.0
5304,0.0
5305,0.0
5306,0.0
5307,0.0
5308,0.0
5309,0.0
5310,0.0
5311,304.93559999999997
5312,610.7509
5313,893.1235
5314,1138.8812
5315,1337.7708
5316,1438.9646
5317,1279.0358
5318,1244.8575
5319,1171.9878
5320,917.0915600000001
5321,592.2962
5322,288.05284
5323,39.83902
5324,0.0
5325,0.0
5326,0.0
5327,0.0
5328,0.0
5329,0.0
5330,0.0
5331,0.0
5332,0.0
5333,0.0
5334,0.0
5335,287.6425
5336,619.808
5337,904.7940600000001
5338,1168.0521
5339,1137.4954
5340,1396.4862
5341,1381.2695
5342,1187.9954
5343,850.969
5344,903.0828
5345,489.02194000000003
5346,263.77866
5347,32.995773
5348,0.0
5349,0.0
5350,0.0
5351,0.0
5352,0.0
5353,0.0
5354,0.0
5355,0.0
5356,0.0
5357,0.0
5358,0.0
5359,290.15262
5360,584.95456
5361,875.3820999999999
5362,1155.9314
5363,1337.3186
5364,1440.4258
5365,1420.8695
5366,1318.8103999999998
5367,1111.531
5368,897.7855
5369,577.06956
5370,241.99626999999998
5371,29.20955
5372,0.0
5373,0.0
5374,0.0
5375,0.0
5376,0.0
5377,0.0
5378,0.0
5379,0.0
5380,0.0
5381,0.0
5382,0.0
5383,288.50794
5384,623.65956
5385,884.6300600000001
5386,1157.0508
5387,1353.5423999999998
5388,1421.8759
5389,1442.8075
5390,1366.5056000000002
5391,1177.1524
5392,923.4676
5393,578.1328000000001
5394,263.97540000000004
5395,31.266068
5396,0.0
5397,0.0
5398,0.0
5399,0.0
5400,0.0
5401,0.0
5402,0.0
5403,0.0
5404,0.0
5405,0.0
5406,0.0
5407,299.96515999999997
5408,594.03594
5409,875.74706
5410,1149.4335
5411,1316.7758999999999
5412,1417.2999
5413,1393.1344
5414,1293.1711
5415,937.63194
5416,708.05594
5417,558.34775
5418,241.19595
5419,21.880092
5420,0.0
5421,0.0
5422,0.0
5423,0.0
5424,0.0
5425,0.0
5426,0.0
5427,0.0
5428,0.0
5429,0.0
5430,0.0
5431,58.495839999999994
5432,126.93613
5433,160.01958
5434,267.27078
5435,701.98575
5436,295.54984
5437,338.10578000000004
5438,274.11812
5439,257.14534
5440,231.41819
5441,135.57992000000002
5442,53.859996
5443,4.251857
5444,0.0
5445,0.0
5446,0.0
5447,0.0
5448,0.0
5449,0.0
5450,0.0
5451,0.0
5452,0.0
5453,0.0
5454,0.0
5455,137.73060999999998
5456,115.79513
5457,202.84238
5458,257.03961
5459,271.29846999999995
5460,286.50494
5461,607.2466999999999
5462,304.35294
5463,484.94084000000004
5464,827.526
5465,579.59725
5466,70.454734
5467,25.866101999999998
5468,0.0
5469,0.0
5470,0.0
5471,0.0
5472,0.0
5473,0.0
5474,0.0
5475,0.0
5476,0.0
5477,0.0
5478,0.0
5479,296.18021999999996
5480,610.5753000000001
5481,894.2382
5482,1158.1062
5483,1321.6255
5484,1397.7662
5485,1394.352
5486,1176.9196000000002
5487,925.96225
5488,681.754
5489,572.0281
5490,192.34469
5491,11.950159
5492,0.0
5493,0.0
5494,0.0
5495,0.0
5496,0.0
5497,0.0
5498,0.0
5499,0.0
5500,0.0
5501,0.0
5502,0.0
5503,268.81197
5504,534.23356
5505,737.7407
5506,932.6365999999999
5507,1060.0868
5508,1134.339
5509,1122.1612
5510,1048.891
5511,903.5465
5512,729.3443000000001
5513,492.07665999999995
5514,222.44066
5515,18.537547
5516,0.0
5517,0.0
5518,0.0
5519,0.0
5520,0.0
5521,0.0
5522,0.0
5523,0.0
5524,0.0
5525,0.0
5526,0.0
5527,259.50622
5528,298.01655999999997
5529,403.01356
5530,871.24356
5531,949.5760600000001
5532,213.56238000000002
5533,209.70288
5534,1132.7194
5535,972.0295
5536,381.27959999999996
5537,522.8574699999999
5538,229.51112
5539,14.715103
5540,0.0
5541,0.0
5542,0.0
5543,0.0
5544,0.0
5545,0.0
5546,0.0
5547,0.0
5548,0.0
5549,0.0
5550,0.0
5551,291.32438
5552,603.20575
5553,871.3078
5554,1141.1639
5555,1314.2394
5556,1394.4258
5557,1301.3324
5558,1259.014
5559,1105.6018000000001
5560,862.58875
5561,527.1729399999999
5562,225.58869
5563,13.18132
5564,0.0
5565,0.0
5566,0.0
5567,0.0
5568,0.0
5569,0.0
5570,0.0
5571,0.0
5572,0.0
5573,0.0
5574,0.0
5575,267.3422
5576,344.92738
5577,467.3103
5578,908.6739399999999
5579,868.5724399999999
5580,707.7047
5581,372.80222
5582,345.53538000000003
5583,282.26762
5584,128.34186
5585,87.5305
5586,37.973476999999995
5587,2.9547432
5588,0.0
5589,0.0
5590,0.0
5591,0.0
5592,0.0
5593,0.0
5594,0.0
5595,0.0
5596,0.0
5597,0.0
5598,0.0
5599,48.114438
5600,84.52397
5601,173.74579999999997
5602,272.3174
5603,624.4327
5604,587.73575
5605,203.35928
5606,189.86520000000002
5607,474.72409999999996
5608,178.43455
5609,365.22528000000005
5610,144.91456
5611,11.061701999999999
5612,0.0
5613,0.0
5614,0.0
5615,0.0
5616,0.0
5617,0.0
5618,0.0
5619,0.0
5620,0.0
5621,0.0
5622,0.0
5623,156.10377
5624,291.4813
5625,394.03272
5626,420.7125
5627,431.1659
5628,720.15244
5629,1246.6142
5630,1164.3992
5631,1060.7742
5632,809.8548000000001
5633,497.92566
5634,167.5936
5635,8.725079
5636,0.0
5637,0.0
5638,0.0
5639,0.0
5640,0.0
5641,0.0
5642,0.0
5643,0.0
5644,0.0
5645,0.0
5646,0.0
5647,74.87798
5648,244.2347
5649,279.813
5650,248.21944
5651,743.6439
5652,890.4715
5653,1041.65756
5654,905.57456
5655,886.1075999999999
5656,707.9654
5657,481.21988
5658,165.36772
5659,7.304745
5660,0.0
5661,0.0
5662,0.0
5663,0.0
5664,0.0
5665,0.0
5666,0.0
5667,0.0
5668,0.0
5669,0.0
5670,0.0
5671,35.003637000000005
5672,214.32235999999997
5673,332.02253
5674,231.91512
5675,287.14615999999995
5676,251.60042
5677,205.67414000000002
5678,182.33732999999998
5679,159.30616
5680,192.11204999999998
5681,77.90241400000001
5682,141.203
5683,4.362468
5684,0.0
5685,0.0
5686,0.0
5687,0.0
5688,0.0
5689,0.0
5690,0.0
5691,0.0
5692,0.0
5693,0.0
5694,0.0
5695,235.37760999999998
5696,534.9830999999999
5697,896.92556
5698,1143.1371000000001
5699,1304.6875
5700,1373.9582
5701,1370.6525
5702,1250.6548
5703,979.38706
5704,768.724
5705,492.10884000000004
5706,183.94478
5707,2.967759
5708,0.0
5709,0.0
5710,0.0
5711,0.0
5712,0.0
5713,0.0
5714,0.0
5715,0.0
5716,0.0
5717,0.0
5718,2.9469888
5719,92.00052000000001
5720,281.7613
5721,708.51244
5722,1025.66394
5723,615.70525
5724,328.1098
5725,1111.3165
5726,1136.1768
5727,771.4586999999999
5728,610.196
5729,414.33144
5730,176.8116
5731,1.7078982
5732,0.0
5733,0.0
5734,0.0
5735,0.0
5736,0.0
5737,0.0
5738,0.0
5739,0.0
5740,0.0
5741,0.0
5742,4.095976
5743,239.68662
5744,525.6384
5745,816.3600600000001
5746,1097.5942
5747,1257.3174
5748,1334.2011
5749,1339.6581999999999
5750,1238.2421000000002
5751,1026.091
5752,777.4646
5753,484.9049
5754,172.93564
5755,0.7821919
5756,0.0
5757,0.0
5758,0.0
5759,0.0
5760,0.0
5761,0.0
5762,0.0
5763,0.0
5764,0.0
5765,0.0
5766,2.927525
5767,226.39297
5768,550.1783
5769,828.91775
5770,1123.2278000000001
5771,1272.4788999999998
5772,1357.1842
5773,1337.6359
5774,1220.5932
5775,982.1484
5776,509.9764
5777,442.20090000000005
5778,158.79428
5779,0.0
5780,0.0
5781,0.0
5782,0.0
5783,0.0
5784,0.0
5785,0.0
5786,0.0
5787,0.0
5788,0.0
5789,0.0
5790,1.7099064000000002
5791,122.41291
5792,455.24803
5793,751.2789399999999
5794,1021.1852
5795,784.1845999999999
5796,1297.7726
5797,1270.1112
5798,1214.8899
5799,765.8990600000001
5800,740.797
5801,117.47475999999999
5802,154.00053
5803,0.0
5804,0.0
5805,0.0
5806,0.0
5807,0.0
5808,0.0
5809,0.0
5810,0.0
5811,0.0
5812,0.0
5813,0.0
5814,0.8382492
5815,242.33185999999998
5816,508.78072
5817,655.4270600000001
5818,441.23909999999995
5819,585.3374
5820,290.21312
5821,246.78267000000002
5822,562.3956
5823,424.60178
5824,519.0361
5825,417.25212
5826,144.18156
5827,0.0
5828,0.0
5829,0.0
5830,0.0
5831,0.0
5832,0.0
5833,0.0
5834,0.0
5835,0.0
5836,0.0
5837,0.0
5838,0.33579947
5839,199.4366
5840,498.45694
5841,802.9167
5842,985.09975
5843,1228.9698
5844,1231.1943999999999
5845,1286.3638
5846,1218.8258
5847,1059.9294
5848,724.8542
5849,400.11106
5850,88.02626
5851,0.0
5852,0.0
5853,0.0
5854,0.0
5855,0.0
5856,0.0
5857,0.0
5858,0.0
5859,0.0
5860,0.0
5861,0.0
5862,0.79912085
5863,126.36746000000001
5864,529.18056
5865,815.5588
5866,1036.92525
5867,1193.777
5868,1314.944
5869,1235.1986000000002
5870,558.7633000000001
5871,980.14156
5872,494.914
5873,386.37140000000005
5874,129.86655
5875,0.0
5876,0.0
5877,0.0
5878,0.0
5879,0.0
5880,0.0
5881,0.0
5882,0.0
5883,0.0
5884,0.0
5885,0.0
5886,0.18162329
5887,81.87877999999999
5888,181.68985999999998
5889,276.59406
5890,349.81953000000004
5891,409.5458
5892,1252.0026
5893,1359.9511
5894,1205.989
5895,923.5764
5896,356.54172
5897,360.57347
5898,112.71789
5899,0.0
5900,0.0
5901,0.0
5902,0.0
5903,0.0
5904,0.0
5905,0.0
5906,0.0
5907,0.0
5908,0.0
5909,0.0
5910,0.015373513
5911,210.0377
5912,518.32234
5913,706.79925
5914,616.2345600000001
5915,532.88644
5916,326.98803000000004
5917,460.67240000000004
5918,263.9952
5919,737.962
5920,724.8956999999999
5921,461.52315999999996
5922,127.01347
5923,0.0
5924,0.0
5925,0.0
5926,0.0
5927,0.0
5928,0.0
5929,0.0
5930,0.0
5931,0.0
5932,0.0
5933,0.0
5934,0.014392122
5935,211.97538
5936,532.7710999999999
5937,870.7399
5938,1054.4475
5939,1205.3772
5940,1102.6418
5941,1376.1312
5942,1278.4675
5943,1032.5052
5944,769.854
5945,460.7889
5946,119.28768
5947,0.0
5948,0.0
5949,0.0
5950,0.0
5951,0.0
5952,0.0
5953,0.0
5954,0.0
5955,0.0
5956,0.0
5957,0.0
5958,0.18098920000000002
5959,200.91739
5960,523.8412999999999
5961,850.6821
5962,1134.682
5963,1306.2621000000001
5964,1393.5272
5965,1341.0148000000002
5966,1253.3885
5967,1040.19575
5968,770.4875
5969,429.11206
5970,110.0414
5971,0.0
5972,0.0
5973,0.0
5974,0.0
5975,0.0
5976,0.0
5977,0.0
5978,0.0
5979,0.0
5980,0.0
5981,0.0
5982,0.0
5983,172.80242
5984,490.56221999999997
5985,788.9159000000001
5986,1053.7568
5987,1226.2788
5988,1269.5738000000001
5989,1110.3166
5990,1173.4224
5991,770.3323
5992,463.51988
5993,346.12966
5994,96.12635
5995,0.0
5996,0.0
5997,0.0
5998,0.0
5999,0.0
6000,0.0
6001,0.0
6002,0.0
6003,0.0
6004,0.0
6005,0.0
6006,0.0
6007,173.25782999999998
6008,506.14856
6009,792.77056
6010,1075.168
6011,1246.7436
6012,1256.5658999999998
6013,970.37025
6014,332.04672
6015,797.6748
6016,631.01125
6017,115.28403999999999
6018,42.670097999999996
6019,0.0
6020,0.0
6021,0.0
6022,0.0
6023,0.0
6024,0.0
6025,0.0
6026,0.0
6027,0.0
6028,0.0
6029,0.0
6030,0.0
6031,187.62317000000002
6032,467.7452
6033,601.3856999999999
6034,898.6835
6035,1105.7518
6036,1027.2129
6037,650.7803
6038,478.57959999999997
6039,888.2606999999999
6040,573.3714
6041,335.52762
6042,86.48211
6043,0.0
6044,0.0
6045,0.0
6046,0.0
6047,0.0
6048,0.0
6049,0.0
6050,0.0
6051,0.0
6052,0.0
6053,0.0
6054,0.0
6055,73.0029
6056,121.319484
6057,241.34419
6058,483.72166
6059,275.24359999999996
6060,319.19575
6061,1129.8428999999999
6062,1170.5426
6063,980.7414
6064,702.085
6065,244.64733999999999
6066,66.27295
6067,0.0
6068,0.0
6069,0.0
6070,0.0
6071,0.0
6072,0.0
6073,0.0
6074,0.0
6075,0.0
6076,0.0
6077,0.0
6078,0.0
6079,135.79228
6080,74.88083
6081,123.04574000000001
6082,161.36769
6083,188.2593
6084,192.91532999999998
6085,189.03860999999998
6086,173.57729999999998
6087,141.66834
6088,99.031914
6089,59.115438000000005
6090,85.03381
6091,0.0
6092,0.0
6093,0.0
6094,0.0
6095,0.0
6096,0.0
6097,0.0
6098,0.0
6099,0.0
6100,0.0
6101,0.0
6102,0.0
6103,183.47766000000001
6104,506.70444
6105,809.882
6106,1065.7885
6107,1255.14
6108,1332.9688999999998
6109,1287.9972
6110,1173.7004
6111,998.87625
6112,717.1075
6113,373.08912
6114,70.80818
6115,0.0
6116,0.0
6117,0.0
6118,0.0
6119,0.0
6120,0.0
6121,0.0
6122,0.0
6123,0.0
6124,0.0
6125,0.0
6126,0.0
6127,129.24064
6128,481.47222
6129,806.7490600000001
6130,1055.2484
6131,1239.706
6132,1296.9988
6133,1313.6222
6134,1188.6982
6135,973.0182
6136,692.16775
6137,364.46353000000005
6138,66.41652
6139,0.0
6140,0.0
6141,0.0
6142,0.0
6143,0.0
6144,0.0
6145,0.0
6146,0.0
6147,0.0
6148,0.0
6149,0.0
6150,0.0
6151,95.1112
6152,508.40362
6153,790.0781
6154,865.7645
6155,1248.4798
6156,1288.5244
6157,1263.4324
6158,1181.553
6159,965.75125
6160,653.2079399999999
6161,337.4282
6162,32.031014
6163,0.0
6164,0.0
6165,0.0
6166,0.0
6167,0.0
6168,0.0
6169,0.0
6170,0.0
6171,0.0
6172,0.0
6173,0.0
6174,0.0
6175,176.59267000000003
6176,479.38246999999996
6177,801.5821
6178,1059.3505
6179,1265.6714
6180,1320.2186000000002
6181,1264.0668999999998
6182,1122.6732
6183,966.6181
6184,688.8896
6185,344.80478000000005
6186,55.222227
6187,0.0
6188,0.0
6189,0.0
6190,0.0
6191,0.0
6192,0.0
6193,0.0
6194,0.0
6195,0.0
6196,0.0
6197,0.0
6198,0.0
6199,164.45556
6200,495.24853
6201,796.725
6202,1049.6128
6203,1215.344
6204,1273.7749
6205,1290.1399
6206,1153.4948
6207,966.7792
6208,662.07375
6209,339.17025
6210,44.14407
6211,0.0
6212,0.0
6213,0.0
6214,0.0
6215,0.0
6216,0.0
6217,0.0
6218,0.0
6219,0.0
6220,0.0
6221,0.0
6222,0.0
6223,163.85101999999998
6224,471.84062
6225,771.07594
6226,1018.9869399999999
6227,1191.8606000000002
6228,1259.2633999999998
6229,1243.8355
6230,1132.1298000000002
6231,929.476
6232,651.0290600000001
6233,325.8614
6234,44.458816
6235,0.0
6236,0.0
6237,0.0
6238,0.0
6239,0.0
6240,0.0
6241,0.0
6242,0.0
6243,0.0
6244,0.0
6245,0.0
6246,0.0
6247,103.57030499999999
6248,472.0383
6249,741.585
6250,962.869
6251,1142.8355
6252,1211.2422
6253,1152.8048000000001
6254,1079.1181000000001
6255,800.19425
6256,430.22896999999995
6257,267.21871999999996
6258,21.92561
6259,0.0
6260,0.0
6261,0.0
6262,0.0
6263,0.0
6264,0.0
6265,0.0
6266,0.0
6267,0.0
6268,0.0
6269,0.0
6270,0.0
6271,119.40877
6272,277.27303
6273,111.169086
6274,147.99938
6275,695.6159
6276,178.53023000000002
6277,351.08956
6278,209.11203
6279,156.8847
6280,149.29697
6281,94.33083
6282,8.494050999999999
6283,0.0
6284,0.0
6285,0.0
6286,0.0
6287,0.0
6288,0.0
6289,0.0
6290,0.0
6291,0.0
6292,0.0
6293,0.0
6294,0.0
6295,12.9648125
6296,284.15265999999997
6297,113.85225
6298,152.86078
6299,220.36716
6300,184.8431
6301,200.21189
6302,196.6315
6303,199.50227999999998
6304,206.53320000000002
6305,111.07439
6306,33.603348
6307,0.0
6308,0.0
6309,0.0
6310,0.0
6311,0.0
6312,0.0
6313,0.0
6314,0.0
6315,0.0
6316,0.0
6317,0.0
6318,0.0
6319,144.12357999999998
6320,453.84525
6321,680.5598
6322,997.593
6323,1166.0498
6324,1260.3272
6325,1250.2784
6326,1129.1005
6327,917.5918
6328,620.18444
6329,294.91562
6330,22.355363
6331,0.0
6332,0.0
6333,0.0
6334,0.0
6335,0.0
6336,0.0
6337,0.0
6338,0.0
6339,0.0
6340,0.0
6341,0.0
6342,0.0
6343,14.599227
6344,66.33928999999999
6345,114.2555
6346,141.795
6347,168.89038
6348,186.09673
6349,182.98488
6350,157.54162
6351,133.56351999999998
6352,153.90122
6353,40.148727
6354,10.210517
6355,0.0
6356,0.0
6357,0.0
6358,0.0
6359,0.0
6360,0.0
6361,0.0
6362,0.0
6363,0.0
6364,0.0
6365,0.0
6366,0.0
6367,53.697233999999995
6368,141.98044000000002
6369,193.48214000000002
6370,358.80153
6371,242.96751999999998
6372,185.29967000000002
6373,220.29576999999998
6374,186.0372
6375,408.62188000000003
6376,89.2802
6377,54.761754
6378,11.722354
6379,0.0
6380,0.0
6381,0.0
6382,0.0
6383,0.0
6384,0.0
6385,0.0
6386,0.0
6387,0.0
6388,0.0
6389,0.0
6390,0.0
6391,117.51958599999999
6392,431.4477
6393,718.4054
6394,981.357
6395,1088.0686
6396,1196.7091
6397,1054.8606000000002
6398,826.0434
6399,218.31452
6400,135.62666000000002
6401,150.16844
6402,11.841728999999999
6403,0.0
6404,0.0
6405,0.0
6406,0.0
6407,0.0
6408,0.0
6409,0.0
6410,0.0
6411,0.0
6412,0.0
6413,0.0
6414,0.0
6415,80.48024000000001
6416,419.23584000000005
6417,569.377
6418,588.109
6419,596.2535
6420,570.2988
6421,939.43275
6422,848.92375
6423,871.8568
6424,539.3565
6425,247.2336
6426,9.930028
6427,0.0
6428,0.0
6429,0.0
6430,0.0
6431,0.0
6432,0.0
6433,0.0
6434,0.0
6435,0.0
6436,0.0
6437,0.0
6438,0.0
6439,122.55086
6440,419.31644
6441,737.40606
6442,942.64975
6443,1145.8979
6444,1198.6824
6445,1207.229
6446,1044.13475
6447,865.5858000000001
6448,552.4574
6449,241.88512
6450,7.6963633
6451,0.0
6452,0.0
6453,0.0
6454,0.0
6455,0.0
6456,0.0
6457,0.0
6458,0.0
6459,0.0
6460,0.0
6461,0.0
6462,0.0
6463,106.45965
6464,378.9615
6465,698.7988
6466,934.0674399999999
6467,976.2608
6468,862.522
6469,833.5974
6470,541.8889399999999
6471,558.5652
6472,537.9084
6473,237.94862
6474,5.35612
6475,0.0
6476,0.0
6477,0.0
6478,0.0
6479,0.0
6480,0.0
6481,0.0
6482,0.0
6483,0.0
6484,0.0
6485,0.0
6486,0.0
6487,110.37446000000001
6488,369.71294
6489,327.47384000000005
6490,163.86644
6491,1125.8201999999999
6492,1175.8745
6493,1157.0031999999999
6494,1045.1585
6495,853.62025
6496,536.1349
6497,232.18183
6498,3.5096743
6499,0.0
6500,0.0
6501,0.0
6502,0.0
6503,0.0
6504,0.0
6505,0.0
6506,0.0
6507,0.0
6508,0.0
6509,0.0
6510,0.0
6511,65.943805
6512,379.19806
6513,662.46775
6514,901.92194
6515,1054.8136000000002
6516,1084.1978000000001
6517,1127.7611000000002
6518,1012.7421999999999
6519,828.1355
6520,515.14953
6521,212.66331
6522,1.6623961
6523,0.0
6524,0.0
6525,0.0
6526,0.0
6527,0.0
6528,0.0
6529,0.0
6530,0.0
6531,0.0
6532,0.0
6533,0.0
6534,0.0
6535,68.42576600000001
6536,293.45925
6537,320.09938
6538,672.8875
6539,542.5197
6540,446.224
6541,294.4527
6542,510.70565999999997
6543,435.5406
6544,145.82182999999998
6545,85.95574
6546,1.6640369000000002
6547,0.0
6548,0.0
6549,0.0
6550,0.0
6551,0.0
6552,0.0
6553,0.0
6554,0.0
6555,0.0
6556,0.0
6557,0.0
6558,0.0
6559,37.344086000000004
6560,92.07561
6561,174.79834
6562,248.34767000000002
6563,298.91929999999996
6564,318.84084
6565,311.2414
6566,272.3315
6567,792.5987
6568,470.13156
6569,184.8483
6570,9.071729
6571,0.0
6572,0.0
6573,0.0
6574,0.0
6575,0.0
6576,0.0
6577,0.0
6578,0.0
6579,0.0
6580,0.0
6581,0.0
6582,0.0
6583,53.066120000000005
6584,400.01856
6585,678.0546999999999
6586,985.4988000000001
6587,936.8618
6588,1168.2081
6589,1053.4188000000001
6590,844.13925
6591,671.13244
6592,351.9032
6593,88.80672
6594,9.567411
6595,0.0
6596,0.0
6597,0.0
6598,0.0
6599,0.0
6600,0.0
6601,0.0
6602,0.0
6603,0.0
6604,0.0
6605,0.0
6606,0.0
6607,60.767246
6608,119.347266
6609,196.39860000000002
6610,419.97112
6611,764.1146
6612,551.6998000000001
6613,636.3585
6614,687.5581
6615,630.62344
6616,460.00197
6617,179.15060999999997
6618,5.029031
6619,0.0
6620,0.0
6621,0.0
6622,0.0
6623,0.0
6624,0.0
6625,0.0
6626,0.0
6627,0.0
6628,0.0
6629,0.0
6630,0.0
6631,57.027875
6632,308.34765999999996
6633,701.4589
6634,853.725
6635,1115.6951999999999
6636,1233.8773999999999
6637,1005.12025
6638,359.87420000000003
6639,643.51656
6640,490.02903000000003
6641,175.91044
6642,3.7320745
6643,0.0
6644,0.0
6645,0.0
6646,0.0
6647,0.0
6648,0.0
6649,0.0
6650,0.0
6651,0.0
6652,0.0
6653,0.0
6654,0.0
6655,34.107535000000006
6656,90.1761
6657,161.07094
6658,234.0125
6659,282.95125
6660,302.50175
6661,1101.9438
6662,257.3944
6663,195.14864
6664,115.73695
6665,62.28846
6666,1.6664177
6667,0.0
6668,0.0
6669,0.0
6670,0.0
6671,0.0
6672,0.0
6673,0.0
6674,0.0
6675,0.0
6676,0.0
6677,0.0
6678,0.0
6679,39.556062
6680,75.233625
6681,146.13425
6682,206.1687
6683,246.67928
6684,217.74044
6685,212.50464000000002
6686,187.29955999999999
6687,142.95908
6688,105.95942
6689,30.773957
6690,0.766521
6691,0.0
6692,0.0
6693,0.0
6694,0.0
6695,0.0
6696,0.0
6697,0.0
6698,0.0
6699,0.0
6700,0.0
6701,0.0
6702,0.0
6703,23.016215
6704,80.093586
6705,151.58506
6706,255.21334
6707,302.40903000000003
6708,321.38716
6709,314.0241
6710,275.76838
6711,214.04172
6712,131.83698
6713,47.374223
6714,0.7668945
6715,0.0
6716,0.0
6717,0.0
6718,0.0
6719,0.0
6720,0.0
6721,0.0
6722,0.0
6723,0.0
6724,0.0
6725,0.0
6726,0.0
6727,48.765273
6728,86.20098
6729,341.07294
6730,653.8171
6731,999.566
6732,1145.5112
6733,1011.8461
6734,791.732
6735,292.95706
6736,315.29740000000004
6737,94.70845
6738,0.1787123
6739,0.0
6740,0.0
6741,0.0
6742,0.0
6743,0.0
6744,0.0
6745,0.0
6746,0.0
6747,0.0
6748,0.0
6749,0.0
6750,0.0
6751,24.34414
6752,222.43069
6753,348.58234000000004
6754,631.0765
6755,788.48225
6756,981.1132
6757,918.2699
6758,970.80175
6759,527.8285999999999
6760,431.37984
6761,129.67241
6762,0.18014767
6763,0.0
6764,0.0
6765,0.0
6766,0.0
6767,0.0
6768,0.0
6769,0.0
6770,0.0
6771,0.0
6772,0.0
6773,0.0
6774,0.0
6775,32.740113
6776,158.72005
6777,387.6934
6778,647.4381999999999
6779,678.9426
6780,752.7661999999999
6781,1077.5616
6782,924.86175
6783,728.4561
6784,429.2674
6785,130.69823
6786,0.013283303
6787,0.0
6788,0.0
6789,0.0
6790,0.0
6791,0.0
6792,0.0
6793,0.0
6794,0.0
6795,0.0
6796,0.0
6797,0.0
6798,0.0
6799,39.712805
6800,295.05246999999997
6801,617.3041
6802,884.02275
6803,748.0969
6804,940.0094399999999
6805,1112.3483999999999
6806,786.62475
6807,232.77876999999998
6808,341.78825
6809,72.12010000000001
6810,0.18138188
6811,0.0
6812,0.0
6813,0.0
6814,0.0
6815,0.0
6816,0.0
6817,0.0
6818,0.0
6819,0.0
6820,0.0
6821,0.0
6822,0.0
6823,37.23486
6824,309.85816
6825,635.5348
6826,901.1853000000001
6827,1065.8548
6828,1130.4031
6829,1095.9725
6830,961.3129
6831,730.6050600000001
6832,427.58084
6833,118.60071
6834,0.18189058
6835,0.0
6836,0.0
6837,0.0
6838,0.0
6839,0.0
6840,0.0
6841,0.0
6842,0.0
6843,0.0
6844,0.0
6845,0.0
6846,0.0
6847,34.403214999999996
6848,305.87784000000005
6849,430.62656
6850,796.2382
6851,1055.1014
6852,1127.9145
6853,1036.8774
6854,897.2344
6855,711.2899
6856,317.00870000000003
6857,102.54171000000001
6858,0.0
6859,0.0
6860,0.0
6861,0.0
6862,0.0
6863,0.0
6864,0.0
6865,0.0
6866,0.0
6867,0.0
6868,0.0
6869,0.0
6870,0.0
6871,13.384848
6872,91.98332
6873,178.00777
6874,249.88195000000002
6875,294.69190000000003
6876,313.3539
6877,304.78475
6878,267.66984
6879,205.0926
6880,122.59064
6881,37.723099999999995
6882,0.0
6883,0.0
6884,0.0
6885,0.0
6886,0.0
6887,0.0
6888,0.0
6889,0.0
6890,0.0
6891,0.0
6892,0.0
6893,0.0
6894,0.0
6895,29.547511999999998
6896,319.4612
6897,419.73184000000003
6898,250.26475
6899,549.77075
6900,759.6291
6901,712.73244
6902,792.0387
6903,664.77144
6904,247.47054999999997
6905,84.67658
6906,0.0
6907,0.0
6908,0.0
6909,0.0
6910,0.0
6911,0.0
6912,0.0
6913,0.0
6914,0.0
6915,0.0
6916,0.0
6917,0.0
6918,0.0
6919,17.769026999999998
6920,201.37495
6921,579.39606
6922,552.6852
6923,974.2642
6924,648.8793000000001
6925,463.58694
6926,470.41838
6927,371.09828000000005
6928,313.75647
6929,105.33413
6930,0.0
6931,0.0
6932,0.0
6933,0.0
6934,0.0
6935,0.0
6936,0.0
6937,0.0
6938,0.0
6939,0.0
6940,0.0
6941,0.0
6942,0.0
6943,36.242984
6944,182.2782
6945,289.2213
6946,527.3835600000001
6947,541.9926999999999
6948,645.73
6949,686.85
6950,404.64434
6951,386.3269
6952,364.49771999999996
6953,37.97235
6954,0.0
6955,0.0
6956,0.0
6957,0.0
6958,0.0
6959,0.0
6960,0.0
6961,0.0
6962,0.0
6963,0.0
6964,0.0
6965,0.0
6966,0.0
6967,22.413926
6968,275.54456
6969,521.9765
6970,587.5225
6971,751.9415600000001
6972,451.80812
6973,577.9665600000001
6974,620.95544
6975,299.29796999999996
6976,301.4396
6977,65.39038
6978,0.0
6979,0.0
6980,0.0
6981,0.0
6982,0.0
6983,0.0
6984,0.0
6985,0.0
6986,0.0
6987,0.0
6988,0.0
6989,0.0
6990,0.0
6991,15.64395
6992,95.88089
6993,559.77
6994,453.20646999999997
6995,271.73621999999995
6996,289.6918
6997,690.9462
6998,247.75744
6999,188.55355
7000,108.98961
7001,27.319504000000002
7002,0.0
7003,0.0
7004,0.0
7005,0.0
7006,0.0
7007,0.0
7008,0.0
7009,0.0
7010,0.0
7011,0.0
7012,0.0
7013,0.0
7014,0.0
7015,10.298181000000001
7016,68.13002
7017,149.24686
7018,220.24005
7019,267.35012
7020,286.84028
7021,276.40853000000004
7022,238.64577
7023,174.00779999999997
7024,94.35280999999999
7025,26.290277
7026,0.0
7027,0.0
7028,0.0
7029,0.0
7030,0.0
7031,0.0
7032,0.0
7033,0.0
7034,0.0
7035,0.0
7036,0.0
7037,0.0
7038,0.0
7039,18.320816
7040,198.244
7041,476.67947
7042,340.96503
7043,859.48975
7044,459.09534
7045,745.6423000000001
7046,611.3974000000001
7047,460.06672
7048,182.01112
7049,44.28147
7050,0.0
7051,0.0
7052,0.0
7053,0.0
7054,0.0
7055,0.0
7056,0.0
7057,0.0
7058,0.0
7059,0.0
7060,0.0
7061,0.0
7062,0.0
7063,13.159006999999999
7064,274.1557
7065,598.0617
7066,889.7475999999999
7067,1062.1684
7068,1123.2713999999999
7069,1086.0358999999999
7070,941.2333000000001
7071,674.5295
7072,369.05484
7073,62.774316
7074,0.0
7075,0.0
7076,0.0
7077,0.0
7078,0.0
7079,0.0
7080,0.0
7081,0.0
7082,0.0
7083,0.0
7084,0.0
7085,0.0
7086,0.0
7087,13.851927
7088,243.5324
7089,524.63244
7090,786.71856
7091,741.15956
7092,980.3288
7093,914.28225
7094,867.29044
7095,280.76338
7096,97.32225
7097,19.02286
7098,0.0
7099,0.0
7100,0.0
7101,0.0
7102,0.0
7103,0.0
7104,0.0
7105,0.0
7106,0.0
7107,0.0
7108,0.0
7109,0.0
7110,0.0
7111,4.1723364
7112,59.790355000000005
7113,154.9238
7114,224.32814000000002
7115,270.13771999999994
7116,289.48194
7117,278.8097
7118,240.00589000000002
7119,176.73375
7120,234.292
7121,62.477457
7122,0.0
7123,0.0
7124,0.0
7125,0.0
7126,0.0
7127,0.0
7128,0.0
7129,0.0
7130,0.0
7131,0.0
7132,0.0
7133,0.0
7134,0.0
7135,11.448362
7136,184.8475
7137,347.58888
7138,447.15038
7139,913.6410999999999
7140,862.64794
7141,901.2704399999999
7142,451.94828
7143,221.50744
7144,130.02377
7145,45.555150000000005
7146,0.0
7147,0.0
7148,0.0
7149,0.0
7150,0.0
7151,0.0
7152,0.0
7153,0.0
7154,0.0
7155,0.0
7156,0.0
7157,0.0
7158,0.0
7159,6.853909
7160,173.59405999999998
7161,552.9446999999999
7162,589.58925
7163,733.5064
7164,557.3887
7165,635.61875
7166,373.58744
7167,428.84522
7168,293.5208
7169,24.891684
7170,0.0
7171,0.0
7172,0.0
7173,0.0
7174,0.0
7175,0.0
7176,0.0
7177,0.0
7178,0.0
7179,0.0
7180,0.0
7181,0.0
7182,0.0
7183,4.1588286
7184,54.21237
7185,129.12317
7186,162.92414000000002
7187,202.71278
7188,263.8974
7189,586.2201
7190,212.97216
7191,151.14278
7192,74.505625
7193,18.091385
7194,0.0
7195,0.0
7196,0.0
7197,0.0
7198,0.0
7199,0.0
7200,0.0
7201,0.0
7202,0.0
7203,0.0
7204,0.0
7205,0.0
7206,0.0
7207,4.1456997
7208,61.464766000000004
7209,141.94416
7210,209.67798000000002
7211,254.82803
7212,273.9574
7213,263.43697
7214,225.12284
7215,206.96298000000002
7216,205.86558
7217,13.348054
7218,0.0
7219,0.0
7220,0.0
7221,0.0
7222,0.0
7223,0.0
7224,0.0
7225,0.0
7226,0.0
7227,0.0
7228,0.0
7229,0.0
7230,0.0
7231,5.2370034
7232,93.40356
7233,238.21486
7234,741.65156
7235,760.2035
7236,861.831
7237,752.89525
7238,391.45675
7239,528.4199
7240,166.26238
7241,23.154937999999998
7242,0.0
7243,0.0
7244,0.0
7245,0.0
7246,0.0
7247,0.0
7248,0.0
7249,0.0
7250,0.0
7251,0.0
7252,0.0
7253,0.0
7254,0.0
7255,5.585337000000001
7256,121.96889
7257,349.41256
7258,582.8673
7259,858.1774
7260,896.0294399999999
7261,687.18544
7262,628.15825
7263,514.1807
7264,149.9893
7265,21.631203000000003
7266,0.0
7267,0.0
7268,0.0
7269,0.0
7270,0.0
7271,0.0
7272,0.0
7273,0.0
7274,0.0
7275,0.0
7276,0.0
7277,0.0
7278,0.0
7279,2.766455
7280,48.330523
7281,117.44688000000001
7282,185.53025
7283,232.78256
7284,250.08019000000002
7285,239.10698000000002
7286,200.44228
7287,138.19561
7288,65.243574
7289,13.552346
7290,0.0
7291,0.0
7292,0.0
7293,0.0
7294,0.0
7295,0.0
7296,0.0
7297,0.0
7298,0.0
7299,0.0
7300,0.0
7301,0.0
7302,0.0
7303,0.0
7304,126.11411
7305,378.4794
7306,622.4876999999999
7307,791.6693
7308,818.7405
7309,840.4304000000001
7310,671.8705
7311,233.99367
7312,200.35181
7313,10.06008
7314,0.0
7315,0.0
7316,0.0
7317,0.0
7318,0.0
7319,0.0
7320,0.0
7321,0.0
7322,0.0
7323,0.0
7324,0.0
7325,0.0
7326,0.0
7327,0.0
7328,58.427285000000005
7329,125.168055
7330,688.3004
7331,888.98756
7332,911.79025
7333,875.5182
7334,753.97444
7335,558.8329
7336,241.25629999999998
7337,8.816598
7338,0.0
7339,0.0
7340,0.0
7341,0.0
7342,0.0
7343,0.0
7344,0.0
7345,0.0
7346,0.0
7347,0.0
7348,0.0
7349,0.0
7350,0.0
7351,0.0
7352,184.52923
7353,451.50712
7354,685.76275
7355,852.1365
7356,864.3976
7357,828.4286
7358,657.1664000000001
7359,459.21956
7360,250.12669
7361,7.064882
7362,0.0
7363,0.0
7364,0.0
7365,0.0
7366,0.0
7367,0.0
7368,0.0
7369,0.0
7370,0.0
7371,0.0
7372,0.0
7373,0.0
7374,0.0
7375,0.0
7376,138.45286
7377,451.80071999999996
7378,720.0346
7379,838.8940600000001
7380,919.7975600000001
7381,848.11925
7382,746.236
7383,522.14256
7384,232.52398000000002
7385,5.432733
7386,0.0
7387,0.0
7388,0.0
7389,0.0
7390,0.0
7391,0.0
7392,0.0
7393,0.0
7394,0.0
7395,0.0
7396,0.0
7397,0.0
7398,0.0
7399,0.0
7400,156.98175
7401,456.27188
7402,659.82456
7403,780.96075
7404,844.9708
7405,864.23406
7406,694.3640600000001
7407,526.36156
7408,231.79358
7409,3.9354788
7410,0.0
7411,0.0
7412,0.0
7413,0.0
7414,0.0
7415,0.0
7416,0.0
7417,0.0
7418,0.0
7419,0.0
7420,0.0
7421,0.0
7422,0.0
7423,0.0
7424,100.493695
7425,358.79775
7426,214.29962
7427,139.82325
7428,236.51723
7429,189.24078
7430,144.23653
7431,90.6147
7432,30.649639999999998
7433,0.15318306
7434,0.0
7435,0.0
7436,0.0
7437,0.0
7438,0.0
7439,0.0
7440,0.0
7441,0.0
7442,0.0
7443,0.0
7444,0.0
7445,0.0
7446,0.0
7447,0.0
7448,30.26765
7449,290.17665999999997
7450,90.39095
7451,116.974336
7452,123.04582
7453,118.171375
7454,105.15104
7455,170.93554999999998
7456,75.04687
7457,1.5752943
7458,0.0
7459,0.0
7460,0.0
7461,0.0
7462,0.0
7463,0.0
7464,0.0
7465,0.0
7466,0.0
7467,0.0
7468,0.0
7469,0.0
7470,0.0
7471,0.0
7472,70.36280000000001
7473,105.14075
7474,323.64772
7475,575.7319399999999
7476,744.06425
7477,833.91675
7478,543.4531
7479,479.79970000000003
7480,208.52408
7481,0.70732043
7482,0.0
7483,0.0
7484,0.0
7485,0.0
7486,0.0
7487,0.0
7488,0.0
7489,0.0
7490,0.0
7491,0.0
7492,0.0
7493,0.0
7494,0.0
7495,0.0
7496,52.544019999999996
7497,68.45936999999999
7498,128.18587
7499,120.73223
7500,127.86328999999999
7501,122.46816
7502,217.40283
7503,64.22066000000001
7504,30.872854
7505,0.0
7506,0.0
7507,0.0
7508,0.0
7509,0.0
7510,0.0
7511,0.0
7512,0.0
7513,0.0
7514,0.0
7515,0.0
7516,0.0
7517,0.0
7518,0.0
7519,0.0
7520,32.84136
7521,132.95262
7522,186.15481
7523,332.73334
7524,594.6168
7525,617.2899
7526,624.0505
7527,309.62266
7528,179.3823
7529,0.0
7530,0.0
7531,0.0
7532,0.0
7533,0.0
7534,0.0
7535,0.0
7536,0.0
7537,0.0
7538,0.0
7539,0.0
7540,0.0
7541,0.0
7542,0.0
7543,0.0
7544,97.350875
7545,277.92944
7546,446.40828000000005
7547,549.27275
7548,582.69806
7549,564.65775
7550,467.9171
7551,317.7448
7552,132.74325
7553,0.0
7554,0.0
7555,0.0
7556,0.0
7557,0.0
7558,0.0
7559,0.0
7560,0.0
7561,0.0
7562,0.0
7563,0.0
7564,0.0
7565,0.0
7566,0.0
7567,0.0
7568,14.397579
7569,105.64059
7570,92.86451
7571,109.80682
7572,126.98108
7573,121.54058599999999
7574,97.49423
7575,136.04483
7576,52.458535000000005
7577,0.0
7578,0.0
7579,0.0
7580,0.0
7581,0.0
7582,0.0
7583,0.0
7584,0.0
7585,0.0
7586,0.0
7587,0.0
7588,0.0
7589,0.0
7590,0.0
7591,0.0
7592,82.63258599999999
7593,68.227734
7594,105.938305
7595,110.76257000000001
7596,127.802125
7597,112.48995
7598,98.65948399999999
7599,81.81411
7600,51.603617
7601,0.0
7602,0.0
7603,0.0
7604,0.0
7605,0.0
7606,0.0
7607,0.0
7608,0.0
7609,0.0
7610,0.0
7611,0.0
7612,0.0
7613,0.0
7614,0.0
7615,0.0
7616,16.205029
7617,135.31548
7618,212.37460000000002
7619,177.59019
7620,202.5429
7621,133.83797
7622,98.99167999999999
7623,92.60372
7624,67.546375
7625,0.0
7626,0.0
7627,0.0
7628,0.0
7629,0.0
7630,0.0
7631,0.0
7632,0.0
7633,0.0
7634,0.0
7635,0.0
7636,0.0
7637,0.0
7638,0.0
7639,0.0
7640,89.69964
7641,381.12494
7642,608.2404
7643,803.8549399999999
7644,790.5755600000001
7645,825.4619399999999
7646,673.2598
7647,422.4012
7648,175.06985999999998
7649,0.0
7650,0.0
7651,0.0
7652,0.0
7653,0.0
7654,0.0
7655,0.0
7656,0.0
7657,0.0
7658,0.0
7659,0.0
7660,0.0
7661,0.0
7662,0.0
7663,0.0
7664,42.351417999999995
7665,70.85488000000001
7666,96.8058
7667,112.33616
7668,151.03978
7669,114.25366
7670,100.2773
7671,120.29811
7672,52.34248
7673,0.0
7674,0.0
7675,0.0
7676,0.0
7677,0.0
7678,0.0
7679,0.0
7680,0.0
7681,0.0
7682,0.0
7683,0.0
7684,0.0
7685,0.0
7686,0.0
7687,0.0
7688,72.28144999999999
7689,141.28880999999998
7690,206.67426999999998
7691,520.3772
7692,119.84944
7693,435.08484000000004
7694,169.72494
7695,158.02344
7696,22.891197000000002
7697,0.0
7698,0.0
7699,0.0
7700,0.0
7701,0.0
7702,0.0
7703,0.0
7704,0.0
7705,0.0
7706,0.0
7707,0.0
7708,0.0
7709,0.0
7710,0.0
7711,0.0
7712,19.927419999999998
7713,101.16703
7714,121.17505
7715,124.24966
7716,174.18438
7717,177.82938000000001
7718,100.9363
7719,101.75169
7720,67.29261
7721,0.0
7722,0.0
7723,0.0
7724,0.0
7725,0.0
7726,0.0
7727,0.0
7728,0.0
7729,0.0
7730,0.0
7731,0.0
7732,0.0
7733,0.0
7734,0.0
7735,0.0
7736,0.0
7737,74.11628999999999
7738,121.8869
7739,113.95806
7740,251.10569
7741,318.1106
7742,90.11358
7743,139.33712
7744,74.27939
7745,0.0
7746,0.0
7747,0.0
7748,0.0
7749,0.0
7750,0.0
7751,0.0
7752,0.0
7753,0.0
7754,0.0
7755,0.0
7756,0.0
7757,0.0
7758,0.0
7759,0.0
7760,0.0
7761,215.72019
7762,297.2131
7763,146.57228
7764,183.78364000000002
7765,390.59294
7766,318.83446999999995
7767,206.16045000000003
7768,74.210766
7769,0.0
7770,0.0
7771,0.0
7772,0.0
7773,0.0
7774,0.0
7775,0.0
7776,0.0
7777,0.0
7778,0.0
7779,0.0
7780,0.0
7781,0.0
7782,0.0
7783,0.0
7784,0.0
7785,239.40625
7786,345.1978
7787,777.309
7788,866.6773000000001
7789,820.1401
7790,417.95225
7791,435.92728000000005
7792,159.40353
7793,0.0
7794,0.0
7795,0.0
7796,0.0
7797,0.0
7798,0.0
7799,0.0
7800,0.0
7801,0.0
7802,0.0
7803,0.0
7804,0.0
7805,0.0
7806,0.0
7807,0.0
7808,0.0
7809,370.07421999999997
7810,608.4995600000001
7811,784.3053000000001
7812,845.287
7813,809.1099
7814,545.1843
7815,296.699
7816,158.59417000000002
7817,0.0
7818,0.0
7819,0.0
7820,0.0
7821,0.0
7822,0.0
7823,0.0
7824,0.0
7825,0.0
7826,0.0
7827,0.0
7828,0.0
7829,0.0
7830,0.0
7831,0.0
7832,0.0
7833,189.6027
7834,232.75039
7835,601.5851
7836,836.2825
7837,393.57912
7838,521.46675
7839,254.16416
7840,137.09064
7841,0.0
7842,0.0
7843,0.0
7844,0.0
7845,0.0
7846,0.0
7847,0.0
7848,0.0
7849,0.0
7850,0.0
7851,0.0
7852,0.0
7853,0.0
7854,0.0
7855,0.0
7856,0.0
7857,362.90603000000004
7858,589.5404
7859,780.8533
7860,842.9411
7861,803.85806
7862,672.6360999999999
7863,432.11147
7864,138.01834
7865,0.0
7866,0.0
7867,0.0
7868,0.0
7869,0.0
7870,0.0
7871,0.0
7872,0.0
7873,0.0
7874,0.0
7875,0.0
7876,0.0
7877,0.0
7878,0.0
7879,0.0
7880,0.0
7881,88.31246
7882,422.68475
7883,225.98128
7884,150.47944
7885,307.0372
7886,150.51933
7887,110.40372
7888,35.064242
7889,0.0
7890,0.0
7891,0.0
7892,0.0
7893,0.0
7894,0.0
7895,0.0
7896,0.0
7897,0.0
7898,0.0
7899,0.0
7900,0.0
7901,0.0
7902,0.0
7903,0.0
7904,0.0
7905,119.71191
7906,159.03866
7907,125.15055000000001
7908,215.91894
7909,103.47792
7910,169.09375
7911,91.555375
7912,48.736508
7913,0.0
7914,0.0
7915,0.0
7916,0.0
7917,0.0
7918,0.0
7919,0.0
7920,0.0
7921,0.0
7922,0.0
7923,0.0
7924,0.0
7925,0.0
7926,0.0
7927,0.0
7928,0.0
7929,88.54701
7930,133.559
7931,135.0939
7932,108.485164
7933,135.08252
7934,100.19114
7935,91.75133
7936,117.376164
7937,0.0
7938,0.0
7939,0.0
7940,0.0
7941,0.0
7942,0.0
7943,0.0
7944,0.0
7945,0.0
7946,0.0
7947,0.0
7948,0.0
7949,0.0
7950,0.0
7951,0.0
7952,0.0
7953,89.28605
7954,156.43222
7955,199.80547
7956,168.66902
7957,214.02501999999998
7958,185.34332999999998
7959,126.270805
7960,100.456875
7961,0.0
7962,0.0
7963,0.0
7964,0.0
7965,0.0
7966,0.0
7967,0.0
7968,0.0
7969,0.0
7970,0.0
7971,0.0
7972,0.0
7973,0.0
7974,0.0
7975,0.0
7976,0.0
7977,122.372875
7978,74.76049
7979,170.28038
7980,261.71275
7981,250.82716
7982,188.20248
7983,136.01203
7984,34.813535
7985,0.0
7986,0.0
7987,0.0
7988,0.0
7989,0.0
7990,0.0
7991,0.0
7992,0.0
7993,0.0
7994,0.0
7995,0.0
7996,0.0
7997,0.0
7998,0.0
7999,0.0
8000,0.0
8001,62.589344
8002,134.81597
8003,158.60694
8004,250.70092000000002
8005,241.45167
8006,460.8835
8007,297.88746999999995
8008,119.83447
8009,0.0
8010,0.0
8011,0.0
8012,0.0
8013,0.0
8014,0.0
8015,0.0
8016,0.0
8017,0.0
8018,0.0
8019,0.0
8020,0.0
8021,0.0
8022,0.0
8023,0.0
8024,0.0
8025,315.15928
8026,567.3971
8027,741.988
8028,758.3756999999999
8029,791.426
8030,600.54106
8031,373.50266
8032,115.39305499999999
8033,0.0
8034,0.0
8035,0.0
8036,0.0
8037,0.0
8038,0.0
8039,0.0
8040,0.0
8041,0.0
8042,0.0
8043,0.0
8044,0.0
8045,0.0
8046,0.0
8047,0.0
8048,0.0
8049,321.371
8050,496.136
8051,617.98894
8052,706.9954399999999
8053,678.62175
8054,517.43503
8055,348.59747
8056,84.39947000000001
8057,0.0
8058,0.0
8059,0.0
8060,0.0
8061,0.0
8062,0.0
8063,0.0
8064,0.0
8065,0.0
8066,0.0
8067,0.0
8068,0.0
8069,0.0
8070,0.0
8071,0.0
8072,0.0
8073,240.55294
8074,479.48722
8075,597.4616
8076,746.03206
8077,698.38344
8078,505.98434000000003
8079,322.81484
8080,74.00241
8081,0.0
8082,0.0
8083,0.0
8084,0.0
8085,0.0
8086,0.0
8087,0.0
8088,0.0
8089,0.0
8090,0.0
8091,0.0
8092,0.0
8093,0.0
8094,0.0
8095,0.0
8096,0.0
8097,35.14807
8098,61.429379999999995
8099,88.20197999999999
8100,115.152266
8101,99.8599
8102,214.38719
8103,78.67794500000001
8104,14.211879000000001
8105,0.0
8106,0.0
8107,0.0
8108,0.0
8109,0.0
8110,0.0
8111,0.0
8112,0.0
8113,0.0
8114,0.0
8115,0.0
8116,0.0
8117,0.0
8118,0.0
8119,0.0
8120,0.0
8121,35.150613
8122,243.49864000000002
8123,100.15311
8124,273.6291
8125,161.26347
8126,86.09144500000001
8127,244.54772
8128,56.368227
8129,0.0
8130,0.0
8131,0.0
8132,0.0
8133,0.0
8134,0.0
8135,0.0
8136,0.0
8137,0.0
8138,0.0
8139,0.0
8140,0.0
8141,0.0
8142,0.0
8143,0.0
8144,0.0
8145,48.87894
8146,85.925586
8147,89.03674000000001
8148,170.65642000000003
8149,92.66368
8150,77.22716
8151,62.32773
8152,32.586008
8153,0.0
8154,0.0
8155,0.0
8156,0.0
8157,0.0
8158,0.0
8159,0.0
8160,0.0
8161,0.0
8162,0.0
8163,0.0
8164,0.0
8165,0.0
8166,0.0
8167,0.0
8168,0.0
8169,111.95673
8170,174.56122
8171,705.32675
8172,809.38725
8173,778.3611
8174,210.93778
8175,404.61422
8176,120.30176
8177,0.0
8178,0.0
8179,0.0
8180,0.0
8181,0.0
8182,0.0
8183,0.0
8184,0.0
8185,0.0
8186,0.0
8187,0.0
8188,0.0
8189,0.0
8190,0.0
8191,0.0
8192,3.9696318
8193,270.27416
8194,550.9619
8195,717.0163
8196,813.09425
8197,758.9141999999999
8198,620.5985
8199,399.58244
8200,116.69607
8201,0.0
8202,0.0
8203,0.0
8204,0.0
8205,0.0
8206,0.0
8207,0.0
8208,0.0
8209,0.0
8210,0.0
8211,0.0
8212,0.0
8213,0.0
8214,0.0
8215,0.0
8216,2.4325312
8217,257.18338
8218,549.5643
8219,715.29556
8220,804.87194
8221,754.8690600000001
8222,627.7887
8223,402.0663
8224,32.89405
8225,0.0
8226,0.0
8227,0.0
8228,0.0
8229,0.0
8230,0.0
8231,0.0
8232,0.0
8233,0.0
8234,0.0
8235,0.0
8236,0.0
8237,0.0
8238,0.0
8239,0.0
8240,0.66727264
8241,67.61603
8242,148.63519
8243,194.4013
8244,360.51394
8245,753.0635
8246,623.02206
8247,401.88671999999997
8248,118.20677
8249,0.0
8250,0.0
8251,0.0
8252,0.0
8253,0.0
8254,0.0
8255,0.0
8256,0.0
8257,0.0
8258,0.0
8259,0.0
8260,0.0
8261,0.0
8262,0.0
8263,0.0
8264,1.8919243
8265,244.9632
8266,524.4779
8267,707.2944399999999
8268,780.69144
8269,758.72356
8270,622.0553000000001
8271,402.45438
8272,112.91071000000001
8273,0.0
8274,0.0
8275,0.0
8276,0.0
8277,0.0
8278,0.0
8279,0.0
8280,0.0
8281,0.0
8282,0.0
8283,0.0
8284,0.0
8285,0.0
8286,0.0
8287,0.0
8288,1.6816085
8289,233.18648000000002
8290,513.4738
8291,702.763
8292,509.61875
8293,741.037
8294,617.8669
8295,398.44794
8296,112.206875
8297,0.0
8298,0.0
8299,0.0
8300,0.0
8301,0.0
8302,0.0
8303,0.0
8304,0.0
8305,0.0
8306,0.0
8307,0.0
8308,0.0
8309,0.0
8310,0.0
8311,0.0
8312,2.6805527000000002
8313,237.97226999999998
8314,320.38046999999995
8315,662.70894
8316,746.176
8317,603.586
8318,613.4355
8319,397.181
8320,115.68193
8321,0.0
8322,0.0
8323,0.0
8324,0.0
8325,0.0
8326,0.0
8327,0.0
8328,0.0
8329,0.0
8330,0.0
8331,0.0
8332,0.0
8333,0.0
8334,0.0
8335,0.0
8336,0.7469040499999999
8337,249.92034
8338,523.39844
8339,689.27744
8340,755.2229
8341,735.9528
8342,609.5614
8343,423.87162
8344,118.77325
8345,0.0
8346,0.0
8347,0.0
8348,0.0
8349,0.0
8350,0.0
8351,0.0
8352,0.0
8353,0.0
8354,0.0
8355,0.0
8356,0.0
8357,0.0
8358,0.0
8359,0.0
8360,0.8704799000000001
8361,254.49654999999998
8362,531.5897
8363,705.4609
8364,765.5648
8365,749.3876
8366,619.3041999999999
8367,402.07634
8368,121.57472
8369,0.0
8370,0.0
8371,0.0
8372,0.0
8373,0.0
8374,0.0
8375,0.0
8376,0.0
8377,0.0
8378,0.0
8379,0.0
8380,0.0
8381,0.0
8382,0.0
8383,0.0
8384,0.68344995
8385,86.04799
8386,437.35575
8387,690.9572
8388,756.4829
8389,745.114
8390,616.99875
8391,354.82640000000004
8392,128.25186
8393,0.0
8394,0.0
8395,0.0
8396,0.0
8397,0.0
8398,0.0
8399,0.0
8400,0.0
8401,0.0
8402,0.0
8403,0.0
8404,0.0
8405,0.0
8406,0.0
8407,0.0
8408,0.18088500999999998
8409,240.9298
8410,520.5623400000001
8411,677.1641
8412,762.7945
8413,446.62571999999994
8414,616.6862
8415,404.99662
8416,119.48687
8417,0.0
8418,0.0
8419,0.0
8420,0.0
8421,0.0
8422,0.0
8423,0.0
8424,0.0
8425,0.0
8426,0.0
8427,0.0
8428,0.0
8429,0.0
8430,0.0
8431,0.0
8432,0.6824786
8433,162.52645
8434,246.85352
8435,627.2463
8436,589.02425
8437,578.0574399999999
8438,475.60725
8439,299.85853000000003
8440,100.314734
8441,0.0
8442,0.0
8443,0.0
8444,0.0
8445,0.0
8446,0.0
8447,0.0
8448,0.0
8449,0.0
8450,0.0
8451,0.0
8452,0.0
8453,0.0
8454,0.0
8455,0.0
8456,0.14740839
8457,72.21858999999999
8458,262.0574
8459,185.35494
8460,164.80223
8461,168.73208
8462,160.40035999999998
8463,293.38316
8464,87.470484
8465,0.0
8466,0.0
8467,0.0
8468,0.0
8469,0.0
8470,0.0
8471,0.0
8472,0.0
8473,0.0
8474,0.0
8475,0.0
8476,0.0
8477,0.0
8478,0.0
8479,0.0
8480,0.14667162
8481,40.530535
8482,79.24601
8483,94.3793
8484,99.47808599999999
8485,106.18978
8486,109.81089999999999
8487,101.84564
8488,60.905332
8489,0.0
8490,0.0
8491,0.0
8492,0.0
8493,0.0
8494,0.0
8495,0.0
8496,0.0
8497,0.0
8498,0.0
8499,0.0
8500,0.0
8501,0.0
8502,0.0
8503,0.0
8504,0.0
8505,40.555949999999996
8506,66.528125
8507,675.509
8508,771.2689
8509,756.0110999999999
8510,357.55794000000003
8511,230.23517
8512,138.49028
8513,0.0
8514,0.0
8515,0.0
8516,0.0
8517,0.0
8518,0.0
8519,0.0
8520,0.0
8521,0.0
8522,0.0
8523,0.0
8524,0.0
8525,0.0
8526,0.0
8527,0.0
8528,0.104144424
8529,232.97684
8530,517.2475999999999
8531,675.04044
8532,741.36256
8533,721.828
8534,647.0994000000001
8535,422.92670000000004
8536,134.33306
8537,0.0
8538,0.0
8539,0.0
8540,0.0
8541,0.0
8542,0.0
8543,0.0
8544,0.0
8545,0.0
8546,0.0
8547,0.0
8548,0.0
8549,0.0
8550,0.0
8551,0.0
8552,0.084564835
8553,236.54314000000002
8554,376.63612
8555,563.59425
8556,639.1531
8557,473.1582
8558,449.5509
8559,416.26820000000004
8560,135.12589000000003
8561,0.0
8562,0.0
8563,0.0
8564,0.0
8565,0.0
8566,0.0
8567,0.0
8568,0.0
8569,0.0
8570,0.0
8571,0.0
8572,0.0
8573,0.0
8574,0.0
8575,0.0
8576,0.14968404000000002
8577,201.8865
8578,440.14979999999997
8579,603.6504
8580,616.4999
8581,585.52206
8582,497.72497
8583,405.43744
8584,137.5229
8585,0.0
8586,0.0
8587,0.0
8588,0.0
8589,0.0
8590,0.0
8591,0.0
8592,0.0
8593,0.0
8594,0.0
8595,0.0
8596,0.0
8597,0.0
8598,0.0
8599,0.0
8600,0.1498939
8601,238.87527
8602,427.85334
8603,642.2121999999999
8604,730.7746
8605,270.93021999999996
8606,196.35384
8607,192.6539
8608,106.66202
8609,0.0
8610,0.0
8611,0.0
8612,0.0
8613,0.0
8614,0.0
8615,0.0
8616,0.0
8617,0.0
8618,0.0
8619,0.0
8620,0.0
8621,0.0
8622,0.0
8623,0.0
8624,0.14941978
8625,240.05931
8626,475.84253
8627,678.5413000000001
8628,751.8112
8629,757.78144
8630,650.8696
8631,389.2403
8632,147.47752
8633,0.0
8634,0.0
8635,0.0
8636,0.0
8637,0.0
8638,0.0
8639,0.0
8640,0.0
8641,0.0
8642,0.0
8643,0.0
8644,0.0
8645,0.0
8646,0.0
8647,0.0
8648,0.0
8649,201.1018
8650,470.74925
8651,614.64325
8652,674.1953000000001
8653,755.96275
8654,644.37794
8655,431.26928000000004
8656,145.94322
8657,0.0
8658,0.0
8659,0.0
8660,0.0
8661,0.0
8662,0.0
8663,0.0
8664,0.0
8665,0.0
8666,0.0
8667,0.0
8668,0.0
8669,0.0
8670,0.0
8671,0.0
8672,0.0
8673,219.14901999999998
8674,520.34028
8675,664.673
8676,760.6048000000001
8677,750.5412
8678,633.4518
8679,370.81856
8680,117.84730499999999
8681,0.0
8682,0.0
8683,0.0
8684,0.0
8685,0.0
8686,0.0
8687,0.0
8688,0.0
8689,0.0
8690,0.0
8691,0.0
8692,0.0
8693,0.0
8694,0.0
8695,0.0
8696,0.0
8697,25.922861
8698,76.87816000000001
8699,243.40225
8700,448.69744000000003
8701,281.54603000000003
8702,316.16453
8703,264.87428000000006
8704,70.436234
8705,0.0
8706,0.0
8707,0.0
8708,0.0
8709,0.0
8710,0.0
8711,0.0
8712,0.0
8713,0.0
8714,0.0
8715,0.0
8716,0.0
8717,0.0
8718,0.0
8719,0.0
8720,0.0
8721,148.00764
8722,200.50089000000003
8723,350.10538
8724,324.31359999999995
8725,359.01134
8726,300.63640000000004
8727,154.21362
8728,64.80895
8729,0.0
8730,0.0
8731,0.0
8732,0.0
8733,0.0
8734,0.0
8735,0.0
8736,0.0
8737,0.0
8738,0.0
8739,0.0
8740,0.0
8741,0.0
8742,0.0
8743,0.0
8744,0.0
8745,93.69779
8746,404.0172
8747,502.43306
8748,323.3981
8749,275.7194
8750,430.08272
8751,393.04940000000005
8752,133.49302
8753,0.0
8754,0.0
8755,0.0
8756,0.0
8757,0.0
8758,0.0
8759,0.0
8760,0.0
