Hour,Load (kW)
1,0.0
2,0.0
3,0.0
4,0.0
5,0.0
6,0.0
7,0.0
8,0.0
9,219.06728
10,251.00938
11,348.87397
12,570.4611
13,662.82
14,665.7658
15,442.88888000000003
16,158.12953
17,0.0
18,0.0
19,0.0
20,0.0
21,0.0
22,0.0
23,0.0
24,0.0
25,0.0
26,0.0
27,0.0
28,0.0
29,0.0
30,0.0
31,0.0
32,0.0
33,128.33971
34,111.45137
35,286.6273
36,254.70136
37,190.15669
38,276.08206
39,134.49095
40,132.44879999999998
41,0.0
42,0.0
43,0.0
44,0.0
45,0.0
46,0.0
47,0.0
48,0.0
49,0.0
50,0.0
51,0.0
52,0.0
53,0.0
54,0.0
55,0.0
56,0.0
57,40.570226999999996
58,87.84197
59,123.30868
60,138.67017
61,144.02077
62,118.13258
63,82.73080499999999
64,59.7576
65,0.0
66,0.0
67,0.0
68,0.0
69,0.0
70,0.0
71,0.0
72,0.0
73,0.0
74,0.0
75,0.0
76,0.0
77,0.0
78,0.0
79,0.0
80,0.0
81,25.73861
82,88.39908
83,81.03487
84,193.61823
85,113.08022
86,281.61103
87,205.19281
88,87.69028999999999
89,0.0
90,0.0
91,0.0
92,0.0
93,0.0
94,0.0
95,0.0
96,0.0
97,0.0
98,0.0
99,0.0
100,0.0
101,0.0
102,0.0
103,0.0
104,0.0
105,198.03131
106,215.17498
107,686.37325
108,443.44228000000004
109,248.12617
110,177.12664
111,136.97348000000002
112,198.32288
113,0.118427536
114,0.0
115,0.0
116,0.0
117,0.0
118,0.0
119,0.0
120,0.0
121,0.0
122,0.0
123,0.0
124,0.0
125,0.0
126,0.0
127,0.0
128,0.0
129,203.32604999999998
130,296.5532
131,218.92970000000003
132,263.76946999999996
133,309.12847
134,180.69686
135,239.81052
136,98.17927
137,0.116233734
138,0.0
139,0.0
140,0.0
141,0.0
142,0.0
143,0.0
144,0.0
145,0.0
146,0.0
147,0.0
148,0.0
149,0.0
150,0.0
151,0.0
152,0.0
153,219.15607999999997
154,519.7908
155,670.3414
156,700.442
157,356.85256
158,274.1315
159,179.34928
160,30.850953
161,0.11539772999999999
162,0.0
163,0.0
164,0.0
165,0.0
166,0.0
167,0.0
168,0.0
169,0.0
170,0.0
171,0.0
172,0.0
173,0.0
174,0.0
175,0.0
176,0.0
177,73.84475
178,496.09740000000005
179,312.60470000000004
180,192.57076999999998
181,247.10727
182,227.4458
183,138.44235999999998
184,217.0563
185,0.55241943
186,0.0
187,0.0
188,0.0
189,0.0
190,0.0
191,0.0
192,0.0
193,0.0
194,0.0
195,0.0
196,0.0
197,0.0
198,0.0
199,0.0
200,0.11846436
201,233.56383
202,265.43203000000005
203,487.8395
204,380.1361
205,217.7156
206,190.08212
207,352.89646999999997
208,165.55069
209,1.3123077
210,0.0
211,0.0
212,0.0
213,0.0
214,0.0
215,0.0
216,0.0
217,0.0
218,0.0
219,0.0
220,0.0
221,0.0
222,0.0
223,0.0
224,0.0
225,236.23975
226,539.51606
227,736.9384
228,816.88025
229,831.3661
230,620.3825
231,516.67822
232,220.77972
233,2.3645889
234,0.0
235,0.0
236,0.0
237,0.0
238,0.0
239,0.0
240,0.0
241,0.0
242,0.0
243,0.0
244,0.0
245,0.0
246,0.0
247,0.0
248,0.11617296
249,233.38398
250,523.0669
251,744.9144399999999
252,776.9018000000001
253,513.2577
254,699.99925
255,478.17040000000003
256,232.21092000000002
257,2.5087395000000003
258,0.0
259,0.0
260,0.0
261,0.0
262,0.0
263,0.0
264,0.0
265,0.0
266,0.0
267,0.0
268,0.0
269,0.0
270,0.0
271,0.0
272,0.11642192
273,215.11998
274,435.7623
275,219.1958
276,196.56385999999998
277,285.98194
278,309.0205
279,141.11053
280,234.71180999999999
281,2.559759
282,0.0
283,0.0
284,0.0
285,0.0
286,0.0
287,0.0
288,0.0
289,0.0
290,0.0
291,0.0
292,0.0
293,0.0
294,0.0
295,0.0
296,0.027370377999999997
297,252.96164000000002
298,542.13206
299,679.4715600000001
300,608.7070600000001
301,551.592
302,452.5654
303,454.64206
304,253.97414
305,7.288792
306,0.0
307,0.0
308,0.0
309,0.0
310,0.0
311,0.0
312,0.0
313,0.0
314,0.0
315,0.0
316,0.0
317,0.0
318,0.0
319,0.0
320,0.11545623
321,215.26675
322,139.92964
323,358.01375
324,296.58709999999996
325,146.63547
326,385.84340000000003
327,408.4692
328,124.83697000000001
329,7.2698047
330,0.0
331,0.0
332,0.0
333,0.0
334,0.0
335,0.0
336,0.0
337,0.0
338,0.0
339,0.0
340,0.0
341,0.0
342,0.0
343,0.0
344,0.11646928
345,159.52422
346,125.10630499999999
347,226.41153
348,388.95997
349,217.18919
350,147.26157999999998
351,83.74736999999999
352,255.12784
353,7.171331
354,0.0
355,0.0
356,0.0
357,0.0
358,0.0
359,0.0
360,0.0
361,0.0
362,0.0
363,0.0
364,0.0
365,0.0
366,0.0
367,0.0
368,0.0
369,38.971266
370,314.33244
371,181.81738
372,119.10585
373,303.97394
374,340.75140000000005
375,160.30970000000002
376,210.5908
377,11.297661
378,0.0
379,0.0
380,0.0
381,0.0
382,0.0
383,0.0
384,0.0
385,0.0
386,0.0
387,0.0
388,0.0
389,0.0
390,0.0
391,0.0
392,0.41529855
393,243.27106
394,101.58403999999999
395,317.56903000000005
396,226.78188
397,293.08466
398,533.6815600000001
399,228.85869
400,184.25388
401,11.089891
402,0.0
403,0.0
404,0.0
405,0.0
406,0.0
407,0.0
408,0.0
409,0.0
410,0.0
411,0.0
412,0.0
413,0.0
414,0.0
415,0.0
416,0.42122521999999996
417,256.88827
418,289.78044
419,193.70242000000002
420,162.50886
421,848.8044
422,535.1984399999999
423,384.10184000000004
424,273.9175
425,14.653383
426,0.0
427,0.0
428,0.0
429,0.0
430,0.0
431,0.0
432,0.0
433,0.0
434,0.0
435,0.0
436,0.0
437,0.0
438,0.0
439,0.0
440,0.43790826
441,228.22338
442,573.8166
443,798.4424
444,246.88028
445,182.58929999999998
446,113.96925999999999
447,449.26912
448,259.19103
449,15.710722
450,0.0
451,0.0
452,0.0
453,0.0
454,0.0
455,0.0
456,0.0
457,0.0
458,0.0
459,0.0
460,0.0
461,0.0
462,0.0
463,0.0
464,0.4008268
465,239.00866
466,482.96578000000005
467,770.4975
468,196.81573
469,401.9794
470,211.48023
471,231.37278
472,261.62356
473,22.54619
474,0.0
475,0.0
476,0.0
477,0.0
478,0.0
479,0.0
480,0.0
481,0.0
482,0.0
483,0.0
484,0.0
485,0.0
486,0.0
487,0.0
488,0.44595703
489,258.26598
490,557.0693
491,225.66972
492,118.342125
493,123.3339
494,360.42184000000003
495,149.90917000000002
496,123.65267999999999
497,22.950616999999998
498,0.0
499,0.0
500,0.0
501,0.0
502,0.0
503,0.0
504,0.0
505,0.0
506,0.0
507,0.0
508,0.0
509,0.0
510,0.0
511,0.0
512,1.2870599999999999
513,287.20522
514,485.2645
515,236.39588
516,145.79706
517,118.20879
518,176.10781
519,127.51075999999999
520,68.59065
521,6.8936396
522,0.0
523,0.0
524,0.0
525,0.0
526,0.0
527,0.0
528,0.0
529,0.0
530,0.0
531,0.0
532,0.0
533,0.0
534,0.0
535,0.0
536,1.3256014
537,234.98655
538,272.438
539,256.67147
540,422.34275
541,773.746
542,720.0618000000001
543,525.04425
544,188.02122
545,28.124203
546,0.0
547,0.0
548,0.0
549,0.0
550,0.0
551,0.0
552,0.0
553,0.0
554,0.0
555,0.0
556,0.0
557,0.0
558,0.0
559,0.0
560,2.5247673
561,267.03528
562,305.0924
563,538.0285
564,434.86378
565,599.3500600000001
566,450.33853000000005
567,338.28028
568,309.26838
569,39.932344
570,0.0
571,0.0
572,0.0
573,0.0
574,0.0
575,0.0
576,0.0
577,0.0
578,0.0
579,0.0
580,0.0
581,0.0
582,0.0
583,0.0
584,2.5931518999999996
585,224.77438
586,439.53053000000006
587,377.81703000000005
588,273.1505
589,458.31162
590,361.0744
591,262.53453
592,127.82573
593,46.005426
594,0.0
595,0.0
596,0.0
597,0.0
598,0.0
599,0.0
600,0.0
601,0.0
602,0.0
603,0.0
604,0.0
605,0.0
606,0.0
607,0.0
608,1.3689789
609,97.45626
610,99.40166
611,135.46529999999998
612,150.87501999999998
613,156.07689000000002
614,129.94466400000002
615,153.35903
616,42.572074
617,9.849599
618,0.0
619,0.0
620,0.0
621,0.0
622,0.0
623,0.0
624,0.0
625,0.0
626,0.0
627,0.0
628,0.0
629,0.0
630,0.0
631,0.0
632,1.3625153
633,81.70013
634,162.04294000000002
635,228.21789
636,140.05414000000002
637,293.2259
638,271.20303
639,102.58859
640,41.887977
641,5.121349599999999
642,0.0
643,0.0
644,0.0
645,0.0
646,0.0
647,0.0
648,0.0
649,0.0
650,0.0
651,0.0
652,0.0
653,0.0
654,0.0
655,0.0
656,0.5369368
657,50.631438
658,219.61466000000001
659,245.20973
660,202.0977
661,247.92666
662,248.11103
663,188.76551999999998
664,162.15453
665,19.279678
666,0.0
667,0.0
668,0.0
669,0.0
670,0.0
671,0.0
672,0.0
673,0.0
674,0.0
675,0.0
676,0.0
677,0.0
678,0.0
679,0.0
680,2.544078
681,93.81763000000001
682,181.22153
683,378.33509999999995
684,211.89651999999998
685,276.45203000000004
686,226.86622
687,103.71547
688,66.53497999999999
689,14.286355
690,0.0
691,0.0
692,0.0
693,0.0
694,0.0
695,0.0
696,0.0
697,0.0
698,0.0
699,0.0
700,0.0
701,0.0
702,0.0
703,0.0
704,0.0
705,77.868875
706,121.44623399999999
707,188.51164
708,232.92164000000002
709,226.05410999999998
710,209.02389000000002
711,178.12583999999998
712,101.19772999999999
713,20.738725
714,0.0
715,0.0
716,0.0
717,0.0
718,0.0
719,0.0
720,0.0
721,0.0
722,0.0
723,0.0
724,0.0
725,0.0
726,0.0
727,0.0
728,0.0
729,106.7565
730,194.54905
731,269.939
732,323.46022
733,322.3533
734,280.0571
735,217.44353
736,127.62346000000001
737,27.417241999999998
738,0.0
739,0.0
740,0.0
741,0.0
742,0.0
743,0.0
744,0.0
745,0.0
746,0.0
747,0.0
748,0.0
749,0.0
750,0.0
751,0.0
752,0.0
753,336.03565999999995
754,639.2841999999999
755,815.0705
756,131.54039
757,954.2540600000001
758,860.1794
759,461.82
760,399.21234000000004
761,88.30033999999999
762,0.0
763,0.0
764,0.0
765,0.0
766,0.0
767,0.0
768,0.0
769,0.0
770,0.0
771,0.0
772,0.0
773,0.0
774,0.0
775,0.0
776,0.0
777,338.83972
778,644.5144399999999
779,865.1549
780,968.71444
781,985.1682
782,888.1456
783,700.37206
784,412.11778000000004
785,90.0673
786,0.0
787,0.0
788,0.0
789,0.0
790,0.0
791,0.0
792,0.0
793,0.0
794,0.0
795,0.0
796,0.0
797,0.0
798,0.0
799,0.0
800,0.0
801,312.93106
802,624.8214399999999
803,346.21347
804,128.875766
805,134.08647
806,304.70622
807,557.1593
808,400.73497
809,94.46203999999999
810,0.0
811,0.0
812,0.0
813,0.0
814,0.0
815,0.0
816,0.0
817,0.0
818,0.0
819,0.0
820,0.0
821,0.0
822,0.0
823,0.0
824,0.0
825,47.5091
826,354.61762
827,111.86089
828,129.291734
829,144.37139000000002
830,169.72681
831,250.24595000000002
832,52.067164
833,17.5307
834,0.0
835,0.0
836,0.0
837,0.0
838,0.0
839,0.0
840,0.0
841,0.0
842,0.0
843,0.0
844,0.0
845,0.0
846,0.0
847,0.0
848,0.0
849,47.610254
850,216.67297
851,441.34634
852,442.05244
853,590.0082
854,397.98816
855,314.95306
856,177.85512
857,17.678264
858,0.0
859,0.0
860,0.0
861,0.0
862,0.0
863,0.0
864,0.0
865,0.0
866,0.0
867,0.0
868,0.0
869,0.0
870,0.0
871,0.0
872,0.0
873,225.94684
874,96.89774
875,213.43364000000003
876,139.39466000000002
877,196.65125
878,160.37077
879,534.84706
880,238.45335999999998
881,122.304945
882,0.0
883,0.0
884,0.0
885,0.0
886,0.0
887,0.0
888,0.0
889,0.0
890,0.0
891,0.0
892,0.0
893,0.0
894,0.0
895,0.0
896,0.0
897,171.34053
898,274.45325
899,254.18616
900,820.66725
901,488.53416
902,278.70921999999996
903,268.47112
904,205.97057999999998
905,25.687262
906,0.0
907,0.0
908,0.0
909,0.0
910,0.0
911,0.0
912,0.0
913,0.0
914,0.0
915,0.0
916,0.0
917,0.0
918,0.0
919,0.0
920,0.0
921,368.89725
922,270.1572
923,122.55922
924,591.7598
925,528.62694
926,192.22614000000002
927,173.45723
928,88.62476600000001
929,39.536089999999994
930,0.0
931,0.0
932,0.0
933,0.0
934,0.0
935,0.0
936,0.0
937,0.0
938,0.0
939,0.0
940,0.0
941,0.0
942,0.0
943,0.0
944,0.0
945,172.56972
946,96.8803
947,122.40461
948,213.61597
949,259.03308
950,130.58939
951,172.206
952,447.39675
953,134.41884
954,0.0
955,0.0
956,0.0
957,0.0
958,0.0
959,0.0
960,0.0
961,0.0
962,0.0
963,0.0
964,0.0
965,0.0
966,0.0
967,0.0
968,0.0
969,405.11109999999996
970,704.6619000000001
971,942.9565
972,1082.0938
973,1084.2288999999998
974,957.4933000000001
975,771.0630600000001
976,488.63062
977,145.3855
978,0.0
979,0.0
980,0.0
981,0.0
982,0.0
983,0.0
984,0.0
985,0.0
986,0.0
987,0.0
988,0.0
989,0.0
990,0.0
991,0.0
992,0.0
993,396.2766
994,688.73525
995,913.61025
996,1063.3188
997,1034.90156
998,140.88492000000002
999,701.9882
1000,336.19115999999997
1001,149.55960000000002
1002,0.0
1003,0.0
1004,0.0
1005,0.0
1006,0.0
1007,0.0
1008,0.0
1009,0.0
1010,0.0
1011,0.0
1012,0.0
1013,0.0
1014,0.0
1015,0.0
1016,0.0
1017,418.2567
1018,712.35675
1019,905.913
1020,150.24878
1021,1048.7602
1022,516.78247
1023,588.8682
1024,382.00244
1025,166.52778
1026,0.0
1027,0.0
1028,0.0
1029,0.0
1030,0.0
1031,0.0
1032,0.0
1033,0.0
1034,0.0
1035,0.0
1036,0.0
1037,0.0
1038,0.0
1039,0.0
1040,0.0
1041,426.88888000000003
1042,268.6278
1043,136.36703
1044,151.46738
1045,145.5599
1046,152.14727
1047,458.17356
1048,463.061
1049,173.61222
1050,0.0
1051,0.0
1052,0.0
1053,0.0
1054,0.0
1055,0.0
1056,0.0
1057,0.0
1058,0.0
1059,0.0
1060,0.0
1061,0.0
1062,0.0
1063,0.0
1064,132.40178
1065,437.08144
1066,572.6530600000001
1067,135.15134
1068,150.39317000000003
1069,144.771
1070,986.5037
1071,107.0248
1072,500.14688
1073,181.65885999999998
1074,0.0
1075,0.0
1076,0.0
1077,0.0
1078,0.0
1079,0.0
1080,0.0
1081,0.0
1082,0.0
1083,0.0
1084,0.0
1085,0.0
1086,0.0
1087,0.0
1088,134.71995
1089,59.460561999999996
1090,133.28529999999998
1091,974.102
1092,1126.0825
1093,1106.0056000000002
1094,361.21906
1095,332.0098
1096,488.20312
1097,186.46761999999998
1098,0.0
1099,0.0
1100,0.0
1101,0.0
1102,0.0
1103,0.0
1104,0.0
1105,0.0
1106,0.0
1107,0.0
1108,0.0
1109,0.0
1110,0.0
1111,0.0
1112,145.70388
1113,455.32079999999996
1114,759.98744
1115,994.0295
1116,1117.3025
1117,1116.29
1118,1034.74575
1119,813.8913
1120,530.21944
1121,191.50914
1122,0.0
1123,0.0
1124,0.0
1125,0.0
1126,0.0
1127,0.0
1128,0.0
1129,0.0
1130,0.0
1131,0.0
1132,0.0
1133,0.0
1134,0.0
1135,0.0
1136,42.429816
1137,466.3154
1138,773.2765
1139,1005.5319000000001
1140,1130.3111999999999
1141,1134.3918
1142,1050.2692
1143,846.0562
1144,447.95984000000004
1145,203.44292000000002
1146,0.0
1147,0.0
1148,0.0
1149,0.0
1150,0.0
1151,0.0
1152,0.0
1153,0.0
1154,0.0
1155,0.0
1156,0.0
1157,0.0
1158,0.0
1159,0.0
1160,131.61081
1161,470.44188
1162,762.4286
1163,990.8697
1164,443.31321999999994
1165,197.19935999999998
1166,305.43162
1167,660.966
1168,466.39894
1169,204.04201999999998
1170,0.0
1171,0.0
1172,0.0
1173,0.0
1174,0.0
1175,0.0
1176,0.0
1177,0.0
1178,0.0
1179,0.0
1180,0.0
1181,0.0
1182,0.0
1183,0.0
1184,105.79733
1185,246.69439000000003
1186,107.72746000000001
1187,908.10394
1188,580.6538
1189,1130.9041000000002
1190,865.1765600000001
1191,705.3611999999999
1192,551.0838
1193,212.55922
1194,0.0
1195,0.0
1196,0.0
1197,0.0
1198,0.0
1199,0.0
1200,0.0
1201,0.0
1202,0.0
1203,0.0
1204,0.0
1205,0.0
1206,0.0
1207,0.0
1208,168.80711
1209,490.1859
1210,700.7636
1211,1028.8172
1212,1155.5965
1213,1173.0209
1214,1079.4214
1215,862.21
1216,416.83612
1217,223.29801999999998
1218,0.0
1219,0.0
1220,0.0
1221,0.0
1222,0.0
1223,0.0
1224,0.0
1225,0.0
1226,0.0
1227,0.0
1228,0.0
1229,0.0
1230,0.0
1231,0.0
1232,181.98526999999999
1233,485.5319
1234,682.7696
1235,1026.7907
1236,1019.05325
1237,1168.9608
1238,1036.7535
1239,873.8659
1240,567.8956999999999
1241,228.39717000000002
1242,0.0
1243,0.0
1244,0.0
1245,0.0
1246,0.0
1247,0.0
1248,0.0
1249,0.0
1250,0.0
1251,0.0
1252,0.0
1253,0.0
1254,0.0
1255,0.0
1256,115.61950999999999
1257,506.30962
1258,233.95638
1259,143.58745000000002
1260,160.73147
1261,165.42572
1262,191.51853
1263,241.98808
1264,250.94817
1265,236.03182999999999
1266,0.34283755000000005
1267,0.0
1268,0.0
1269,0.0
1270,0.0
1271,0.0
1272,0.0
1273,0.0
1274,0.0
1275,0.0
1276,0.0
1277,0.0
1278,0.0
1279,0.0
1280,194.9976
1281,531.694
1282,751.11694
1283,1055.9868999999999
1284,1196.9741999999999
1285,1189.7699
1286,1098.3203999999998
1287,892.1644399999999
1288,584.96925
1289,243.34860999999998
1290,1.4683287
1291,0.0
1292,0.0
1293,0.0
1294,0.0
1295,0.0
1296,0.0
1297,0.0
1298,0.0
1299,0.0
1300,0.0
1301,0.0
1302,0.0
1303,0.0
1304,108.13656
1305,497.5303
1306,443.5381
1307,142.71812
1308,159.70362
1309,375.80438
1310,151.22805
1311,125.84262
1312,83.29669
1313,255.04234
1314,1.4646199
1315,0.0
1316,0.0
1317,0.0
1318,0.0
1319,0.0
1320,0.0
1321,0.0
1322,0.0
1323,0.0
1324,0.0
1325,0.0
1326,0.0
1327,0.0
1328,126.23125
1329,537.0422
1330,117.68610000000001
1331,142.94548
1332,170.60002
1333,165.09505
1334,161.71988000000002
1335,423.1104
1336,415.80325
1337,263.45278
1338,1.4624681000000002
1339,0.0
1340,0.0
1341,0.0
1342,0.0
1343,0.0
1344,0.0
1345,0.0
1346,0.0
1347,0.0
1348,0.0
1349,0.0
1350,0.0
1351,0.0
1352,210.81683999999998
1353,571.32044
1354,874.9805600000001
1355,1078.0976
1356,804.4529399999999
1357,164.85012
1358,150.74732999999998
1359,360.7258
1360,610.53656
1361,263.23184000000003
1362,3.102061
1363,0.0
1364,0.0
1365,0.0
1366,0.0
1367,0.0
1368,0.0
1369,0.0
1370,0.0
1371,0.0
1372,0.0
1373,0.0
1374,0.0
1375,0.0
1376,228.89386
1377,584.9946
1378,891.4446999999999
1379,1105.429
1380,1227.2576000000001
1381,1241.1489
1382,1139.4288999999999
1383,588.28125
1384,560.89175
1385,276.4545
1386,4.484966
1387,0.0
1388,0.0
1389,0.0
1390,0.0
1391,0.0
1392,0.0
1393,0.0
1394,0.0
1395,0.0
1396,0.0
1397,0.0
1398,0.0
1399,0.0
1400,137.77486
1401,594.42556
1402,917.24575
1403,1142.2251
1404,1250.7116
1405,1265.0181
1406,1161.2412
1407,649.0494399999999
1408,400.715
1409,287.9878
1410,5.6137060000000005
1411,0.0
1412,0.0
1413,0.0
1414,0.0
1415,0.0
1416,0.0
1417,0.0
1418,0.0
1419,0.0
1420,0.0
1421,0.0
1422,0.0
1423,0.0
1424,236.06517000000002
1425,558.83025
1426,866.5734
1427,1089.1075
1428,1204.8064
1429,1195.6636
1430,1106.9163999999998
1431,914.8666999999999
1432,626.7059
1433,272.98912
1434,9.003255999999999
1435,0.0
1436,0.0
1437,0.0
1438,0.0
1439,0.0
1440,0.0
1441,0.0
1442,0.0
1443,0.0
1444,0.0
1445,0.0
1446,0.0
1447,0.0
1448,246.55528
1449,294.71203
1450,854.9236999999999
1451,1090.3123999999998
1452,1207.3102
1453,1221.2161999999998
1454,1121.0895
1455,919.0964399999999
1456,613.1106
1457,274.31816
1458,10.728725
1459,0.0
1460,0.0
1461,0.0
1462,0.0
1463,0.0
1464,0.0
1465,0.0
1466,0.0
1467,0.0
1468,0.0
1469,0.0
1470,0.0
1471,0.0
1472,260.48305
1473,581.6066999999999
1474,885.76375
1475,1099.827
1476,1216.9708
1477,1227.7372
1478,1126.2728
1479,925.0684399999999
1480,642.97225
1481,290.14884
1482,12.654109
1483,0.0
1484,0.0
1485,0.0
1486,0.0
1487,0.0
1488,0.0
1489,0.0
1490,0.0
1491,0.0
1492,0.0
1493,0.0
1494,0.0
1495,0.1296445
1496,254.30160999999998
1497,591.6712
1498,899.7737
1499,1125.4248
1500,1246.1471000000001
1501,1255.0339
1502,1029.87375
1503,915.107
1504,672.54525
1505,300.91047
1506,15.200155
1507,0.0
1508,0.0
1509,0.0
1510,0.0
1511,0.0
1512,0.0
1513,0.0
1514,0.0
1515,0.0
1516,0.0
1517,0.0
1518,0.0
1519,0.0
1520,267.60234
1521,609.5524
1522,919.87125
1523,1155.2115
1524,1270.3718999999999
1525,1290.2016
1526,1100.6351000000002
1527,832.8435999999999
1528,644.8551
1529,319.00125
1530,17.797953
1531,0.0
1532,0.0
1533,0.0
1534,0.0
1535,0.0
1536,0.0
1537,0.0
1538,0.0
1539,0.0
1540,0.0
1541,0.0
1542,0.0
1543,0.33654553
1544,282.35265999999996
1545,348.90456
1546,627.6143000000001
1547,900.529
1548,617.7247
1549,944.93425
1550,1093.7028
1551,974.013
1552,673.5573
1553,322.14506
1554,21.759734
1555,0.0
1556,0.0
1557,0.0
1558,0.0
1559,0.0
1560,0.0
1561,0.0
1562,0.0
1563,0.0
1564,0.0
1565,0.0
1566,0.0
1567,0.28342989999999996
1568,296.11512
1569,629.03506
1570,942.4371
1571,1166.6206000000002
1572,1279.2939
1573,1292.0656000000001
1574,1194.0713999999998
1575,968.6650999999999
1576,606.0622
1577,296.01428000000004
1578,24.227715
1579,0.0
1580,0.0
1581,0.0
1582,0.0
1583,0.0
1584,0.0
1585,0.0
1586,0.0
1587,0.0
1588,0.0
1589,0.0
1590,0.0
1591,0.7488544
1592,300.93996999999996
1593,617.4262
1594,213.76829999999998
1595,941.7585
1596,575.01275
1597,574.2135999999999
1598,172.31117
1599,376.36275
1600,347.1656
1601,333.43162
1602,28.283863
1603,0.0
1604,0.0
1605,0.0
1606,0.0
1607,0.0
1608,0.0
1609,0.0
1610,0.0
1611,0.0
1612,0.0
1613,0.0
1614,0.0
1615,4.9073457
1616,321.39953
1617,346.26946999999996
1618,637.113
1619,1172.3965
1620,1291.1725
1621,1299.6118000000001
1622,1200.7772
1623,987.8999
1624,698.714
1625,340.05103
1626,30.615094000000003
1627,0.0
1628,0.0
1629,0.0
1630,0.0
1631,0.0
1632,0.0
1633,0.0
1634,0.0
1635,0.0
1636,0.0
1637,0.0
1638,0.0
1639,2.866712
1640,312.3207
1641,647.2528000000001
1642,663.50644
1643,163.26044
1644,232.16886
1645,637.4710600000001
1646,588.6209
1647,669.4329
1648,301.59453
1649,97.91201
1650,41.87399
1651,0.0
1652,0.0
1653,0.0
1654,0.0
1655,0.0
1656,0.0
1657,0.0
1658,0.0
1659,0.0
1660,0.0
1661,0.0
1662,0.0
1663,4.3755264
1664,320.92144
1665,659.0836999999999
1666,957.1150600000001
1667,1171.964
1668,1282.0272
1669,1293.9198999999999
1670,1203.0206
1671,991.4232
1672,698.571
1673,346.7939
1674,38.58579
1675,0.0
1676,0.0
1677,0.0
1678,0.0
1679,0.0
1680,0.0
1681,0.0
1682,0.0
1683,0.0
1684,0.0
1685,0.0
1686,0.0
1687,0.0
1688,326.08453000000003
1689,167.61310999999998
1690,660.2627
1691,235.47932999999998
1692,187.8957
1693,183.76051999999999
1694,169.93107999999998
1695,250.17555
1696,173.24892000000003
1697,224.91889
1698,3.8933044
1699,0.0
1700,0.0
1701,0.0
1702,0.0
1703,0.0
1704,0.0
1705,0.0
1706,0.0
1707,0.0
1708,0.0
1709,0.0
1710,0.0
1711,0.0
1712,209.56256
1713,291.60128000000003
1714,757.142
1715,237.38960999999998
1716,239.97864
1717,601.55194
1718,790.54494
1719,1013.6905
1720,719.414
1721,365.55662
1722,48.11083
1723,0.0
1724,0.0
1725,0.0
1726,0.0
1727,0.0
1728,0.0
1729,0.0
1730,0.0
1731,0.0
1732,0.0
1733,0.0
1734,0.0
1735,0.0
1736,351.65056
1737,676.9090600000001
1738,606.51344
1739,169.50060000000002
1740,185.86957999999998
1741,190.34984
1742,836.9267
1743,701.7455600000001
1744,508.72515999999996
1745,130.35499000000002
1746,60.153847999999996
1747,0.0
1748,0.0
1749,0.0
1750,0.0
1751,0.0
1752,0.0
1753,0.0
1754,0.0
1755,0.0
1756,0.0
1757,0.0
1758,0.0
1759,0.0
1760,129.80105
1761,154.2873
1762,232.64986
1763,513.7107
1764,797.48944
1765,842.2504399999999
1766,1219.7744
1767,663.3699
1768,618.4217
1769,219.7101
1770,63.713792999999995
1771,0.0
1772,0.0
1773,0.0
1774,0.0
1775,0.0
1776,0.0
1777,0.0
1778,0.0
1779,0.0
1780,0.0
1781,0.0
1782,0.0
1783,0.0
1784,374.8366
1785,299.23440000000005
1786,425.80866
1787,657.95306
1788,1126.0298
1789,806.7964000000001
1790,748.3305600000001
1791,401.3277
1792,288.20284000000004
1793,203.25948
1794,66.3645
1795,0.0
1796,0.0
1797,0.0
1798,0.0
1799,0.0
1800,0.0
1801,0.0
1802,0.0
1803,0.0
1804,0.0
1805,0.0
1806,0.0
1807,0.0
1808,388.28975
1809,724.5174000000001
1810,1043.0215
1811,1245.4642
1812,1344.2443999999998
1813,1346.6
1814,1250.378
1815,1050.82
1816,749.6531
1817,392.57678000000004
1818,70.859984
1819,0.0
1820,0.0
1821,0.0
1822,0.0
1823,0.0
1824,0.0
1825,0.0
1826,0.0
1827,0.0
1828,0.0
1829,0.0
1830,0.0
1831,0.0
1832,400.72990000000004
1833,750.24275
1834,1041.9544
1835,1265.0538999999999
1836,1351.8589
1837,1346.4859
1838,1259.1125
1839,1070.1054
1840,766.3206
1841,395.7451
1842,63.975913999999996
1843,0.0
1844,0.0
1845,0.0
1846,0.0
1847,0.0
1848,0.0
1849,0.0
1850,0.0
1851,0.0
1852,0.0
1853,0.0
1854,0.0
1855,0.0
1856,322.76370000000003
1857,590.3328
1858,786.9259000000001
1859,1092.4433999999999
1860,1061.0195
1861,979.03056
1862,1115.0336000000002
1863,773.3186
1864,736.0292
1865,329.05225
1866,81.96462
1867,0.0
1868,0.0
1869,0.0
1870,0.0
1871,0.0
1872,0.0
1873,0.0
1874,0.0
1875,0.0
1876,0.0
1877,0.0
1878,0.0
1879,0.0
1880,402.80672
1881,743.64775
1882,1031.8455
1883,1249.5413999999998
1884,1337.0976
1885,1346.0654
1886,1256.6763999999998
1887,1050.4138
1888,334.36762
1889,181.51417
1890,43.24486
1891,0.0
1892,0.0
1893,0.0
1894,0.0
1895,0.0
1896,0.0
1897,0.0
1898,0.0
1899,0.0
1900,0.0
1901,0.0
1902,0.0
1903,0.0
1904,192.79886
1905,201.50517000000002
1906,930.9257
1907,825.2599
1908,534.9519399999999
1909,972.9335
1910,1276.3493999999998
1911,1063.1254
1912,302.0962
1913,334.00466
1914,91.42281
1915,0.0
1916,0.0
1917,0.0
1918,0.0
1919,0.0
1920,0.0
1921,0.0
1922,0.0
1923,0.0
1924,0.0
1925,0.0
1926,0.0
1927,128.74053
1928,358.75212
1929,509.2905
1930,732.2937
1931,875.1299399999999
1932,1348.0535
1933,1356.0268
1934,1263.7233999999999
1935,463.1392
1936,338.1545
1937,407.75322
1938,89.36875
1939,0.0
1940,0.0
1941,0.0
1942,0.0
1943,0.0
1944,0.0
1945,0.0
1946,0.0
1947,0.0
1948,0.0
1949,0.0
1950,0.0
1951,98.14881
1952,430.66228
1953,775.7336
1954,1065.4195
1955,1268.9998999999998
1956,1352.3244
1957,1352.7374
1958,1279.2672
1959,1068.7749
1960,781.60025
1961,382.5855
1962,89.16530999999999
1963,0.0
1964,0.0
1965,0.0
1966,0.0
1967,0.0
1968,0.0
1969,0.0
1970,0.0
1971,0.0
1972,0.0
1973,0.0
1974,0.0
1975,114.891055
1976,413.56190000000004
1977,724.7249
1978,990.7165
1979,940.5485
1980,1236.4355
1981,941.3419399999999
1982,869.953
1983,1084.6189
1984,798.7648
1985,440.29
1986,104.56553
1987,0.0
1988,0.0
1989,0.0
1990,0.0
1991,0.0
1992,0.0
1993,0.0
1994,0.0
1995,0.0
1996,0.0
1997,0.0
1998,0.0
1999,110.78599
2000,464.31347
2001,575.78144
2002,785.78925
2003,938.4316
2004,1145.6908
2005,1137.6386
2006,1072.8716000000002
2007,1136.599
2008,719.45525
2009,301.7069
2010,90.99446
2011,0.0
2012,0.0
2013,0.0
2014,0.0
2015,0.0
2016,0.0
2017,0.0
2018,0.0
2019,0.0
2020,0.0
2021,0.0
2022,0.0
2023,144.02405
2024,474.91821999999996
2025,835.58344
2026,1132.2264
2027,1341.7539
2028,1395.9036
2029,1394.1449
2030,1326.3781000000001
2031,1101.8496
2032,810.9208000000001
2033,470.47270000000003
2034,113.39725
2035,0.0
2036,0.0
2037,0.0
2038,0.0
2039,0.0
2040,0.0
2041,0.0
2042,0.0
2043,0.0
2044,0.0
2045,0.0
2046,0.0
2047,119.667445
2048,425.7752
2049,707.7133
2050,1002.7071
2051,1321.56
2052,1387.3963999999999
2053,1205.92
2054,871.93075
2055,739.3519
2056,805.3481999999999
2057,457.01572
2058,114.16009
2059,0.0
2060,0.0
2061,0.0
2062,0.0
2063,0.0
2064,0.0
2065,0.0
2066,0.0
2067,0.0
2068,0.0
2069,0.0
2070,0.0
2071,147.93794
2072,483.99462
2073,782.6808000000001
2074,1081.943
2075,1206.4535
2076,1201.3826000000001
2077,1249.9826
2078,1241.81
2079,791.8549
2080,295.14916
2081,160.25406
2082,83.39803
2083,0.0
2084,0.0
2085,0.0
2086,0.0
2087,0.0
2088,0.0
2089,0.0
2090,0.0
2091,0.0
2092,0.0
2093,0.0
2094,0.0
2095,73.0825
2096,181.34967
2097,241.09798
2098,697.2922
2099,1055.7006000000001
2100,750.7746
2101,474.3747
2102,594.8894399999999
2103,229.25628
2104,238.03835999999998
2105,144.667
2106,43.689406000000005
2107,0.0
2108,0.0
2109,0.0
2110,0.0
2111,0.0
2112,0.0
2113,0.0
2114,0.0
2115,0.0
2116,0.0
2117,0.0
2118,0.0
2119,126.96486
2120,312.61628
2121,321.9239
2122,381.63853
2123,971.7142
2124,833.3407
2125,605.26825
2126,431.93344
2127,430.4171
2128,312.35738
2129,186.30338
2130,96.0766
2131,0.0
2132,0.0
2133,0.0
2134,0.0
2135,0.0
2136,0.0
2137,0.0
2138,0.0
2139,0.0
2140,0.0
2141,0.0
2142,0.0
2143,152.6231
2144,508.82438
2145,843.16125
2146,1093.6254
2147,1325.5456000000001
2148,1386.0825
2149,530.0396
2150,470.1461
2151,181.3999
2152,367.79616
2153,219.74667000000002
2154,20.857691
2155,0.0
2156,0.0
2157,0.0
2158,0.0
2159,0.0
2160,0.0
2161,0.0
2162,0.0
2163,0.0
2164,0.0
2165,0.0
2166,0.0
2167,119.79280499999999
2168,149.70057999999997
2169,244.88962
2170,371.546
2171,398.85116
2172,349.332
2173,364.0225
2174,268.72838
2175,366.73490000000004
2176,297.96125
2177,116.963734
2178,70.35225
2179,0.0
2180,0.0
2181,0.0
2182,0.0
2183,0.0
2184,0.0
2185,0.0
2186,0.0
2187,0.0
2188,0.0
2189,0.0
2190,0.0
2191,175.05166
2192,471.31147
2193,406.33384
2194,315.68603
2195,1235.0136
2196,1225.0282
2197,473.9165
2198,1121.661
2199,670.4733
2200,654.8930600000001
2201,231.88685999999998
2202,121.61528999999999
2203,0.0
2204,0.0
2205,0.0
2206,0.0
2207,0.0
2208,0.0
2209,0.0
2210,0.0
2211,0.0
2212,0.0
2213,0.0
2214,0.0
2215,28.305082
2216,381.35356
2217,265.45238
2218,409.42134000000004
2219,183.93331
2220,197.72472
2221,339.63738
2222,192.28278
2223,150.52461
2224,118.35052999999999
2225,68.4748
2226,20.622041
2227,0.0
2228,0.0
2229,0.0
2230,0.0
2231,0.0
2232,0.0
2233,0.0
2234,0.0
2235,0.0
2236,0.0
2237,0.0
2238,0.0
2239,206.91073
2240,138.495
2241,168.48422
2242,678.28106
2243,1152.9332
2244,503.77312
2245,354.9307
2246,242.71594
2247,474.04916
2248,726.2884399999999
2249,488.55494
2250,149.1394
2251,0.0
2252,0.0
2253,0.0
2254,0.0
2255,0.0
2256,0.0
2257,0.0
2258,0.0
2259,0.0
2260,0.0
2261,0.0
2262,0.0
2263,44.57594
2264,126.77472999999999
2265,127.79373
2266,164.25925
2267,231.03707999999997
2268,214.97742000000002
2269,211.23388
2270,206.5348
2271,307.26325
2272,349.85065999999995
2273,145.10094
2274,27.089936
2275,0.0
2276,0.0
2277,0.0
2278,0.0
2279,0.0
2280,0.0
2281,0.0
2282,0.0
2283,0.0
2284,0.0
2285,0.0
2286,0.0
2287,137.98595
2288,172.56003
2289,135.23495
2290,171.93203
2291,198.80697
2292,214.25223
2293,211.00297
2294,333.11066
2295,363.1628
2296,602.04425
2297,496.78728
2298,155.45612
2299,0.0
2300,0.0
2301,0.0
2302,0.0
2303,0.0
2304,0.0
2305,0.0
2306,0.0
2307,0.0
2308,0.0
2309,0.0
2310,0.0
2311,214.67310999999998
2312,551.5539399999999
2313,875.12125
2314,1107.3355
2315,985.0685
2316,505.22403
2317,1376.4246
2318,1297.2716
2319,1096.6075
2320,797.97475
2321,465.48821999999996
2322,157.82544000000001
2323,0.0
2324,0.0
2325,0.0
2326,0.0
2327,0.0
2328,0.0
2329,0.0
2330,0.0
2331,0.0
2332,0.0
2333,0.0
2334,0.13731393
2335,226.39992
2336,567.8299000000001
2337,886.4703000000001
2338,1019.9155
2339,1002.53106
2340,1262.7264
2341,493.97453
2342,484.67662
2343,182.88345
2344,139.32739
2345,96.09725999999999
2346,29.001331999999998
2347,0.0
2348,0.0
2349,0.0
2350,0.0
2351,0.0
2352,0.0
2353,0.0
2354,0.0
2355,0.0
2356,0.0
2357,0.0
2358,0.0
2359,189.90625
2360,263.03959999999995
2361,136.8064
2362,301.76570000000004
2363,388.66756
2364,861.79194
2365,648.10306
2366,215.21142
2367,227.22269
2368,506.38806
2369,186.92288
2370,178.53512
2371,0.0
2372,0.0
2373,0.0
2374,0.0
2375,0.0
2376,0.0
2377,0.0
2378,0.0
2379,0.0
2380,0.0
2381,0.0
2382,0.33447736
2383,236.14231
2384,576.2285
2385,920.5238
2386,1191.8612
2387,1359.442
2388,1408.2386000000001
2389,1403.6166
2390,1313.4218
2391,180.07456
2392,301.03684000000004
2393,94.8103
2394,55.95988
2395,0.0
2396,0.0
2397,0.0
2398,0.0
2399,0.0
2400,0.0
2401,0.0
2402,0.0
2403,0.0
2404,0.0
2405,0.0
2406,0.13647572
2407,53.907086
2408,88.57219
2409,137.30767
2410,174.35289
2411,211.70827
2412,216.216
2413,342.2883
2414,275.90065999999996
2415,239.5163
2416,194.46132999999998
2417,155.91152
2418,28.950695
2419,0.0
2420,0.0
2421,0.0
2422,0.0
2423,0.0
2424,0.0
2425,0.0
2426,0.0
2427,0.0
2428,0.0
2429,0.0
2430,1.5766871
2431,140.75634
2432,320.91540000000003
2433,930.5246
2434,1199.2366000000002
2435,1361.7762
2436,1276.2906
2437,799.7547
2438,1074.1518
2439,1023.3165
2440,753.9406
2441,262.98
2442,85.38577000000001
2443,0.0
2444,0.0
2445,0.0
2446,0.0
2447,0.0
2448,0.0
2449,0.0
2450,0.0
2451,0.0
2452,0.0
2453,0.0
2454,1.4754323
2455,268.4643
2456,619.8806
2457,946.48725
2458,1205.6098
2459,1380.4578000000001
2460,1413.1518999999998
2461,1410.9488000000001
2462,1351.8695
2463,1162.5815
2464,870.2425
2465,532.0044
2466,188.05666
2467,0.0
2468,0.0
2469,0.0
2470,0.0
2471,0.0
2472,0.0
2473,0.0
2474,0.0
2475,0.0
2476,0.0
2477,0.0
2478,2.4438882
2479,266.0521
2480,609.91625
2481,884.7875600000001
2482,1158.7346
2483,1336.4368
2484,1382.3456
2485,1377.6655
2486,1197.7225
2487,867.4427
2488,484.50234
2489,295.99
2490,141.19869
2491,0.6088501599999999
2492,0.0
2493,0.0
2494,0.0
2495,0.0
2496,0.0
2497,0.0
2498,0.0
2499,0.0
2500,0.0
2501,0.0
2502,0.0
2503,105.24114
2504,153.19466
2505,204.9964
2506,394.53697
2507,334.09515999999996
2508,575.10725
2509,889.7006
2510,579.0382
2511,234.276
2512,173.23534
2513,112.61748399999999
2514,30.198412
2515,0.13763809000000002
2516,0.0
2517,0.0
2518,0.0
2519,0.0
2520,0.0
2521,0.0
2522,0.0
2523,0.0
2524,0.0
2525,0.0
2526,0.0
2527,77.14261
2528,280.63221999999996
2529,542.50206
2530,1093.8155
2531,1312.6761000000001
2532,1327.0572
2533,1095.9715
2534,946.87694
2535,872.6583
2536,648.48756
2537,545.2589399999999
2538,204.14614
2539,1.0247431999999999
2540,0.0
2541,0.0
2542,0.0
2543,0.0
2544,0.0
2545,0.0
2546,0.0
2547,0.0
2548,0.0
2549,0.0
2550,0.0
2551,213.33823
2552,320.84806
2553,387.16965999999996
2554,457.28821999999997
2555,1294.6001999999999
2556,577.74375
2557,238.30672
2558,232.48748
2559,264.85284
2560,247.70725
2561,207.10672
2562,95.710695
2563,0.61240485
2564,0.0
2565,0.0
2566,0.0
2567,0.0
2568,0.0
2569,0.0
2570,0.0
2571,0.0
2572,0.0
2573,0.0
2574,0.0
2575,132.86916
2576,237.6163
2577,353.91212
2578,463.56622
2579,815.9606
2580,915.1889399999999
2581,441.6276
2582,202.05578
2583,402.62194
2584,171.21033
2585,93.44561
2586,72.58794
2587,0.6167163
2588,0.0
2589,0.0
2590,0.0
2591,0.0
2592,0.0
2593,0.0
2594,0.0
2595,0.0
2596,0.0
2597,0.0
2598,0.0
2599,309.15706
2600,461.34153000000003
2601,824.71475
2602,837.5441
2603,746.15175
2604,613.82725
2605,1004.29506
2606,673.8521999999999
2607,581.3839
2608,837.1945999999999
2609,355.33646999999996
2610,134.47212
2611,6.643764600000001
2612,0.0
2613,0.0
2614,0.0
2615,0.0
2616,0.0
2617,0.0
2618,0.0
2619,0.0
2620,0.0
2621,0.0
2622,0.0
2623,312.80553000000003
2624,663.30094
2625,957.2985
2626,1144.6946
2627,860.176
2628,719.1527
2629,966.5684399999999
2630,901.2725
2631,306.92788
2632,147.84117
2633,96.71039999999999
2634,52.87662
2635,1.5679325
2636,0.0
2637,0.0
2638,0.0
2639,0.0
2640,0.0
2641,0.0
2642,0.0
2643,0.0
2644,0.0
2645,0.0
2646,0.0
2647,167.332
2648,436.84684000000004
2649,351.28159999999997
2650,434.6205
2651,534.0151
2652,604.9025
2653,585.5978
2654,543.82275
2655,694.7585600000001
2656,311.46153000000004
2657,120.011016
2658,81.085375
2659,6.554341
2660,0.0
2661,0.0
2662,0.0
2663,0.0
2664,0.0
2665,0.0
2666,0.0
2667,0.0
2668,0.0
2669,0.0
2670,0.0
2671,85.48147999999999
2672,128.69372
2673,141.14244
2674,187.31217
2675,212.59138000000002
2676,217.30989000000002
2677,224.29094
2678,201.13897
2679,261.73622
2680,307.40444
2681,170.75269
2682,80.73041400000001
2683,7.204104
2684,0.0
2685,0.0
2686,0.0
2687,0.0
2688,0.0
2689,0.0
2690,0.0
2691,0.0
2692,0.0
2693,0.0
2694,0.0
2695,140.85416
2696,420.03244
2697,333.33221999999995
2698,511.4017
2699,1349.9759
2700,1429.1526000000001
2701,1427.1949
2702,1386.8245
2703,1186.6099
2704,927.1920600000001
2705,590.5400999999999
2706,236.87642000000002
2707,9.074092
2708,0.0
2709,0.0
2710,0.0
2711,0.0
2712,0.0
2713,0.0
2714,0.0
2715,0.0
2716,0.0
2717,0.0
2718,0.0
2719,331.73934
2720,684.206
2721,989.2741
2722,1217.2939
2723,1394.0196
2724,1423.6711
2725,1419.8601
2726,1372.5565
2727,1184.006
2728,922.7017
2729,578.9164000000001
2730,238.59611999999998
2731,11.85766
2732,0.0
2733,0.0
2734,0.0
2735,0.0
2736,0.0
2737,0.0
2738,0.0
2739,0.0
2740,0.0
2741,0.0
2742,0.0
2743,336.00038
2744,690.5726999999999
2745,1006.5943000000001
2746,1252.1256
2747,1390.658
2748,1422.5513999999998
2749,1411.7712
2750,1361.8442
2751,1177.1921
2752,900.37325
2753,576.1515
2754,245.88575
2755,13.839236999999999
2756,0.0
2757,0.0
2758,0.0
2759,0.0
2760,0.0
2761,0.0
2762,0.0
2763,0.0
2764,0.0
2765,0.0
2766,0.0
2767,325.6288
2768,632.33775
2769,909.64106
2770,1163.9318
2771,1389.8181000000002
2772,1410.065
2773,1085.153
2774,1245.6083999999998
2775,1119.4962
2776,690.4570600000001
2777,469.17453
2778,252.1599
2779,14.813671000000001
2780,0.0
2781,0.0
2782,0.0
2783,0.0
2784,0.0
2785,0.0
2786,0.0
2787,0.0
2788,0.0
2789,0.0
2790,0.0
2791,237.74928
2792,329.31634
2793,479.5152
2794,492.94444
2795,390.21394
2796,421.57196999999996
2797,270.84815999999995
2798,340.4285
2799,212.9152
2800,188.09211
2801,136.15488
2802,39.000844
2803,7.200677
2804,0.0
2805,0.0
2806,0.0
2807,0.0
2808,0.0
2809,0.0
2810,0.0
2811,0.0
2812,0.0
2813,0.0
2814,72.36646
2815,315.91161999999997
2816,598.6815600000001
2817,862.8091999999999
2818,1244.3856
2819,1402.112
2820,1406.5616
2821,1417.0726000000002
2822,1372.1208000000001
2823,1199.3364
2824,919.11225
2825,596.1741
2826,263.5655
2827,17.948643
2828,0.0
2829,0.0
2830,0.0
2831,0.0
2832,0.0
2833,0.0
2834,0.0
2835,0.0
2836,0.0
2837,0.0
2838,92.32314
2839,370.80971999999997
2840,722.89275
2841,1049.3162
2842,1301.6528
2843,1414.068
2844,1433.1576
2845,1428.8193999999999
2846,1392.165
2847,1191.2004
2848,945.29194
2849,609.4075
2850,260.19012
2851,18.755936000000002
2852,0.0
2853,0.0
2854,0.0
2855,0.0
2856,0.0
2857,0.0
2858,0.0
2859,0.0
2860,0.0
2861,0.0
2862,90.10422
2863,368.4442
2864,721.8815999999999
2865,1039.574
2866,1279.4498999999998
2867,1396.3303999999998
2868,1430.3715
2869,1424.1232
2870,1370.1211
2871,1181.5251
2872,908.9105
2873,599.0194
2874,264.00061999999997
2875,20.02666
2876,0.0
2877,0.0
2878,0.0
2879,0.0
2880,0.0
2881,0.0
2882,0.0
2883,0.0
2884,0.0
2885,0.0
2886,93.58480499999999
2887,249.52173000000002
2888,626.8212
2889,990.42675
2890,1200.0521999999999
2891,1338.9866000000002
2892,843.0629399999999
2893,1390.8199
2894,1289.494
2895,1106.895
2896,516.835
2897,445.01762
2898,219.20639000000003
2899,23.026047
2900,0.0
2901,0.0
2902,0.0
2903,0.0
2904,0.0
2905,0.0
2906,0.0
2907,0.0
2908,0.0
2909,0.0
2910,120.39367999999999
2911,193.20225
2912,327.79179999999997
2913,478.00370000000004
2914,1002.78325
2915,321.72012
2916,521.7468
2917,690.274
2918,1080.3928999999998
2919,1081.5609
2920,845.78556
2921,449.0075
2922,164.71812
2923,20.540148000000002
2924,0.0
2925,0.0
2926,0.0
2927,0.0
2928,0.0
2929,0.0
2930,0.0
2931,0.0
2932,0.0
2933,0.0
2934,107.75811999999999
2935,207.63295000000002
2936,103.69052
2937,149.68401999999998
2938,225.48704999999998
2939,291.2663
2940,364.35788
2941,529.8939
2942,684.11856
2943,861.1433000000001
2944,385.49940000000004
2945,213.39164000000002
2946,167.68672
2947,20.509951
2948,0.0
2949,0.0
2950,0.0
2951,0.0
2952,0.0
2953,0.0
2954,0.0
2955,0.0
2956,0.0
2957,0.0
2958,75.020625
2959,179.70447000000001
2960,171.09528
2961,248.5439
2962,260.42206
2963,398.7663
2964,1039.6955600000001
2965,956.1934
2966,421.41106
2967,929.7818000000001
2968,484.86715999999996
2969,336.42025
2970,163.33772
2971,30.630148000000002
2972,0.0
2973,0.0
2974,0.0
2975,0.0
2976,0.0
2977,0.0
2978,0.0
2979,0.0
2980,0.0
2981,0.0
2982,73.67852
2983,245.06212
2984,315.53125
2985,385.68870000000004
2986,363.93753000000004
2987,244.77214
2988,229.76389
2989,246.01708
2990,213.54278
2991,321.8175
2992,412.968
2993,288.58534000000003
2994,161.94038
2995,31.925084
2996,0.0
2997,0.0
2998,0.0
2999,0.0
3000,0.0
3001,0.0
3002,0.0
3003,0.0
3004,0.0
3005,0.0
3006,33.438815999999996
3007,212.01386
3008,362.96438
3009,975.8247
3010,596.2100600000001
3011,569.0874
3012,392.41888
3013,281.81762
3014,522.48928
3015,926.0046
3016,730.36656
3017,137.20042
3018,46.60368
3019,5.5527974
3020,0.0
3021,0.0
3022,0.0
3023,0.0
3024,0.0
3025,0.0
3026,0.0
3027,0.0
3028,0.0
3029,0.0
3030,14.503233
3031,90.16076600000001
3032,211.02064000000001
3033,169.73833
3034,285.42425
3035,217.68486
3036,234.13729999999998
3037,460.86812
3038,1177.8766
3039,1069.5348000000001
3040,919.7751
3041,613.2375
3042,277.52434000000005
3043,33.334816
3044,0.0
3045,0.0
3046,0.0
3047,0.0
3048,0.0
3049,0.0
3050,0.0
3051,0.0
3052,0.0
3053,0.0
3054,118.85387
3055,384.3121
3056,712.2089
3057,1030.9439399999999
3058,1263.8262
3059,1398.5052
3060,1412.0875
3061,1407.5693999999999
3062,1339.4135
3063,1176.5544
3064,891.73375
3065,551.55994
3066,265.90472
3067,37.80753
3068,0.0
3069,0.0
3070,0.0
3071,0.0
3072,0.0
3073,0.0
3074,0.0
3075,0.0
3076,0.0
3077,0.0
3078,131.70914000000002
3079,392.0267
3080,717.9853
3081,1008.7578000000001
3082,1240.6263999999999
3083,1387.9696000000001
3084,1414.2094
3085,1410.9948
3086,1329.2801000000002
3087,1120.8034
3088,499.50106
3089,94.06764
3090,61.78928
3091,35.4771
3092,0.0
3093,0.0
3094,0.0
3095,0.0
3096,0.0
3097,0.0
3098,0.0
3099,0.0
3100,0.0
3101,0.0
3102,79.36498399999999
3103,283.6525
3104,453.85684000000003
3105,711.4163000000001
3106,985.3286999999999
3107,1270.116
3108,1364.1985
3109,943.8303000000001
3110,885.4139
3111,497.11103
3112,859.1577
3113,589.4035600000001
3114,298.9845
3115,24.967615000000002
3116,0.0
3117,0.0
3118,0.0
3119,0.0
3120,0.0
3121,0.0
3122,0.0
3123,0.0
3124,0.0
3125,0.0
3126,95.83042999999999
3127,127.06943
3128,216.65583999999998
3129,238.33704999999998
3130,263.7002
3131,298.7407
3132,690.2784399999999
3133,436.6594
3134,514.58472
3135,514.05453
3136,831.65956
3137,106.19948
3138,143.431
3139,56.376934
3140,0.0
3141,0.0
3142,0.0
3143,0.0
3144,0.0
3145,0.0
3146,0.0
3147,0.0
3148,0.0
3149,0.0
3150,144.40652
3151,412.85762
3152,746.3126
3153,771.20025
3154,1254.6322
3155,1416.1642
3156,1436.3079
3157,1434.8305
3158,1404.4035
3159,1247.7616
3160,978.24344
3161,643.8626999999999
3162,312.5806
3163,39.12743
3164,0.0
3165,0.0
3166,0.0
3167,0.0
3168,0.0
3169,0.0
3170,0.0
3171,0.0
3172,0.0
3173,0.0
3174,140.19710999999998
3175,405.57684
3176,734.28506
3177,1051.4175
3178,1266.1045
3179,1400.6573999999998
3180,1430.9823999999999
3181,1421.385
3182,1309.0983999999999
3183,1029.6462
3184,898.1718000000001
3185,621.8581999999999
3186,290.4349
3187,49.91856
3188,0.0
3189,0.0
3190,0.0
3191,0.0
3192,0.0
3193,0.0
3194,0.0
3195,0.0
3196,0.0
3197,0.0
3198,140.47242
3199,399.04938
3200,362.49071999999995
3201,191.97289999999998
3202,238.43312
3203,212.58416
3204,228.44847000000001
3205,235.3833
3206,298.50021999999996
3207,906.3659399999999
3208,522.294
3209,261.72958
3210,127.16299000000001
3211,47.716836
3212,0.0
3213,0.0
3214,0.0
3215,0.0
3216,0.0
3217,0.0
3218,0.0
3219,0.0
3220,0.0
3221,0.0
3222,146.3496
3223,392.33644
3224,697.2764
3225,992.85375
3226,1232.1974
3227,1373.9528
3228,1412.2149
3229,1387.7505
3230,1340.8595
3231,1141.5598
3232,898.2730600000001
3233,614.2055600000001
3234,288.30940000000004
3235,52.792582
3236,0.0
3237,0.0
3238,0.0
3239,0.0
3240,0.0
3241,0.0
3242,0.0
3243,0.0
3244,0.0
3245,0.0
3246,147.77953
3247,385.2396
3248,473.2801
3249,997.6254
3250,1260.7041000000002
3251,1360.0335
3252,1413.5149
3253,1413.2182
3254,1332.1796000000002
3255,1152.8364
3256,909.2059399999999
3257,607.45956
3258,309.02784
3259,54.13003
3260,0.0
3261,0.0
3262,0.0
3263,0.0
3264,0.0
3265,0.0
3266,0.0
3267,0.0
3268,0.0
3269,0.0
3270,73.660234
3271,157.52984
3272,337.21616
3273,497.30578
3274,1089.5672
3275,1355.4115
3276,1413.9075
3277,1363.8598
3278,1181.88
3279,848.32275
3280,531.8709
3281,177.68238
3282,62.44399
3283,33.445344
3284,0.0
3285,0.0
3286,0.0
3287,0.0
3288,0.0
3289,0.0
3290,0.0
3291,0.0
3292,0.0
3293,0.0
3294,125.12725999999999
3295,366.83029999999997
3296,625.45225
3297,1024.6661
3298,1275.7343999999998
3299,1387.2251
3300,1394.9472
3301,1390.5621999999998
3302,1313.1705
3303,1007.3842
3304,806.7299399999999
3305,561.3954399999999
3306,289.51503
3307,67.06034
3308,0.0
3309,0.0
3310,0.0
3311,0.0
3312,0.0
3313,0.0
3314,0.0
3315,0.0
3316,0.0
3317,0.0
3318,165.33444
3319,437.73470000000003
3320,757.8181999999999
3321,1035.1368
3322,1301.4663999999998
3323,1401.4682
3324,1426.6485
3325,1422.9746
3326,1349.2703999999999
3327,1191.4128999999998
3328,940.927
3329,601.04106
3330,310.08384
3331,64.229242
3332,0.0
3333,0.0
3334,0.0
3335,0.0
3336,0.0
3337,0.0
3338,0.0
3339,0.0
3340,0.0
3341,0.0
3342,86.23133
3343,397.2693
3344,597.6803000000001
3345,805.7260600000001
3346,962.5372
3347,1035.6104
3348,1094.0666
3349,808.5466
3350,834.701
3351,1120.7132
3352,901.6092
3353,624.8419
3354,321.33396999999997
3355,67.05248399999999
3356,0.0
3357,0.0
3358,0.0
3359,0.0
3360,0.0
3361,0.0
3362,0.0
3363,0.0
3364,0.0
3365,0.0
3366,55.369645
3367,144.98978
3368,154.62462
3369,211.12798
3370,234.70478
3371,339.0752
3372,355.31225
3373,1092.3781999999999
3374,1017.4576999999999
3375,884.6626
3376,713.6772
3377,512.5279
3378,277.21196999999995
3379,58.769176
3380,0.0
3381,0.0
3382,0.0
3383,0.0
3384,0.0
3385,0.0
3386,0.0
3387,0.0
3388,0.0
3389,0.13766441000000001
3390,130.66481
3391,314.78522
3392,516.28384
3393,772.3711999999999
3394,1145.2426
3395,935.5896
3396,981.5145600000001
3397,1321.8411
3398,1029.0843
3399,990.1197
3400,764.0184
3401,177.90919
3402,348.46203
3403,60.663637
3404,0.0
3405,0.0
3406,0.0
3407,0.0
3408,0.0
3409,0.0
3410,0.0
3411,0.0
3412,0.0
3413,0.14212407
3414,149.76228
3415,207.61395000000002
3416,225.1594
3417,375.62615999999997
3418,458.7727
3419,581.4874
3420,779.25375
3421,543.3989
3422,795.969
3423,977.0684
3424,455.37175
3425,357.40088000000003
3426,84.00685
3427,32.240344
3428,0.0
3429,0.0
3430,0.0
3431,0.0
3432,0.0
3433,0.0
3434,0.0
3435,0.0
3436,0.0
3437,0.0
3438,166.34692
3439,362.55915999999996
3440,279.28484000000003
3441,515.2565
3442,305.06434
3443,236.65947
3444,403.02272
3445,366.389
3446,563.6491
3447,429.7383
3448,168.21702
3449,160.7214
3450,99.55801600000001
3451,71.09294
3452,0.0
3453,0.0
3454,0.0
3455,0.0
3456,0.0
3457,0.0
3458,0.0
3459,0.0
3460,0.0
3461,0.66129724
3462,177.15780999999998
3463,439.62865999999997
3464,744.909
3465,617.6957
3466,740.7308
3467,827.1416999999999
3468,260.19214
3469,237.3228
3470,224.79914000000002
3471,277.5848
3472,452.84121999999996
3473,645.07525
3474,238.34028
3475,72.52932000000001
3476,0.0
3477,0.0
3478,0.0
3479,0.0
3480,0.0
3481,0.0
3482,0.0
3483,0.0
3484,0.0
3485,0.31821026999999996
3486,179.55992
3487,435.49538
3488,486.48203
3489,927.6110600000001
3490,1161.4465
3491,825.4624
3492,607.85675
3493,794.4241
3494,752.177
3495,552.48944
3496,393.22378000000003
3497,254.52914
3498,130.32321000000002
3499,56.61404
3500,0.0
3501,0.0
3502,0.0
3503,0.0
3504,0.0
3505,0.0
3506,0.0
3507,0.0
3508,0.0
3509,0.61760596
3510,130.00518
3511,279.20453000000003
3512,733.6518000000001
3513,1016.7438000000001
3514,770.05494
3515,351.15894000000003
3516,1415.6091999999999
3517,1126.8071
3518,560.8196999999999
3519,264.99309999999997
3520,212.08572
3521,307.99156
3522,50.548574
3523,14.645754
3524,0.0
3525,0.0
3526,0.0
3527,0.0
3528,0.0
3529,0.0
3530,0.0
3531,0.0
3532,0.0
3533,0.3369813
3534,172.17367000000002
3535,446.13644
3536,773.0028000000001
3537,1075.838
3538,1197.3779
3539,1317.9414
3540,789.4079399999999
3541,856.4954399999999
3542,667.1734399999999
3543,344.93847
3544,334.3171
3545,659.60375
3546,337.33540000000005
3547,86.01975
3548,0.0
3549,0.0
3550,0.0
3551,0.0
3552,0.0
3553,0.0
3554,0.0
3555,0.0
3556,0.0
3557,1.2043351
3558,173.31327
3559,435.49706
3560,750.88825
3561,670.1718000000001
3562,463.87734
3563,1133.5026
3564,796.8138
3565,1024.0611999999999
3566,1020.836
3567,959.40175
3568,969.53775
3569,674.4861999999999
3570,349.17078000000004
3571,89.55571
3572,0.0
3573,0.0
3574,0.0
3575,0.0
3576,0.0
3577,0.0
3578,0.0
3579,0.0
3580,0.0
3581,1.241213
3582,187.71797
3583,439.39921999999996
3584,786.94494
3585,1071.8345
3586,1266.2775
3587,1396.8778
3588,1391.0188999999998
3589,1393.5762
3590,1144.031
3591,980.2239000000001
3592,514.74053
3593,351.87128
3594,230.72281
3595,71.87017
3596,0.0
3597,0.0
3598,0.0
3599,0.0
3600,0.0
3601,0.0
3602,0.0
3603,0.0
3604,0.0
3605,0.7863098
3606,188.08642
3607,296.45384
3608,553.4821
3609,374.77871999999996
3610,364.48621999999995
3611,319.652
3612,777.36156
3613,705.49825
3614,490.17578000000003
3615,297.51266
3616,145.82360999999997
3617,104.88641
3618,57.57233
3619,14.461779
3620,0.0
3621,0.0
3622,0.0
3623,0.0
3624,0.0
3625,0.0
3626,0.0
3627,0.0
3628,0.0
3629,0.80542084
3630,169.04208
3631,436.97821999999996
3632,739.37175
3633,991.6069399999999
3634,1231.7585
3635,1359.8172
3636,1379.0088
3637,1391.1798000000001
3638,1328.7231000000002
3639,1181.6224
3640,902.3281999999999
3641,656.73325
3642,236.66989999999998
3643,38.025824
3644,0.0
3645,0.0
3646,0.0
3647,0.0
3648,0.0
3649,0.0
3650,0.0
3651,0.0
3652,0.0
3653,1.6061925000000001
3654,137.27681
3655,201.83257999999998
3656,346.1511
3657,601.5536
3658,748.0059399999999
3659,438.45322
3660,405.04484
3661,665.64256
3662,1264.1131
3663,466.91634000000005
3664,413.38228000000004
3665,106.91158999999999
3666,133.78476999999998
3667,21.018076
3668,0.0
3669,0.0
3670,0.0
3671,0.0
3672,0.0
3673,0.0
3674,0.0
3675,0.0
3676,0.0
3677,0.13832854
3678,38.415093999999996
3679,75.49885
3680,112.82146
3681,159.96705
3682,322.01606
3683,701.9049
3684,318.58978
3685,325.30359999999996
3686,388.0269
3687,257.82981
3688,150.42852
3689,143.84598
3690,125.23377
3691,27.160049
3692,0.0
3693,0.0
3694,0.0
3695,0.0
3696,0.0
3697,0.0
3698,0.0
3699,0.0
3700,0.0
3701,0.61819366
3702,52.033918
3703,74.31723
3704,111.09
3705,159.53247
3706,197.4355
3707,223.63477
3708,249.97339000000002
3709,235.98254999999997
3710,249.93489000000002
3711,329.62796999999995
3712,248.2021
3713,227.90581
3714,65.984625
3715,26.781831999999998
3716,0.0
3717,0.0
3718,0.0
3719,0.0
3720,0.0
3721,0.0
3722,0.0
3723,0.0
3724,0.0
3725,0.6183957
3726,65.114016
3727,108.82989
3728,263.96106
3729,245.35266000000001
3730,342.4993
3731,446.84644000000003
3732,390.62372
3733,412.75506
3734,356.15025
3735,349.0766
3736,431.76709999999997
3737,221.06481
3738,361.0147
3739,105.15912
3740,0.0
3741,0.0
3742,0.0
3743,0.0
3744,0.0
3745,0.0
3746,0.0
3747,0.0
3748,0.0
3749,1.6373452
3750,191.57228
3751,477.7434
3752,781.8451
3753,1067.7214
3754,1286.45
3755,1401.7298
3756,1427.9145
3757,1421.6489
3758,1374.9941000000001
3759,1219.1802
3760,997.3394000000001
3761,683.3145
3762,369.91278000000005
3763,107.293164
3764,0.0
3765,0.0
3766,0.0
3767,0.0
3768,0.0
3769,0.0
3770,0.0
3771,0.0
3772,0.0
3773,1.6182963
3774,177.77261
3775,432.43665999999996
3776,741.77725
3777,994.32856
3778,1265.8375
3779,1395.094
3780,1420.1105
3781,1421.2788999999998
3782,1378.048
3783,1214.7292
3784,658.6845999999999
3785,656.1738
3786,362.07312
3787,105.57136
3788,0.0
3789,0.0
3790,0.0
3791,0.0
3792,0.0
3793,0.0
3794,0.0
3795,0.0
3796,0.0
3797,1.6651998000000001
3798,176.3288
3799,426.8757
3800,740.31
3801,789.7264
3802,1247.705
3803,1359.5799
3804,1316.88
3805,1395.8208
3806,1314.7568
3807,957.1334
3808,920.21806
3809,443.07171999999997
3810,341.77944
3811,96.79825
3812,0.0
3813,0.0
3814,0.0
3815,0.0
3816,0.0
3817,0.0
3818,0.0
3819,0.0
3820,0.0
3821,2.64049
3822,177.73725
3823,435.0197
3824,716.8091
3825,1013.13706
3826,1222.0043999999998
3827,1338.2792
3828,1391.8461000000002
3829,1388.196
3830,1290.5011000000002
3831,946.4981
3832,919.11256
3833,626.5219000000001
3834,329.35412
3835,103.91153
3836,0.0
3837,0.0
3838,0.0
3839,0.0
3840,0.0
3841,0.0
3842,0.0
3843,0.0
3844,0.0
3845,4.099472700000001
3846,166.19364000000002
3847,412.77053
3848,673.6455
3849,882.3598000000001
3850,688.1641
3851,545.23925
3852,1265.4569
3853,881.89094
3854,1175.8078
3855,652.3514399999999
3856,925.98525
3857,535.6667
3858,144.30222
3859,46.075410000000005
3860,0.0
3861,0.0
3862,0.0
3863,0.0
3864,0.0
3865,0.0
3866,0.0
3867,0.0
3868,0.0
3869,0.62383124
3870,63.595324
3871,106.87972
3872,331.54916
3873,811.4584
3874,380.2764
3875,464.10116
3876,613.5616
3877,573.4940600000001
3878,486.84088
3879,1012.07444
3880,954.034
3881,471.2978
3882,371.17028000000005
3883,110.77719
3884,0.0
3885,0.0
3886,0.0
3887,0.0
3888,0.0
3889,0.0
3890,0.0
3891,0.0
3892,0.0
3893,0.14021467999999998
3894,36.174004000000004
3895,271.66916
3896,336.12162
3897,417.58238
3898,459.77340000000004
3899,430.29353000000003
3900,440.9194
3901,855.7004000000001
3902,1265.8001000000002
3903,1035.42706
3904,792.3632
3905,443.694
3906,179.20267
3907,127.07842
3908,0.0
3909,0.0
3910,0.0
3911,0.0
3912,0.0
3913,0.0
3914,0.0
3915,0.0
3916,0.0
3917,1.5631731
3918,79.180914
3919,283.333
3920,143.78701999999998
3921,326.2876
3922,308.77403000000004
3923,232.12142
3924,328.81829999999997
3925,1214.4034
3926,1198.8711
3927,1218.6628999999998
3928,538.9259000000001
3929,299.0641
3930,163.87845000000002
3931,42.138949999999994
3932,0.0
3933,0.0
3934,0.0
3935,0.0
3936,0.0
3937,0.0
3938,0.0
3939,0.0
3940,0.0
3941,1.8239075
3942,177.10494
3943,343.7629
3944,391.44175
3945,668.0538
3946,511.57403000000005
3947,365.26147
3948,835.50825
3949,1129.465
3950,1361.863
3951,1140.3158999999998
3952,508.91044
3953,222.60098000000002
3954,83.98625
3955,88.27188000000001
3956,0.0
3957,0.0
3958,0.0
3959,0.0
3960,0.0
3961,0.0
3962,0.0
3963,0.0
3964,0.0
3965,2.692743
3966,179.70173
3967,429.10688
3968,580.15975
3969,498.88072
3970,902.3565
3971,1265.2068000000002
3972,1311.9714
3973,854.1315999999999
3974,1046.2772
3975,1149.8612
3976,199.76398
3977,692.9491999999999
3978,388.9472
3979,68.41347999999999
3980,0.0
3981,0.0
3982,0.0
3983,0.0
3984,0.0
3985,0.0
3986,0.0
3987,0.0
3988,0.0
3989,1.8712725000000001
3990,174.78848000000002
3991,457.08090000000004
3992,759.7442
3993,1039.8542
3994,1269.4696000000001
3995,1387.2072
3996,415.14138
3997,1317.127
3998,1375.9876000000002
3999,1189.6281999999999
4000,941.0536999999999
4001,682.25344
4002,311.9434
4003,88.894766
4004,0.0
4005,0.0
4006,0.0
4007,0.0
4008,0.0
4009,0.0
4010,0.0
4011,0.0
4012,0.0
4013,4.5185723
4014,151.53669
4015,450.46016
4016,745.9460600000001
4017,1037.2509
4018,966.0644
4019,618.8445
4020,918.9475600000001
4021,1396.9871
4022,1215.8361
4023,854.23344
4024,956.545
4025,319.90025
4026,352.99084000000005
4027,115.53201
4028,0.0
4029,0.0
4030,0.0
4031,0.0
4032,0.0
4033,0.0
4034,0.0
4035,0.0
4036,0.0
4037,1.8019186999999999
4038,175.75906
4039,417.81847
4040,736.0869399999999
4041,1043.775
4042,1258.0954
4043,1385.8362
4044,1417.8936
4045,1408.2491
4046,1347.5656000000001
4047,1164.9408999999998
4048,986.6886999999999
4049,682.9430600000001
4050,401.1903
4051,115.92508000000001
4052,0.0
4053,0.0
4054,0.0
4055,0.0
4056,0.0
4057,0.0
4058,0.0
4059,0.0
4060,0.0
4061,0.6232880000000001
4062,49.652426
4063,278.4325
4064,267.77584
4065,238.85097
4066,222.98497
4067,423.97034
4068,570.5421
4069,697.4771
4070,548.9786
4071,266.69403000000005
4072,342.10305999999997
4073,105.437875
4074,138.44819
4075,41.562203000000004
4076,0.0
4077,0.0
4078,0.0
4079,0.0
4080,0.0
4081,0.0
4082,0.0
4083,0.0
4084,0.0
4085,1.5994490000000001
4086,163.8117
4087,353.40228
4088,619.50075
4089,817.00775
4090,962.8086
4091,1264.9361999999999
4092,1360.8591999999999
4093,1332.3216
4094,959.80225
4095,1116.8006
4096,752.7841999999999
4097,491.25221999999997
4098,243.02706
4099,112.52869
4100,0.0
4101,0.0
4102,0.0
4103,0.0
4104,0.0
4105,0.0
4106,0.0
4107,0.0
4108,0.0
4109,1.5255857000000002
4110,105.51375
4111,281.96253
4112,467.28709999999995
4113,806.42094
4114,892.2015600000001
4115,1066.4042
4116,1223.4348
4117,830.5082
4118,1293.0728000000001
4119,1066.9633999999999
4120,894.0210999999999
4121,585.6608
4122,272.66875
4123,108.53634
4124,1.5075447
4125,0.0
4126,0.0
4127,0.0
4128,0.0
4129,0.0
4130,0.0
4131,0.0
4132,0.0
4133,1.6090562
4134,169.04729999999998
4135,390.7281
4136,652.2255
4137,972.7935
4138,425.45578
4139,518.81912
4140,1401.0968
4141,1394.9772
4142,1315.4785
4143,1168.5236
4144,937.2638000000001
4145,620.7896999999999
4146,337.49434
4147,113.984875
4148,1.0461337000000002
4149,0.0
4150,0.0
4151,0.0
4152,0.0
4153,0.0
4154,0.0
4155,0.0
4156,0.0
4157,1.6234392
4158,169.53214000000003
4159,388.89671999999996
4160,709.0427
4161,994.50194
4162,1220.4798
4163,1341.8231
4164,1394.2131000000002
4165,1390.1901
4166,1321.0244
4167,1150.3976
4168,949.19675
4169,643.6114399999999
4170,337.39122
4171,117.05044000000001
4172,1.0497732000000002
4173,0.0
4174,0.0
4175,0.0
4176,0.0
4177,0.0
4178,0.0
4179,0.0
4180,0.0
4181,1.5472399000000001
4182,163.59803
4183,389.1028
4184,697.44056
4185,995.45625
4186,1204.6676
4187,1350.966
4188,1408.0391000000002
4189,1404.5385
4190,1328.909
4191,1173.0388
4192,976.25225
4193,668.8351
4194,382.45378000000005
4195,124.08946
4196,1.0508662999999998
4197,0.0
4198,0.0
4199,0.0
4200,0.0
4201,0.0
4202,0.0
4203,0.0
4204,0.0
4205,2.2206829
4206,163.75375
4207,388.951
4208,695.6166
4209,981.6361999999999
4210,1207.6963999999998
4211,1325.4226
4212,1354.648
4213,1336.209
4214,1276.637
4215,1076.5838999999999
4216,652.5260999999999
4217,413.00256
4218,150.53992000000002
4219,34.955594
4220,0.6178504
4221,0.0
4222,0.0
4223,0.0
4224,0.0
4225,0.0
4226,0.0
4227,0.0
4228,0.0
4229,1.5233835
4230,93.456234
4231,130.57705
4232,109.71289
4233,248.77177
4234,494.52320000000003
4235,844.311
4236,828.36156
4237,834.6201
4238,1116.2112
4239,1034.2113
4240,947.7079399999999
4241,660.6738
4242,387.60878
4243,125.73926
4244,1.0551594
4245,0.0
4246,0.0
4247,0.0
4248,0.0
4249,0.0
4250,0.0
4251,0.0
4252,0.0
4253,0.8503098
4254,161.73894
4255,444.01125
4256,732.50275
4257,830.97075
4258,594.91075
4259,806.43825
4260,701.51375
4261,603.4705600000001
4262,1272.0722
4263,1078.3868
4264,893.96856
4265,500.50984000000005
4266,300.22378000000003
4267,86.10082000000001
4268,1.0664955
4269,0.0
4270,0.0
4271,0.0
4272,0.0
4273,0.0
4274,0.0
4275,0.0
4276,0.0
4277,1.2391035
4278,155.20433
4279,361.45011999999997
4280,638.3770999999999
4281,978.43925
4282,1153.5201000000002
4283,1276.2981000000002
4284,1334.5325
4285,1322.5869
4286,1272.5151
4287,1081.5291000000002
4288,821.2939
4289,553.5929
4290,281.94559999999996
4291,111.93382000000001
4292,1.0537307
4293,0.0
4294,0.0
4295,0.0
4296,0.0
4297,0.0
4298,0.0
4299,0.0
4300,0.0
4301,0.8246598
4302,164.42139
4303,365.64475
4304,674.9602
4305,961.2043000000001
4306,1182.5075
4307,1348.2813999999998
4308,1396.9335
4309,1349.5119
4310,1307.8681000000001
4311,1143.0828999999999
4312,885.7843
4313,619.0161999999999
4314,310.9169
4315,116.34394
4316,1.0512418000000001
4317,0.0
4318,0.0
4319,0.0
4320,0.0
4321,0.0
4322,0.0
4323,0.0
4324,0.0
4325,1.2122727
4326,161.84911
4327,370.61144
4328,685.6643
4329,972.7456
4330,1197.979
4331,1354.7325
4332,1376.6324
4333,1091.0672
4334,1168.7768
4335,1112.9805
4336,931.7573000000001
4337,650.46775
4338,373.8815
4339,116.2102
4340,1.0432214
4341,0.0
4342,0.0
4343,0.0
4344,0.0
4345,0.0
4346,0.0
4347,0.0
4348,0.0
4349,0.3165614
4350,136.45103
4351,410.14625
4352,688.7735600000001
4353,976.1536
4354,1209.9526
4355,1354.3422
4356,1412.6535
4357,1410.0136
4358,1354.2633999999998
4359,1202.8116
4360,977.9635
4361,679.62775
4362,367.9448
4363,116.36988000000001
4364,1.4671843
4365,0.0
4366,0.0
4367,0.0
4368,0.0
4369,0.0
4370,0.0
4371,0.0
4372,0.0
4373,0.6285301
4374,123.36688000000001
4375,271.39144
4376,456.20597
4377,490.9889
4378,716.4771999999999
4379,441.54484
4380,223.21464
4381,228.94803
4382,1039.3626
4383,585.75925
4384,235.47826999999998
4385,114.38592999999999
4386,59.023855000000005
4387,22.008076000000003
4388,1.4815198
4389,0.0
4390,0.0
4391,0.0
4392,0.0
4393,0.0
4394,0.0
4395,0.0
4396,0.0
4397,0.6137486
4398,95.383695
4399,109.46647999999999
4400,166.0207
4401,294.35275
4402,287.04494
4403,826.7259399999999
4404,959.9423
4405,857.0916
4406,871.68906
4407,1028.84506
4408,682.04156
4409,469.53621999999996
4410,360.77628000000004
4411,116.92747
4412,0.0
4413,0.0
4414,0.0
4415,0.0
4416,0.0
4417,0.0
4418,0.0
4419,0.0
4420,0.0
4421,0.13880391
4422,96.82558999999999
4423,272.7061
4424,652.6113
4425,887.1203
4426,1211.1906000000001
4427,1268.3452
4428,1353.1675
4429,1393.0401000000002
4430,1033.0355
4431,580.8879000000001
4432,197.73414000000002
4433,122.77448
4434,82.18685
4435,35.535246
4436,0.0
4437,0.0
4438,0.0
4439,0.0
4440,0.0
4441,0.0
4442,0.0
4443,0.0
4444,0.0
4445,0.67631335
4446,143.72638
4447,401.45425
4448,701.00875
4449,988.52106
4450,1193.1771999999999
4451,1354.2531999999999
4452,1387.8973999999998
4453,1388.5572
4454,902.407
4455,557.6753
4456,618.0406999999999
4457,206.10917
4458,177.73681
4459,21.690201000000002
4460,0.0
4461,0.0
4462,0.0
4463,0.0
4464,0.0
4465,0.0
4466,0.0
4467,0.0
4468,0.0
4469,0.0
4470,142.07507999999999
4471,305.39434
4472,572.66125
4473,954.0348
4474,1161.8742
4475,1192.22
4476,980.689
4477,1378.3152
4478,1299.5818000000002
4479,1125.4224
4480,446.91253
4481,450.34596999999997
4482,238.45334
4483,54.188542999999996
4484,0.0
4485,0.0
4486,0.0
4487,0.0
4488,0.0
4489,0.0
4490,0.0
4491,0.0
4492,0.0
4493,0.0
4494,144.04544
4495,404.82012
4496,704.6862
4497,986.1190600000001
4498,1175.6845
4499,1317.0644
4500,1402.233
4501,1151.9831000000001
4502,480.8999
4503,481.12647
4504,424.76570000000004
4505,237.10166
4506,195.91082999999998
4507,42.045195
4508,0.0
4509,0.0
4510,0.0
4511,0.0
4512,0.0
4513,0.0
4514,0.0
4515,0.0
4516,0.0
4517,0.14569957
4518,127.64478
4519,190.44939000000002
4520,176.84967
4521,147.48038
4522,295.0255
4523,656.0905
4524,1171.5102
4525,1350.885
4526,933.41375
4527,279.75928000000005
4528,183.24973
4529,280.58315999999996
4530,313.3952
4531,103.09249000000001
4532,0.0
4533,0.0
4534,0.0
4535,0.0
4536,0.0
4537,0.0
4538,0.0
4539,0.0
4540,0.0
4541,0.0
4542,39.969652
4543,63.12697
4544,130.31513999999999
4545,144.3448
4546,201.08016
4547,648.3922
4548,736.5559000000001
4549,780.3549399999999
4550,1235.5331999999999
4551,1183.8013999999998
4552,835.6542
4553,416.39162
4554,144.32512
4555,66.67249000000001
4556,0.0
4557,0.0
4558,0.0
4559,0.0
4560,0.0
4561,0.0
4562,0.0
4563,0.0
4564,0.0
4565,0.0
4566,40.33616000000001
4567,96.92341400000001
4568,281.74971999999997
4569,361.89522
4570,412.32090000000005
4571,1235.5772
4572,1350.4604
4573,1114.9081
4574,1291.8106
4575,1119.305
4576,911.9285600000001
4577,624.5994000000001
4578,380.27434000000005
4579,109.61047
4580,0.0
4581,0.0
4582,0.0
4583,0.0
4584,0.0
4585,0.0
4586,0.0
4587,0.0
4588,0.0
4589,0.0
4590,118.50659
4591,386.39975
4592,578.99575
4593,972.3601
4594,967.4254
4595,1044.11194
4596,1329.9778999999999
4597,1392.4559
4598,947.8808
4599,1122.3289
4600,977.7259399999999
4601,682.5612
4602,381.36678
4603,109.10957
4604,0.0
4605,0.0
4606,0.0
4607,0.0
4608,0.0
4609,0.0
4610,0.0
4611,0.0
4612,0.0
4613,0.0
4614,99.70138
4615,246.27138
4616,270.42371999999995
4617,321.41161999999997
4618,626.5254
4619,1138.6644
4620,1311.5875
4621,1091.6426000000001
4622,1319.0813999999998
4623,1186.8382
4624,976.31925
4625,569.6215
4626,311.1028
4627,59.899824
4628,0.0
4629,0.0
4630,0.0
4631,0.0
4632,0.0
4633,0.0
4634,0.0
4635,0.0
4636,0.0
4637,0.0
4638,126.364
4639,373.23425
4640,678.8347
4641,973.3498000000001
4642,1179.6444
4643,1329.5996
4644,1374.861
4645,1381.0911
4646,1334.0493999999999
4647,1176.3828999999998
4648,944.8785600000001
4649,665.4576
4650,376.96662
4651,106.15163000000001
4652,0.0
4653,0.0
4654,0.0
4655,0.0
4656,0.0
4657,0.0
4658,0.0
4659,0.0
4660,0.0
4661,0.0
4662,123.13880499999999
4663,381.95103
4664,669.11725
4665,955.7519
4666,1192.6035
4667,1344.5941
4668,1390.8554
4669,1384.1565
4670,1071.2552
4671,1163.0123999999998
4672,916.3336999999999
4673,642.6844
4674,368.93953000000005
4675,103.39633
4676,0.0
4677,0.0
4678,0.0
4679,0.0
4680,0.0
4681,0.0
4682,0.0
4683,0.0
4684,0.0
4685,0.0
4686,125.96778
4687,385.0078
4688,663.5879
4689,973.40325
4690,1182.187
4691,1346.4169
4692,1340.6383999999998
4693,1330.6344
4694,1106.1748
4695,1110.2619
4696,913.2746
4697,680.53056
4698,371.02912
4699,101.592805
4700,0.0
4701,0.0
4702,0.0
4703,0.0
4704,0.0
4705,0.0
4706,0.0
4707,0.0
4708,0.0
4709,0.0
4710,116.40865
4711,375.33544
4712,662.80094
4713,898.4699
4714,1137.9811000000002
4715,1264.536
4716,1383.217
4717,1387.2166000000002
4718,1345.3991
4719,1188.6054
4720,959.7295
4721,645.8323
4722,363.66409999999996
4723,103.28128
4724,0.0
4725,0.0
4726,0.0
4727,0.0
4728,0.0
4729,0.0
4730,0.0
4731,0.0
4732,0.0
4733,0.0
4734,58.467375
4735,156.55497
4736,437.43212
4737,954.6483000000001
4738,1198.1602
4739,1332.7796
4740,1385.7443999999998
4741,1403.1218000000001
4742,1337.6598000000001
4743,1188.708
4744,954.9789000000001
4745,668.9280600000001
4746,368.87571999999994
4747,99.823445
4748,0.0
4749,0.0
4750,0.0
4751,0.0
4752,0.0
4753,0.0
4754,0.0
4755,0.0
4756,0.0
4757,0.0
4758,119.843125
4759,374.12309999999997
4760,688.53106
4761,983.9617
4762,819.88925
4763,1335.2588999999998
4764,1409.82
4765,1282.03
4766,1351.616
4767,986.8041999999999
4768,382.29028000000005
4769,360.0175
4770,75.58787
4771,20.695016
4772,0.0
4773,0.0
4774,0.0
4775,0.0
4776,0.0
4777,0.0
4778,0.0
4779,0.0
4780,0.0
4781,0.0
4782,91.68647
4783,283.95266
4784,309.39994
4785,474.06544
4786,591.97394
4787,791.9378
4788,1328.9922
4789,1113.5143999999998
4790,700.4502
4791,985.85306
4792,632.2685600000001
4793,425.94528
4794,310.30388
4795,72.55141
4796,0.0
4797,0.0
4798,0.0
4799,0.0
4800,0.0
4801,0.0
4802,0.0
4803,0.0
4804,0.0
4805,0.0
4806,114.7506
4807,183.64889000000002
4808,524.95125
4809,838.5144
4810,580.2599
4811,576.4326
4812,978.6401999999999
4813,828.8162
4814,453.251
4815,508.91075
4816,517.27647
4817,210.01853
4818,282.3528
4819,88.1755
4820,0.0
4821,0.0
4822,0.0
4823,0.0
4824,0.0
4825,0.0
4826,0.0
4827,0.0
4828,0.0
4829,0.0
4830,110.15692999999999
4831,372.74670000000003
4832,665.86156
4833,962.5695999999999
4834,1199.2658999999999
4835,1350.4718
4836,458.4783
4837,1048.681
4838,705.1817
4839,455.52338000000003
4840,793.3758
4841,313.57021999999995
4842,130.152
4843,69.02308000000001
4844,0.0
4845,0.0
4846,0.0
4847,0.0
4848,0.0
4849,0.0
4850,0.0
4851,0.0
4852,0.0
4853,0.0
4854,97.70755
4855,376.74244
4856,404.3962
4857,568.9284399999999
4858,440.62766
4859,724.97375
4860,987.8178
4861,1072.2069
4862,924.8285
4863,799.9885
4864,890.9391999999999
4865,664.6604
4866,345.57678000000004
4867,89.46219
4868,0.0
4869,0.0
4870,0.0
4871,0.0
4872,0.0
4873,0.0
4874,0.0
4875,0.0
4876,0.0
4877,0.0
4878,113.91798
4879,322.56344
4880,665.8424399999999
4881,949.94044
4882,1178.6351000000002
4883,1333.437
4884,1373.0308
4885,1318.0358999999999
4886,970.8498000000001
4887,1040.8875
4888,928.44494
4889,643.8041
4890,342.12688
4891,91.18618
4892,0.0
4893,0.0
4894,0.0
4895,0.0
4896,0.0
4897,0.0
4898,0.0
4899,0.0
4900,0.0
4901,0.0
4902,114.057484
4903,354.3595
4904,641.3245
4905,944.8039
4906,1169.2082
4907,1329.1226000000001
4908,1408.7891000000002
4909,1393.1295
4910,1332.1262
4911,1179.464
4912,905.5942
4913,606.6394399999999
4914,333.6063
4915,83.24055499999999
4916,0.0
4917,0.0
4918,0.0
4919,0.0
4920,0.0
4921,0.0
4922,0.0
4923,0.0
4924,0.0
4925,0.0
4926,65.45671
4927,355.1671
4928,487.74872
4929,723.7789
4930,573.43994
4931,760.8281999999999
4932,816.0204399999999
4933,944.26344
4934,620.00194
4935,646.9203
4936,796.4358000000001
4937,350.24325
4938,337.31870000000004
4939,60.457527
4940,0.0
4941,0.0
4942,0.0
4943,0.0
4944,0.0
4945,0.0
4946,0.0
4947,0.0
4948,0.0
4949,0.0
4950,102.20826
4951,300.1025
4952,355.02088
4953,421.61394
4954,1094.1116000000002
4955,1280.9239
4956,940.73394
4957,714.2239000000001
4958,1226.3961000000002
4959,1112.9595
4960,905.4704399999999
4961,514.0221
4962,56.570695
4963,14.185886
4964,0.0
4965,0.0
4966,0.0
4967,0.0
4968,0.0
4969,0.0
4970,0.0
4971,0.0
4972,0.0
4973,0.0
4974,49.312285
4975,322.95011999999997
4976,574.3190999999999
4977,733.9226
4978,1048.9101
4979,1238.8612
4980,1283.6835
4981,1346.2166000000002
4982,1264.2145
4983,491.90540000000004
4984,543.69525
4985,602.4045600000001
4986,187.77647
4987,86.70473
4988,0.0
4989,0.0
4990,0.0
4991,0.0
4992,0.0
4993,0.0
4994,0.0
4995,0.0
4996,0.0
4997,0.0
4998,69.27558599999999
4999,161.3604
5000,220.84819
5001,345.90866
5002,425.23609999999996
5003,1204.7831
5004,777.2587
5005,707.0208
5006,502.36846999999995
5007,425.75178000000005
5008,495.20175
5009,586.99344
5010,73.12825
5011,83.80042
5012,0.0
5013,0.0
5014,0.0
5015,0.0
5016,0.0
5017,0.0
5018,0.0
5019,0.0
5020,0.0
5021,0.0
5022,51.026305
5023,149.5182
5024,176.49360000000001
5025,354.23638
5026,986.5199
5027,1116.088
5028,643.9484
5029,813.742
5030,762.5731999999999
5031,1123.4608
5032,892.0674399999999
5033,605.91594
5034,245.34405999999998
5035,68.573625
5036,0.0
5037,0.0
5038,0.0
5039,0.0
5040,0.0
5041,0.0
5042,0.0
5043,0.0
5044,0.0
5045,0.0
5046,52.436242
5047,149.45834
5048,253.7865
5049,230.85403
5050,475.53075
5051,276.70666
5052,375.52572
5053,544.8378
5054,427.8012
5055,175.90225
5056,826.6092
5057,340.07078
5058,64.422996
5059,35.301663999999995
5060,0.0
5061,0.0
5062,0.0
5063,0.0
5064,0.0
5065,0.0
5066,0.0
5067,0.0
5068,0.0
5069,0.0
5070,15.9417705
5071,91.10103
5072,168.15188
5073,160.19380999999998
5074,185.55023
5075,200.36197
5076,226.78203
5077,310.1605
5078,541.28044
5079,765.9859399999999
5080,691.4705600000001
5081,439.025
5082,175.59351999999998
5083,73.94655999999999
5084,0.0
5085,0.0
5086,0.0
5087,0.0
5088,0.0
5089,0.0
5090,0.0
5091,0.0
5092,0.0
5093,0.0
5094,74.73941400000001
5095,228.95210999999998
5096,386.2043
5097,620.4671
5098,586.7349399999999
5099,876.90325
5100,774.9768
5101,896.8555600000001
5102,1002.1062
5103,933.59256
5104,695.0001
5105,484.31897
5106,278.38994
5107,23.407047
5108,0.0
5109,0.0
5110,0.0
5111,0.0
5112,0.0
5113,0.0
5114,0.0
5115,0.0
5116,0.0
5117,0.0
5118,15.972684
5119,54.746582000000004
5120,102.31262
5121,139.31877
5122,204.9087
5123,511.16846999999996
5124,668.795
5125,949.1427
5126,1029.81106
5127,817.49394
5128,580.8704399999999
5129,573.28544
5130,125.868875
5131,59.628226999999995
5132,0.0
5133,0.0
5134,0.0
5135,0.0
5136,0.0
5137,0.0
5138,0.0
5139,0.0
5140,0.0
5141,0.0
5142,75.948
5143,306.784
5144,298.08503
5145,383.87156
5146,940.1050600000001
5147,952.29925
5148,1230.187
5149,1184.8955
5150,1066.1183999999998
5151,1127.7913999999998
5152,907.2387
5153,593.6605999999999
5154,315.01712
5155,57.53395
5156,0.0
5157,0.0
5158,0.0
5159,0.0
5160,0.0
5161,0.0
5162,0.0
5163,0.0
5164,0.0
5165,0.0
5166,80.653336
5167,302.46590000000003
5168,624.0757
5169,886.3083
5170,1140.6342
5171,1263.3123999999998
5172,1391.7796
5173,1385.7902
5174,1311.015
5175,1150.0851
5176,921.37694
5177,631.3119
5178,317.6755
5179,60.679311999999996
5180,0.0
5181,0.0
5182,0.0
5183,0.0
5184,0.0
5185,0.0
5186,0.0
5187,0.0
5188,0.0
5189,0.0
5190,60.830055
5191,303.87878
5192,620.7354399999999
5193,876.10344
5194,1119.0008
5195,1258.6625
5196,1334.3824
5197,1362.3921
5198,1275.994
5199,894.9089399999999
5200,814.80094
5201,470.9588
5202,285.30879999999996
5203,52.547633000000005
5204,0.0
5205,0.0
5206,0.0
5207,0.0
5208,0.0
5209,0.0
5210,0.0
5211,0.0
5212,0.0
5213,0.0
5214,65.35579
5215,301.32529999999997
5216,602.34706
5217,876.96225
5218,1135.0621999999998
5219,1288.0988
5220,1376.9691
5221,1390.9935
5222,1311.5152
5223,1117.678
5224,716.4163000000001
5225,321.84088
5226,283.88438
5227,48.834324
5228,0.0
5229,0.0
5230,0.0
5231,0.0
5232,0.0
5233,0.0
5234,0.0
5235,0.0
5236,0.0
5237,0.0
5238,43.791222999999995
5239,261.96398
5240,522.6912199999999
5241,828.93675
5242,1107.1658
5243,1288.628
5244,1237.8654
5245,1347.9926
5246,493.54465999999996
5247,1109.2188999999998
5248,889.50394
5249,595.38694
5250,271.5598
5251,37.127453
5252,0.0
5253,0.0
5254,0.0
5255,0.0
5256,0.0
5257,0.0
5258,0.0
5259,0.0
5260,0.0
5261,0.0
5262,67.81237
5263,267.83588000000003
5264,612.7256
5265,856.2890600000001
5266,1098.1994
5267,1279.1725
5268,1354.065
5269,1361.1601
5270,1285.1199
5271,1109.268
5272,863.6983
5273,579.9030600000001
5274,264.23346999999995
5275,49.29832
5276,0.0
5277,0.0
5278,0.0
5279,0.0
5280,0.0
5281,0.0
5282,0.0
5283,0.0
5284,0.0
5285,0.0
5286,0.0
5287,254.54781
5288,294.6035
5289,614.865
5290,868.4221
5291,1259.5892
5292,1342.0788
5293,1337.6381999999999
5294,1238.6671000000001
5295,602.80956
5296,661.9924
5297,473.01703000000003
5298,53.862074
5299,33.927527000000005
5300,0.0
5301,0.0
5302,0.0
5303,0.0
5304,0.0
5305,0.0
5306,0.0
5307,0.0
5308,0.0
5309,0.0
5310,0.0
5311,296.38594
5312,592.1655
5313,863.8655600000001
5314,1099.3616000000002
5315,1285.9675
5316,1361.9366
5317,1233.3389
5318,1200.723
5319,1130.3695
5320,886.2366999999999
5321,574.4068000000001
5322,280.01140000000004
5323,38.752375
5324,0.0
5325,0.0
5326,0.0
5327,0.0
5328,0.0
5329,0.0
5330,0.0
5331,0.0
5332,0.0
5333,0.0
5334,0.0
5335,279.62053000000003
5336,600.9034
5337,875.0702
5338,1127.2016
5339,1098.0938
5340,1333.1741000000002
5341,1322.1653999999999
5342,1146.386
5343,823.5011999999999
5344,873.0888
5345,474.6895
5346,256.47661
5347,32.126178
5348,0.0
5349,0.0
5350,0.0
5351,0.0
5352,0.0
5353,0.0
5354,0.0
5355,0.0
5356,0.0
5357,0.0
5358,0.0
5359,282.05816
5360,567.2940600000001
5361,846.8791
5362,1115.6794
5363,1284.7684
5364,1363.4356
5365,1351.8026
5366,1268.9908
5367,1072.9435
5368,867.3797
5369,559.7343000000001
5370,235.35397
5371,28.451234
5372,0.0
5373,0.0
5374,0.0
5375,0.0
5376,0.0
5377,0.0
5378,0.0
5379,0.0
5380,0.0
5381,0.0
5382,0.0
5383,280.45544
5384,604.63825
5385,855.74
5386,1116.7345
5387,1299.2138
5388,1350.0648
5389,1364.7153999999998
5390,1310.5426
5391,1134.9849
5392,892.247
5393,560.7649
5394,256.65706
5395,30.422662
5396,0.0
5397,0.0
5398,0.0
5399,0.0
5400,0.0
5401,0.0
5402,0.0
5403,0.0
5404,0.0
5405,0.0
5406,0.0
5407,291.56872
5408,576.04956
5409,847.18944
5410,1109.4398999999999
5411,1267.6009
5412,1346.6199
5413,1330.5615
5414,1246.8036000000002
5415,906.6981
5416,686.0317
5417,541.66506
5418,234.56476999999998
5419,21.279584
5420,0.0
5421,0.0
5422,0.0
5423,0.0
5424,0.0
5425,0.0
5426,0.0
5427,0.0
5428,0.0
5429,0.0
5430,0.0
5431,56.99384
5432,123.60248
5433,155.77145000000002
5434,259.93212
5435,680.2034
5436,287.36762
5437,328.61275
5438,266.57009999999997
5439,250.10266000000001
5440,225.13366
5441,132.00858
5442,52.47489
5443,3.9234175000000002
5444,0.0
5445,0.0
5446,0.0
5447,0.0
5448,0.0
5449,0.0
5450,0.0
5451,0.0
5452,0.0
5453,0.0
5454,0.0
5455,134.09606
5456,112.764055
5457,197.3821
5458,250.00244
5459,263.8364
5460,278.59134
5461,588.888
5462,295.9032
5463,470.76511999999997
5464,800.9900600000001
5465,562.1815600000001
5466,68.63889
5467,25.191549
5468,0.0
5469,0.0
5470,0.0
5471,0.0
5472,0.0
5473,0.0
5474,0.0
5475,0.0
5476,0.0
5477,0.0
5478,0.0
5479,287.90406
5480,591.9731999999999
5481,864.98175
5482,1117.7801000000002
5483,1271.7536
5484,1334.2351
5485,1331.1182
5486,1135.899
5487,895.5235
5488,660.72625
5489,554.90156
5490,187.1561
5491,11.643346
5492,0.0
5493,0.0
5494,0.0
5495,0.0
5496,0.0
5497,0.0
5498,0.0
5499,0.0
5500,0.0
5501,0.0
5502,0.0
5503,261.37898
5504,518.34675
5505,714.6134000000001
5506,901.89875
5507,1024.10744
5508,1095.1802
5509,1083.5374
5510,1013.38675
5511,874.0204399999999
5512,706.5602
5513,477.65453
5514,216.37061
5515,18.04884
5516,0.0
5517,0.0
5518,0.0
5519,0.0
5520,0.0
5521,0.0
5522,0.0
5523,0.0
5524,0.0
5525,0.0
5526,0.0
5527,252.3603
5528,289.7579
5529,391.4945
5530,842.9893000000001
5531,918.2254
5532,207.79338
5533,204.04504999999997
5534,1093.624
5535,939.77325
5536,370.4644
5537,507.40538
5538,223.23023
5539,14.313861999999999
5540,0.0
5541,0.0
5542,0.0
5543,0.0
5544,0.0
5545,0.0
5546,0.0
5547,0.0
5548,0.0
5549,0.0
5550,0.0
5551,283.19853
5552,584.9239
5553,843.0103
5554,1101.587
5555,1265.4022
5556,1331.5313999999998
5557,1254.1598000000001
5558,1214.3121999999998
5559,1066.9786000000001
5560,833.7375
5561,511.55138
5562,219.42085999999998
5563,12.777055
5564,0.0
5565,0.0
5566,0.0
5567,0.0
5568,0.0
5569,0.0
5570,0.0
5571,0.0
5572,0.0
5573,0.0
5574,0.0
5575,259.95905
5576,335.24366
5577,453.71956
5578,878.9206999999999
5579,840.4129399999999
5580,685.7259399999999
5581,362.23425
5582,335.81622
5583,274.48144
5584,124.96903
5585,85.26053
5586,37.005754
5587,2.7989517
5588,0.0
5589,0.0
5590,0.0
5591,0.0
5592,0.0
5593,0.0
5594,0.0
5595,0.0
5596,0.0
5597,0.0
5598,0.0
5599,46.88412
5600,82.33539999999999
5601,169.11517
5602,264.82506
5603,605.4491999999999
5604,570.0200600000001
5605,197.88583
5606,184.7757
5607,460.876
5608,173.66892
5609,354.8912
5610,141.08112
5611,10.641062
5612,0.0
5613,0.0
5614,0.0
5615,0.0
5616,0.0
5617,0.0
5618,0.0
5619,0.0
5620,0.0
5621,0.0
5622,0.0
5623,151.95986
5624,283.41453
5625,382.7957
5626,408.62025
5627,418.7379
5628,697.72575
5629,1202.4661
5630,1123.9271999999999
5631,1024.3966
5632,783.3252
5633,483.32309999999995
5634,163.10583
5635,8.421267
5636,0.0
5637,0.0
5638,0.0
5639,0.0
5640,0.0
5641,0.0
5642,0.0
5643,0.0
5644,0.0
5645,0.0
5646,0.0
5647,72.945234
5648,237.57797
5649,272.09556
5650,241.44379999999998
5651,720.3015600000001
5652,861.46225
5653,1006.4635999999999
5654,875.9609399999999
5655,857.29044
5656,685.9721999999999
5657,467.17596999999995
5658,160.94260999999997
5659,7.0400996
5660,0.0
5661,0.0
5662,0.0
5663,0.0
5664,0.0
5665,0.0
5666,0.0
5667,0.0
5668,0.0
5669,0.0
5670,0.0
5671,34.11225
5672,208.5352
5673,322.72666
5674,225.61456
5675,279.21434000000005
5676,244.72781
5677,200.13312
5678,177.46348
5679,155.07734
5680,186.95977
5681,75.88896000000001
5682,137.4624
5683,4.2005005
5684,0.0
5685,0.0
5686,0.0
5687,0.0
5688,0.0
5689,0.0
5690,0.0
5691,0.0
5692,0.0
5693,0.0
5694,0.0
5695,228.9408
5696,519.0857
5697,867.6175
5698,1103.5146000000002
5699,1256.6925
5700,1315.5589
5701,1314.4306000000001
5702,1206.322
5703,946.8342
5704,744.1250600000001
5705,477.69444
5706,178.97838000000002
5707,2.7273967
5708,0.0
5709,0.0
5710,0.0
5711,0.0
5712,0.0
5713,0.0
5714,0.0
5715,0.0
5716,0.0
5717,0.0
5718,2.7995859999999997
5719,89.61177
5720,273.9907
5721,686.4759
5722,991.13256
5723,597.0384
5724,318.92990000000003
5725,1073.169
5726,1096.9911000000002
5727,747.0836999999999
5728,591.7152
5729,402.4653
5730,172.05047
5731,1.4733754
5732,0.0
5733,0.0
5734,0.0
5735,0.0
5736,0.0
5737,0.0
5738,0.0
5739,0.0
5740,0.0
5741,0.0
5742,3.9120925000000004
5743,233.12883
5744,510.07125
5745,790.24356
5746,1059.9736
5747,1212.7015
5748,1281.5096
5749,1287.4421
5750,1194.4848
5751,991.5471
5752,752.1941999999999
5753,470.54738000000003
5754,168.28066
5755,0.6164114399999999
5756,0.0
5757,0.0
5758,0.0
5759,0.0
5760,0.0
5761,0.0
5762,0.0
5763,0.0
5764,0.0
5765,0.0
5766,2.7399666000000003
5767,220.22694
5768,533.7689399999999
5769,802.33544
5770,1084.527
5771,1227.1782
5772,1301.9898999999998
5773,1285.5642
5774,1177.6618
5775,949.4667
5776,494.9614
5777,429.44684
5778,154.5464
5779,0.0
5780,0.0
5781,0.0
5782,0.0
5783,0.0
5784,0.0
5785,0.0
5786,0.0
5787,0.0
5788,0.0
5789,0.0
5790,1.5212047
5791,119.20169
5792,442.04088
5793,727.6574
5794,986.86925
5795,759.3509
5796,1250.5021000000002
5797,1224.937
5798,1172.1768
5799,741.76625
5800,717.6014399999999
5801,114.39755000000001
5802,149.89589999999998
5803,0.0
5804,0.0
5805,0.0
5806,0.0
5807,0.0
5808,0.0
5809,0.0
5810,0.0
5811,0.0
5812,0.0
5813,0.0
5814,0.6604779999999999
5815,235.69188
5816,493.79396999999994
5817,635.3305600000001
5818,428.47862
5819,567.74725
5820,282.18947
5821,240.05035999999998
5822,545.6064399999999
5823,412.38688
5824,503.71825
5825,405.30506
5826,140.34376999999998
5827,0.0
5828,0.0
5829,0.0
5830,0.0
5831,0.0
5832,0.0
5833,0.0
5834,0.0
5835,0.0
5836,0.0
5837,0.0
5838,0.26034958
5839,194.05145000000002
5840,483.82478000000003
5841,777.3498000000001
5842,952.25306
5843,1185.588
5844,1187.2921000000001
5845,1239.9432
5846,1175.9116000000001
5847,1023.92925
5848,702.2739399999999
5849,388.711
5850,85.74216
5851,0.0
5852,0.0
5853,0.0
5854,0.0
5855,0.0
5856,0.0
5857,0.0
5858,0.0
5859,0.0
5860,0.0
5861,0.0
5862,0.63054785
5863,123.04841400000001
5864,513.50003
5865,789.4931
5866,1001.95306
5867,1152.0348000000001
5868,1264.477
5869,1191.618
5870,542.1140600000001
5871,947.54994
5872,480.42159999999996
5873,375.4038
5874,126.42611
5875,0.0
5876,0.0
5877,0.0
5878,0.0
5879,0.0
5880,0.0
5881,0.0
5882,0.0
5883,0.0
5884,0.0
5885,0.0
5886,0.139584
5887,79.76022
5888,176.83444
5889,268.97588
5890,339.9735
5891,397.81471999999997
5892,1207.3842
5893,1304.304
5894,1163.7063999999998
5895,893.31
5896,346.50534000000005
5897,350.41272
5898,109.76233
5899,0.0
5900,0.0
5901,0.0
5902,0.0
5903,0.0
5904,0.0
5905,0.0
5906,0.0
5907,0.0
5908,0.0
5909,0.0
5910,0.0
5911,204.35045000000002
5912,503.0303
5913,684.86756
5914,597.58225
5915,517.08434
5916,317.84653000000003
5917,447.28838
5918,256.7525
5919,714.8663
5920,702.3463
5921,447.96497
5922,123.65107
5923,0.0
5924,0.0
5925,0.0
5926,0.0
5927,0.0
5928,0.0
5929,0.0
5930,0.0
5931,0.0
5932,0.0
5933,0.0
5934,0.0
5935,206.23311999999999
5936,517.00222
5937,842.5955
5938,1018.7569
5939,1163.2004
5940,1064.9764
5941,1316.5166000000002
5942,1233.0328
5943,997.7832
5944,744.9851
5945,447.24584000000004
5946,116.13783000000001
5947,0.0
5948,0.0
5949,0.0
5950,0.0
5951,0.0
5952,0.0
5953,0.0
5954,0.0
5955,0.0
5956,0.0
5957,0.0
5958,0.13849545
5959,195.49758
5960,508.37375
5961,823.2956999999999
5962,1095.5728000000001
5963,1258.1198
5964,1328.2691
5965,1287.3238000000001
5966,1209.08
5967,1004.45125
5968,745.49694
5969,416.63903000000005
5970,107.14682
5971,0.0
5972,0.0
5973,0.0
5974,0.0
5975,0.0
5976,0.0
5977,0.0
5978,0.0
5979,0.0
5980,0.0
5981,0.0
5982,0.0
5983,168.18370000000002
5984,476.21146999999996
5985,763.9225600000001
5986,1018.0926
5987,1183.1348
5988,1223.9263999999998
5989,1072.3175
5990,1132.6363999999999
5991,746.038
5992,450.06906
5993,336.42706
5994,93.60880999999999
5995,0.0
5996,0.0
5997,0.0
5998,0.0
5999,0.0
6000,0.0
6001,0.0
6002,0.0
6003,0.0
6004,0.0
6005,0.0
6006,0.0
6007,168.62877
6008,491.28088
6009,767.63844
6010,1038.6005
6011,1202.7285
6012,1211.6111
6013,938.2298000000001
6014,322.76597
6015,772.3474399999999
6016,611.8525
6017,112.26839
6018,41.580690000000004
6019,0.0
6020,0.0
6021,0.0
6022,0.0
6023,0.0
6024,0.0
6025,0.0
6026,0.0
6027,0.0
6028,0.0
6029,0.0
6030,0.0
6031,182.58747
6032,454.161
6033,583.23894
6034,869.4161
6035,1067.9472
6036,992.7494399999999
6037,630.9034
6038,464.6298
6039,859.4406
6040,556.25975
6041,326.16121999999996
6042,84.22655999999999
6043,0.0
6044,0.0
6045,0.0
6046,0.0
6047,0.0
6048,0.0
6049,0.0
6050,0.0
6051,0.0
6052,0.0
6053,0.0
6054,0.0
6055,71.11914999999999
6056,118.1383
6057,234.77106
6058,469.59188
6059,267.67006
6060,310.29194
6061,1090.8209
6062,1129.9053999999999
6063,947.56006
6064,680.28825
6065,237.99867
6066,64.563387
6067,0.0
6068,0.0
6069,0.0
6070,0.0
6071,0.0
6072,0.0
6073,0.0
6074,0.0
6075,0.0
6076,0.0
6077,0.0
6078,0.0
6079,132.21577
6080,72.94731
6081,119.81746000000001
6082,157.08104999999998
6083,183.2175
6084,187.73762
6085,183.97423
6086,168.94831
6087,137.92823
6088,96.453836
6089,57.597133
6090,82.82463
6091,0.0
6092,0.0
6093,0.0
6094,0.0
6095,0.0
6096,0.0
6097,0.0
6098,0.0
6099,0.0
6100,0.0
6101,0.0
6102,0.0
6103,178.56595000000002
6104,491.8564
6105,784.13306
6106,1029.7185
6107,1210.7964
6108,1280.6225
6109,1240.718
6110,1133.0041999999999
6111,964.86256
6112,694.3107
6113,362.47912
6114,68.97261
6115,0.0
6116,0.0
6117,0.0
6118,0.0
6119,0.0
6120,0.0
6121,0.0
6122,0.0
6123,0.0
6124,0.0
6125,0.0
6126,0.0
6127,125.84862
6128,467.4504
6129,781.1279000000001
6130,1019.6174
6131,1196.0678
6132,1249.7472
6133,1263.2298
6134,1147.3298
6135,940.3203000000001
6136,670.3104000000001
6137,354.08644
6138,64.69796
6139,0.0
6140,0.0
6141,0.0
6142,0.0
6143,0.0
6144,0.0
6145,0.0
6146,0.0
6147,0.0
6148,0.0
6149,0.0
6150,0.0
6151,92.6408
6152,493.49306
6153,765.1319
6154,837.8244
6155,1204.4395
6156,1242.2111
6157,1217.7343999999998
6158,1140.5272
6159,933.62675
6160,633.32225
6161,328.02565999999996
6162,31.216266
6163,0.0
6164,0.0
6165,0.0
6166,0.0
6167,0.0
6168,0.0
6169,0.0
6170,0.0
6171,0.0
6172,0.0
6173,0.0
6174,0.0
6175,171.88130999999998
6176,465.45153000000005
6177,776.1776
6178,1023.5580600000001
6179,1220.9201
6180,1270.1628999999998
6181,1218.374
6182,1084.2568
6183,934.3960999999999
6184,667.23525
6185,335.12571999999994
6186,53.80106
6187,0.0
6188,0.0
6189,0.0
6190,0.0
6191,0.0
6192,0.0
6193,0.0
6194,0.0
6195,0.0
6196,0.0
6197,0.0
6198,0.0
6199,160.09164
6200,480.79616
6201,771.5145600000001
6202,1014.2498
6203,1172.8496
6204,1228.4145
6205,1242.7394
6206,1113.7184
6207,934.1071999999999
6208,641.571
6209,329.72540000000004
6210,43.013156
6211,0.0
6212,0.0
6213,0.0
6214,0.0
6215,0.0
6216,0.0
6217,0.0
6218,0.0
6219,0.0
6220,0.0
6221,0.0
6222,0.0
6223,159.50355
6224,458.15729999999996
6225,746.8483
6226,984.88294
6227,1150.3706000000002
6228,1214.5328
6229,1198.7088999999999
6230,1093.216
6231,898.5720600000001
6232,630.8336999999999
6233,316.72678
6234,43.318938
6235,0.0
6236,0.0
6237,0.0
6238,0.0
6239,0.0
6240,0.0
6241,0.0
6242,0.0
6243,0.0
6244,0.0
6245,0.0
6246,0.0
6247,100.87796
6248,458.35638
6249,718.46075
6250,931.0756
6251,1103.4984
6252,1168.7349
6253,1112.3144
6254,1042.483
6255,774.8304
6256,417.88606
6257,259.92931
6258,21.343787
6259,0.0
6260,0.0
6261,0.0
6262,0.0
6263,0.0
6264,0.0
6265,0.0
6266,0.0
6267,0.0
6268,0.0
6269,0.0
6270,0.0
6271,116.28398
6272,269.66503
6273,108.263445
6274,144.08408
6275,674.1264399999999
6276,173.76119
6277,341.21012
6278,203.47147
6279,152.72573
6280,145.34735999999998
6281,91.87979
6282,8.241605999999999
6283,0.0
6284,0.0
6285,0.0
6286,0.0
6287,0.0
6288,0.0
6289,0.0
6290,0.0
6291,0.0
6292,0.0
6293,0.0
6294,0.0
6295,12.62951
6296,276.3418
6297,110.87336
6298,148.81247
6299,214.40779999999998
6300,179.89712
6301,194.83178
6302,191.35127
6303,194.14097
6304,200.9715
6305,108.17403
6306,32.747234
6307,0.0
6308,0.0
6309,0.0
6310,0.0
6311,0.0
6312,0.0
6313,0.0
6314,0.0
6315,0.0
6316,0.0
6317,0.0
6318,0.0
6319,140.33192000000003
6320,440.78166
6321,659.698
6322,964.44475
6323,1125.7461
6324,1215.9091
6325,1205.1185
6326,1090.477
6327,887.496
6328,601.3526999999999
6329,286.8116
6330,21.787912
6331,0.0
6332,0.0
6333,0.0
6334,0.0
6335,0.0
6336,0.0
6337,0.0
6338,0.0
6339,0.0
6340,0.0
6341,0.0
6342,0.0
6343,14.228761
6344,64.631637
6345,111.26716400000001
6346,138.05117
6347,164.39439000000002
6348,181.11312
6349,178.09064
6350,153.36242000000001
6351,130.04784
6352,149.82335999999998
6353,39.124277
6354,9.942988999999999
6355,0.0
6356,0.0
6357,0.0
6358,0.0
6359,0.0
6360,0.0
6361,0.0
6362,0.0
6363,0.0
6364,0.0
6365,0.0
6366,0.0
6367,52.321402
6368,138.23507999999998
6369,188.29242000000002
6370,348.6852
6371,236.34897
6372,180.34014000000002
6373,214.33611
6374,181.05953
6375,396.96765999999997
6376,86.96433999999999
6377,53.358059999999995
6378,11.417374
6379,0.0
6380,0.0
6381,0.0
6382,0.0
6383,0.0
6384,0.0
6385,0.0
6386,0.0
6387,0.0
6388,0.0
6389,0.0
6390,0.0
6391,114.45658999999999
6392,419.11578000000003
6393,696.1831
6394,948.9214000000001
6395,1051.1906000000001
6396,1155.1945
6397,1019.35256
6398,799.73656
6399,212.41272
6400,132.05470000000003
6401,146.20486
6402,11.540389
6403,0.0
6404,0.0
6405,0.0
6406,0.0
6407,0.0
6408,0.0
6409,0.0
6410,0.0
6411,0.0
6412,0.0
6413,0.0
6414,0.0
6415,78.4014
6416,407.29771999999997
6417,552.4244399999999
6418,570.4888000000001
6419,578.3263000000001
6420,553.26875
6421,908.6695
6422,821.7469
6423,843.8189
6424,523.50725
6425,240.56553
6426,9.672186
6427,0.0
6428,0.0
6429,0.0
6430,0.0
6431,0.0
6432,0.0
6433,0.0
6434,0.0
6435,0.0
6436,0.0
6437,0.0
6438,0.0
6439,119.35973
6440,407.38688
6441,714.522
6442,911.7834
6443,1106.1663999999998
6444,1157.0871000000002
6445,1164.043
6446,1009.13144
6447,837.7787
6448,536.01225
6449,235.37281
6450,7.470854
6451,0.0
6452,0.0
6453,0.0
6454,0.0
6455,0.0
6456,0.0
6457,0.0
6458,0.0
6459,0.0
6460,0.0
6461,0.0
6462,0.0
6463,103.69654
6464,368.305
6465,677.30094
6466,903.5617
6467,944.04
6468,834.829
6469,806.9860600000001
6470,525.85206
6471,541.9563
6472,522.0982
6473,231.55589
6474,5.196765999999999
6475,0.0
6476,0.0
6477,0.0
6478,0.0
6479,0.0
6480,0.0
6481,0.0
6482,0.0
6483,0.0
6484,0.0
6485,0.0
6486,0.0
6487,107.510125
6488,359.32772
6489,318.33912
6490,159.50927
6491,1087.3301999999999
6492,1135.3138999999999
6493,1116.2748000000001
6494,1010.12156
6495,826.31275
6496,520.39034
6497,225.96344
6498,3.3656509999999997
6499,0.0
6500,0.0
6501,0.0
6502,0.0
6503,0.0
6504,0.0
6505,0.0
6506,0.0
6507,0.0
6508,0.0
6509,0.0
6510,0.0
6511,64.249207
6512,368.54765999999995
6513,642.3036999999999
6514,872.6867
6515,1019.3360600000001
6516,1047.57625
6517,1088.3868
6518,979.0774399999999
6519,801.8248000000001
6520,500.10161999999997
6521,207.00478
6522,1.4356703
6523,0.0
6524,0.0
6525,0.0
6526,0.0
6527,0.0
6528,0.0
6529,0.0
6530,0.0
6531,0.0
6532,0.0
6533,0.0
6534,0.0
6535,66.66621
6536,285.39388
6537,311.18603
6538,652.2771
6539,526.44144
6540,433.33375
6541,286.30634000000003
6542,495.70844
6543,423.02344
6544,141.97067
6545,83.72994
6546,1.4391133
6547,0.0
6548,0.0
6549,0.0
6550,0.0
6551,0.0
6552,0.0
6553,0.0
6554,0.0
6555,0.0
6556,0.0
6557,0.0
6558,0.0
6559,36.39233
6560,89.68561
6561,170.13807999999997
6562,241.57692
6563,290.63915999999995
6564,309.956
6565,302.58612
6566,264.8492
6567,767.65206
6568,456.60316
6569,179.95281
6570,8.822715
6571,0.0
6572,0.0
6573,0.0
6574,0.0
6575,0.0
6576,0.0
6577,0.0
6578,0.0
6579,0.0
6580,0.0
6581,0.0
6582,0.0
6583,51.716663999999994
6584,388.74203
6585,657.377
6586,952.9854399999999
6587,905.4049399999999
6588,1128.0658
6589,1017.24694
6590,817.1848
6591,650.6526
6592,342.07828
6593,86.5205
6594,9.317746
6595,0.0
6596,0.0
6597,0.0
6598,0.0
6599,0.0
6600,0.0
6601,0.0
6602,0.0
6603,0.0
6604,0.0
6605,0.0
6606,0.0
6607,59.209230000000005
6608,116.222016
6609,191.1449
6610,407.9617
6611,740.144
6612,535.3438000000001
6613,617.0451999999999
6614,666.4244
6615,611.57994
6616,446.812
6617,174.40806
6618,4.8832466000000005
6619,0.0
6620,0.0
6621,0.0
6622,0.0
6623,0.0
6624,0.0
6625,0.0
6626,0.0
6627,0.0
6628,0.0
6629,0.0
6630,0.0
6631,55.574137
6632,299.89446999999996
6633,679.9605600000001
6634,826.4834000000001
6635,1076.4768000000001
6636,1190.8441
6637,971.1730600000001
6638,349.79394
6639,624.0751
6640,475.87062
6641,171.30002
6642,3.6072793
6643,0.0
6644,0.0
6645,0.0
6646,0.0
6647,0.0
6648,0.0
6649,0.0
6650,0.0
6651,0.0
6652,0.0
6653,0.0
6654,0.0
6655,33.239707
6656,87.83557
6657,156.79411
6658,227.65642000000003
6659,275.15371999999996
6660,294.11356
6661,1064.2401
6662,250.35479999999998
6663,189.91019
6664,112.70826
6665,60.687400000000004
6666,1.509076
6667,0.0
6668,0.0
6669,0.0
6670,0.0
6671,0.0
6672,0.0
6673,0.0
6674,0.0
6675,0.0
6676,0.0
6677,0.0
6678,0.0
6679,38.54678
6680,73.291305
6681,142.27378
6682,200.61864000000003
6683,239.954
6684,211.85502
6685,206.7699
6686,182.28578
6687,139.18447
6688,103.19556
6689,29.991130000000002
6690,0.6051723600000001
6691,0.0
6692,0.0
6693,0.0
6694,0.0
6695,0.0
6696,0.0
6697,0.0
6698,0.0
6699,0.0
6700,0.0
6701,0.0
6702,0.0
6703,22.432383
6704,78.023195
6705,147.57166
6706,248.2404
6707,294.02459999999996
6708,312.42371999999995
6709,305.28594
6710,268.18294000000003
6711,208.26817000000003
6712,128.36941000000002
6713,46.16285
6714,0.6045866
6715,0.0
6716,0.0
6717,0.0
6718,0.0
6719,0.0
6720,0.0
6721,0.0
6722,0.0
6723,0.0
6724,0.0
6725,0.0
6726,0.0
6727,47.525684
6728,83.96697
6729,331.55494
6730,633.8996999999999
6731,966.0194399999999
6732,1106.4578000000001
6733,977.5550999999999
6734,766.8641
6735,284.93903
6736,306.62038
6737,92.26105
6738,0.13720703
6739,0.0
6740,0.0
6741,0.0
6742,0.0
6743,0.0
6744,0.0
6745,0.0
6746,0.0
6747,0.0
6748,0.0
6749,0.0
6750,0.0
6751,23.726453000000003
6752,216.4478
6753,338.89553
6754,612.0956
6755,763.75925
6756,948.9109
6757,887.8885600000001
6758,938.95125
6759,512.3308
6760,419.17253000000005
6761,126.30333
6762,0.13825482
6763,0.0
6764,0.0
6765,0.0
6766,0.0
6767,0.0
6768,0.0
6769,0.0
6770,0.0
6771,0.0
6772,0.0
6773,0.0
6774,0.0
6775,31.907576000000002
6776,154.52947
6777,376.73816
6778,627.8119399999999
6779,658.18425
6780,729.4048
6781,1040.14194
6782,894.8916999999999
6783,705.9901
6784,417.11853
6785,127.30207
6786,0.0
6787,0.0
6788,0.0
6789,0.0
6790,0.0
6791,0.0
6792,0.0
6793,0.0
6794,0.0
6795,0.0
6796,0.0
6797,0.0
6798,0.0
6799,38.706793
6800,286.94966
6801,598.84394
6802,855.6469000000001
6803,724.8648000000001
6804,909.449
6805,1073.8589
6806,761.8229
6807,226.48423
6808,332.28294
6809,70.26416400000001
6810,0.13943732
6811,0.0
6812,0.0
6813,0.0
6814,0.0
6815,0.0
6816,0.0
6817,0.0
6818,0.0
6819,0.0
6820,0.0
6821,0.0
6822,0.0
6823,36.29553
6824,301.31928000000005
6825,616.4466
6826,872.14144
6827,1028.58
6828,1091.9549
6829,1057.5803999999998
6830,929.8516
6831,708.07825
6832,415.39862
6833,115.51066
6834,0.13979256
6835,0.0
6836,0.0
6837,0.0
6838,0.0
6839,0.0
6840,0.0
6841,0.0
6842,0.0
6843,0.0
6844,0.0
6845,0.0
6846,0.0
6847,33.5373
6848,297.45516
6849,418.41994
6850,771.2179
6851,1018.2866
6852,1089.6155
6853,1001.1285600000001
6854,868.3539000000001
6855,689.46875
6856,308.31784000000005
6857,99.88538
6858,0.0
6859,0.0
6860,0.0
6861,0.0
6862,0.0
6863,0.0
6864,0.0
6865,0.0
6866,0.0
6867,0.0
6868,0.0
6869,0.0
6870,0.0
6871,13.046502
6872,89.59741
6873,173.25803
6874,243.06355
6875,286.54159999999996
6876,304.64306
6877,296.33146999999997
6878,260.3259
6879,199.57575
6880,119.376336
6881,36.761145
6882,0.0
6883,0.0
6884,0.0
6885,0.0
6886,0.0
6887,0.0
6888,0.0
6889,0.0
6890,0.0
6891,0.0
6892,0.0
6893,0.0
6894,0.0
6895,28.8072
6896,310.6263
6897,407.79359999999997
6898,243.44295000000002
6899,533.5073000000001
6900,736.0309
6901,690.8412
6902,767.17275
6903,644.6438
6904,240.76984
6905,82.4948
6906,0.0
6907,0.0
6908,0.0
6909,0.0
6910,0.0
6911,0.0
6912,0.0
6913,0.0
6914,0.0
6915,0.0
6916,0.0
6917,0.0
6918,0.0
6919,17.319247999999998
6920,196.00034
6921,562.28144
6922,536.42956
6923,942.2871
6924,629.2266
6925,450.23394
6926,456.78965999999997
6927,360.69266
6928,305.10490000000004
6929,102.59633
6930,0.0
6931,0.0
6932,0.0
6933,0.0
6934,0.0
6935,0.0
6936,0.0
6937,0.0
6938,0.0
6939,0.0
6940,0.0
6941,0.0
6942,0.0
6943,35.324902
6944,177.43860999999998
6945,281.3372
6946,511.89847
6947,526.0439
6948,626.1240600000001
6949,665.67875
6950,393.09596999999997
6951,375.4246
6952,354.17920000000004
6953,37.004605000000005
6954,0.0
6955,0.0
6956,0.0
6957,0.0
6958,0.0
6959,0.0
6960,0.0
6961,0.0
6962,0.0
6963,0.0
6964,0.0
6965,0.0
6966,0.0
6967,21.852798999999997
6968,268.04684000000003
6969,506.79156
6970,570.1195
6971,728.62106
6972,438.8852
6973,560.7181999999999
6974,602.3308000000001
6975,291.10121999999996
6976,293.15744
6977,63.71243
6978,0.0
6979,0.0
6980,0.0
6981,0.0
6982,0.0
6983,0.0
6984,0.0
6985,0.0
6986,0.0
6987,0.0
6988,0.0
6989,0.0
6990,0.0
6991,15.246165999999999
6992,93.408766
6993,543.3799399999999
6994,440.23484
6995,264.27547
6996,281.6963
6997,669.8289
6998,241.00110999999998
6999,183.50701999999998
7000,106.146375
7001,26.62539
7002,0.0
7003,0.0
7004,0.0
7005,0.0
7006,0.0
7007,0.0
7008,0.0
7009,0.0
7010,0.0
7011,0.0
7012,0.0
7013,0.0
7014,0.0
7015,10.037353999999999
7016,66.37505
7017,145.29967000000002
7018,214.28578
7019,260.01860999999997
7020,278.9278
7021,268.80494
7022,232.16036
7023,169.37279999999998
7024,91.90209
7025,25.62234
7026,0.0
7027,0.0
7028,0.0
7029,0.0
7030,0.0
7031,0.0
7032,0.0
7033,0.0
7034,0.0
7035,0.0
7036,0.0
7037,0.0
7038,0.0
7039,17.856334
7040,192.9474
7041,462.85438
7042,331.51865999999995
7043,832.1277
7044,445.85412
7045,722.5686999999999
7046,593.058
7047,446.85371999999995
7048,177.16348000000002
7049,43.150656000000005
7050,0.0
7051,0.0
7052,0.0
7053,0.0
7054,0.0
7055,0.0
7056,0.0
7057,0.0
7058,0.0
7059,0.0
7060,0.0
7061,0.0
7062,0.0
7063,12.831748
7064,266.7018
7065,580.10825
7066,861.3017
7067,1024.9361999999999
7068,1085.3268
7069,1048.0516
7070,910.7823000000001
7071,653.2455600000001
7072,358.44144
7073,61.193867
7074,0.0
7075,0.0
7076,0.0
7077,0.0
7078,0.0
7079,0.0
7080,0.0
7081,0.0
7082,0.0
7083,0.0
7084,0.0
7085,0.0
7086,0.0
7087,13.505628
7088,236.90088
7089,509.21634
7090,762.2214
7091,717.7444
7092,948.30406
7093,883.7243000000001
7094,839.7483000000001
7095,273.05670000000003
7096,94.7932
7097,18.539807
7098,0.0
7099,0.0
7100,0.0
7101,0.0
7102,0.0
7103,0.0
7104,0.0
7105,0.0
7106,0.0
7107,0.0
7108,0.0
7109,0.0
7110,0.0
7111,4.055373
7112,58.25383
7113,150.82067
7114,218.25767000000002
7115,262.72762
7116,281.49197
7117,271.13544
7118,233.48127
7119,172.01995000000002
7120,227.97245
7121,60.885847999999996
7122,0.0
7123,0.0
7124,0.0
7125,0.0
7126,0.0
7127,0.0
7128,0.0
7129,0.0
7130,0.0
7131,0.0
7132,0.0
7133,0.0
7134,0.0
7135,11.15959
7136,179.92184
7137,337.85821999999996
7138,434.38079999999997
7139,883.5524
7140,835.32444
7141,872.19494
7142,439.0197
7143,215.53258
7144,126.61232000000001
7145,44.39378
7146,0.0
7147,0.0
7148,0.0
7149,0.0
7150,0.0
7151,0.0
7152,0.0
7153,0.0
7154,0.0
7155,0.0
7156,0.0
7157,0.0
7158,0.0
7159,6.6802583
7160,168.99016
7161,536.5906
7162,572.12656
7163,710.8775
7164,540.93544
7165,616.38556
7166,363.1052
7167,416.61203
7168,285.50078
7169,24.268578
7170,0.0
7171,0.0
7172,0.0
7173,0.0
7174,0.0
7175,0.0
7176,0.0
7177,0.0
7178,0.0
7179,0.0
7180,0.0
7181,0.0
7182,0.0
7183,4.0337002
7184,52.822777
7185,125.730914
7186,158.5967
7187,197.26102
7188,256.67072
7189,568.7885600000001
7190,207.22701999999998
7191,147.1454
7192,72.58285000000001
7193,17.633203
7194,0.0
7195,0.0
7196,0.0
7197,0.0
7198,0.0
7199,0.0
7200,0.0
7201,0.0
7202,0.0
7203,0.0
7204,0.0
7205,0.0
7206,0.0
7207,4.0256
7208,59.885105
7209,138.20161
7210,204.02969000000002
7211,247.86956
7212,266.43228000000005
7213,256.21977
7214,219.02945000000003
7215,201.39636
7216,200.34731
7217,13.010557
7218,0.0
7219,0.0
7220,0.0
7221,0.0
7222,0.0
7223,0.0
7224,0.0
7225,0.0
7226,0.0
7227,0.0
7228,0.0
7229,0.0
7230,0.0
7231,5.102066
7232,90.97991999999999
7233,231.77658
7234,718.5349
7235,736.40244
7236,834.5049399999999
7237,729.3215600000001
7238,380.37534000000005
7239,512.8975
7240,161.85362
7241,22.568206999999997
7242,0.0
7243,0.0
7244,0.0
7245,0.0
7246,0.0
7247,0.0
7248,0.0
7249,0.0
7250,0.0
7251,0.0
7252,0.0
7253,0.0
7254,0.0
7255,5.4436714
7256,118.7845
7257,339.63612
7258,565.46344
7259,830.8096999999999
7260,867.3933000000001
7261,666.2689
7262,609.1641
7263,499.1437
7264,146.03855
7265,21.083225
7266,0.0
7267,0.0
7268,0.0
7269,0.0
7270,0.0
7271,0.0
7272,0.0
7273,0.0
7274,0.0
7275,0.0
7276,0.0
7277,0.0
7278,0.0
7279,2.667145
7280,47.093336
7281,114.37346000000001
7282,180.56883
7283,226.46731
7284,243.26228
7285,232.61003
7286,195.05961
7287,134.557
7288,63.563707
7289,13.209021
7290,0.0
7291,0.0
7292,0.0
7293,0.0
7294,0.0
7295,0.0
7296,0.0
7297,0.0
7298,0.0
7299,0.0
7300,0.0
7301,0.0
7302,0.0
7303,0.0
7304,122.81375999999999
7305,367.82120000000003
7306,603.6870600000001
7307,766.5139
7308,792.7477
7309,813.0124000000001
7310,651.333
7311,227.65883
7312,194.98842000000002
7313,9.751226
7314,0.0
7315,0.0
7316,0.0
7317,0.0
7318,0.0
7319,0.0
7320,0.0
7321,0.0
7322,0.0
7323,0.0
7324,0.0
7325,0.0
7326,0.0
7327,0.0
7328,56.927991999999996
7329,121.885
7330,667.1349399999999
7331,860.0239399999999
7332,882.1551
7333,846.4730999999999
7334,730.4029
7335,542.2993
7336,234.71317000000002
7337,8.587727000000001
7338,0.0
7339,0.0
7340,0.0
7341,0.0
7342,0.0
7343,0.0
7344,0.0
7345,0.0
7346,0.0
7347,0.0
7348,0.0
7349,0.0
7350,0.0
7351,0.0
7352,179.64472
7353,438.55934
7354,664.7189000000001
7355,824.1925
7356,836.6460999999999
7357,801.49606
7358,637.1527
7359,446.00316
7360,243.32377
7361,6.882069
7362,0.0
7363,0.0
7364,0.0
7365,0.0
7366,0.0
7367,0.0
7368,0.0
7369,0.0
7370,0.0
7371,0.0
7372,0.0
7373,0.0
7374,0.0
7375,0.0
7376,134.83298000000002
7377,438.82496999999995
7378,697.637
7379,811.5104
7380,889.85425
7381,820.3112
7382,722.9567
7383,506.8526
7384,226.23484
7385,5.2779146
7386,0.0
7387,0.0
7388,0.0
7389,0.0
7390,0.0
7391,0.0
7392,0.0
7393,0.0
7394,0.0
7395,0.0
7396,0.0
7397,0.0
7398,0.0
7399,0.0
7400,152.86336
7401,443.16375
7402,639.7067
7403,756.135
7404,817.9592
7405,835.7441
7406,673.0087
7407,510.94184
7408,225.52692000000002
7409,3.8066196
7410,0.0
7411,0.0
7412,0.0
7413,0.0
7414,0.0
7415,0.0
7416,0.0
7417,0.0
7418,0.0
7419,0.0
7420,0.0
7421,0.0
7422,0.0
7423,0.0
7424,97.88766
7425,348.6973
7426,208.5219
7427,136.13548
7428,230.09205
7429,184.17407999999998
7430,140.42753
7431,88.26262
7432,29.869516
7433,0.1179299
7434,0.0
7435,0.0
7436,0.0
7437,0.0
7438,0.0
7439,0.0
7440,0.0
7441,0.0
7442,0.0
7443,0.0
7444,0.0
7445,0.0
7446,0.0
7447,0.0
7448,29.497426
7449,282.1851
7450,88.043625
7451,113.91207
7452,119.81722
7453,115.07521000000001
7454,102.40795
7455,166.38927999999999
7456,73.11147
7457,1.4017844
7458,0.0
7459,0.0
7460,0.0
7461,0.0
7462,0.0
7463,0.0
7464,0.0
7465,0.0
7466,0.0
7467,0.0
7468,0.0
7469,0.0
7470,0.0
7471,0.0
7472,68.55346
7473,102.3998
7474,314.65428
7475,558.5375600000001
7476,720.931
7477,807.0279
7478,527.41475
7479,465.93172
7480,202.94044
7481,0.5639915
7482,0.0
7483,0.0
7484,0.0
7485,0.0
7486,0.0
7487,0.0
7488,0.0
7489,0.0
7490,0.0
7491,0.0
7492,0.0
7493,0.0
7494,0.0
7495,0.0
7496,51.199082000000004
7497,66.69508599999999
7498,124.81874
7499,117.56710000000001
7500,124.50457
7501,119.256586
7502,211.53317
7503,62.567684
7504,30.086729
7505,0.0
7506,0.0
7507,0.0
7508,0.0
7509,0.0
7510,0.0
7511,0.0
7512,0.0
7513,0.0
7514,0.0
7515,0.0
7516,0.0
7517,0.0
7518,0.0
7519,0.0
7520,32.004988000000004
7521,129.45892
7522,181.17714
7523,323.4478
7524,576.828
7525,598.7211
7526,605.2502
7527,301.0458
7528,174.649
7529,0.0
7530,0.0
7531,0.0
7532,0.0
7533,0.0
7534,0.0
7535,0.0
7536,0.0
7537,0.0
7538,0.0
7539,0.0
7540,0.0
7541,0.0
7542,0.0
7543,0.0
7544,94.83011
7545,270.31021999999996
7546,433.59153000000003
7547,533.03644
7548,565.30994
7549,547.8975600000001
7550,454.38706
7551,308.92388
7552,129.277484
7553,0.0
7554,0.0
7555,0.0
7556,0.0
7557,0.0
7558,0.0
7559,0.0
7560,0.0
7561,0.0
7562,0.0
7563,0.0
7564,0.0
7565,0.0
7566,0.0
7567,0.0
7568,14.032636
7569,102.88613000000001
7570,90.452516
7571,106.93892
7572,123.64636
7573,118.35357
7574,94.95754
7575,132.46475
7576,51.114489999999996
7577,0.0
7578,0.0
7579,0.0
7580,0.0
7581,0.0
7582,0.0
7583,0.0
7584,0.0
7585,0.0
7586,0.0
7587,0.0
7588,0.0
7589,0.0
7590,0.0
7591,0.0
7592,80.50322
7593,66.469555
7594,103.17557000000001
7595,107.86938
7596,124.44510000000001
7597,109.55048
7598,96.09058
7599,79.696805
7600,50.281684
7601,0.0
7602,0.0
7603,0.0
7604,0.0
7605,0.0
7606,0.0
7607,0.0
7608,0.0
7609,0.0
7610,0.0
7611,0.0
7612,0.0
7613,0.0
7614,0.0
7615,0.0
7616,15.794027
7617,131.75894
7618,206.65566
7619,172.85489
7620,197.10070000000002
7621,130.317016
7622,96.41405499999999
7623,90.19798399999999
7624,65.80816
7625,0.0
7626,0.0
7627,0.0
7628,0.0
7629,0.0
7630,0.0
7631,0.0
7632,0.0
7633,0.0
7634,0.0
7635,0.0
7636,0.0
7637,0.0
7638,0.0
7639,0.0
7640,87.38801
7641,370.32025
7642,590.00425
7643,777.9693000000001
7644,765.70875
7645,798.66144
7646,652.72325
7647,410.2648
7648,170.46525
7649,0.0
7650,0.0
7651,0.0
7652,0.0
7653,0.0
7654,0.0
7655,0.0
7656,0.0
7657,0.0
7658,0.0
7659,0.0
7660,0.0
7661,0.0
7662,0.0
7663,0.0
7664,41.271004
7665,69.027836
7666,94.28826
7667,109.39923399999999
7668,147.04262
7669,111.26447
7670,97.66633999999999
7671,117.14744999999999
7672,51.001246
7673,0.0
7674,0.0
7675,0.0
7676,0.0
7677,0.0
7678,0.0
7679,0.0
7680,0.0
7681,0.0
7682,0.0
7683,0.0
7684,0.0
7685,0.0
7686,0.0
7687,0.0
7688,70.426555
7689,137.57029999999997
7690,201.11942000000002
7691,505.13921999999997
7692,116.70734
7693,422.616
7694,165.20956
7695,153.8385
7696,22.30961
7697,0.0
7698,0.0
7699,0.0
7700,0.0
7701,0.0
7702,0.0
7703,0.0
7704,0.0
7705,0.0
7706,0.0
7707,0.0
7708,0.0
7709,0.0
7710,0.0
7711,0.0
7712,19.421588
7713,98.53502
7714,117.99801
7715,120.99072
7716,169.54210999999998
7717,173.08516
7718,98.30694500000001
7719,99.10239
7720,65.56177000000001
7721,0.0
7722,0.0
7723,0.0
7724,0.0
7725,0.0
7726,0.0
7727,0.0
7728,0.0
7729,0.0
7730,0.0
7731,0.0
7732,0.0
7733,0.0
7734,0.0
7735,0.0
7736,0.0
7737,72.20217
7738,118.69211
7739,110.97837
7740,244.25939000000002
7741,309.27738
7742,87.774625
7743,135.6687
7744,72.36619999999999
7745,0.0
7746,0.0
7747,0.0
7748,0.0
7749,0.0
7750,0.0
7751,0.0
7752,0.0
7753,0.0
7754,0.0
7755,0.0
7756,0.0
7757,0.0
7758,0.0
7759,0.0
7760,0.0
7761,209.91444
7762,289.00615999999997
7763,142.69822
7764,178.87166
7765,379.53520000000003
7766,309.99025
7767,200.6225
7768,72.3002
7769,0.0
7770,0.0
7771,0.0
7772,0.0
7773,0.0
7774,0.0
7775,0.0
7776,0.0
7777,0.0
7778,0.0
7779,0.0
7780,0.0
7781,0.0
7782,0.0
7783,0.0
7784,0.0
7785,232.93162
7786,335.54344
7787,752.7783000000001
7788,838.9389399999999
7789,793.7012
7790,406.05111999999997
7791,423.36920000000003
7792,155.24662
7793,0.0
7794,0.0
7795,0.0
7796,0.0
7797,0.0
7798,0.0
7799,0.0
7800,0.0
7801,0.0
7802,0.0
7803,0.0
7804,0.0
7805,0.0
7806,0.0
7807,0.0
7808,0.0
7809,359.62303
7810,590.0243
7811,759.0385600000001
7812,818.3529
7813,783.1001
7814,529.1107
7815,288.5195
7816,154.44464000000002
7817,0.0
7818,0.0
7819,0.0
7820,0.0
7821,0.0
7822,0.0
7823,0.0
7824,0.0
7825,0.0
7826,0.0
7827,0.0
7828,0.0
7829,0.0
7830,0.0
7831,0.0
7832,0.0
7833,184.54104999999998
7834,226.44731
7835,583.5781
7836,809.70075
7837,382.4289
7838,506.19066
7839,247.25025
7840,133.53298
7841,0.0
7842,0.0
7843,0.0
7844,0.0
7845,0.0
7846,0.0
7847,0.0
7848,0.0
7849,0.0
7850,0.0
7851,0.0
7852,0.0
7853,0.0
7854,0.0
7855,0.0
7856,0.0
7857,352.6897
7858,571.7474
7859,755.72294
7860,816.1149
7861,777.76425
7862,652.1584
7863,419.67190000000005
7864,134.47660000000002
7865,0.0
7866,0.0
7867,0.0
7868,0.0
7869,0.0
7870,0.0
7871,0.0
7872,0.0
7873,0.0
7874,0.0
7875,0.0
7876,0.0
7877,0.0
7878,0.0
7879,0.0
7880,0.0
7881,86.02469
7882,410.56634
7883,219.87154999999998
7884,146.49688
7885,298.53794
7886,146.53858
7887,107.52123399999999
7888,34.170230000000004
7889,0.0
7890,0.0
7891,0.0
7892,0.0
7893,0.0
7894,0.0
7895,0.0
7896,0.0
7897,0.0
7898,0.0
7899,0.0
7900,0.0
7901,0.0
7902,0.0
7903,0.0
7904,0.0
7905,116.58171
7906,154.82556
7907,121.86448399999999
7908,210.09707999999998
7909,100.78005499999999
7910,164.59714000000002
7911,89.17914999999999
7912,47.489863
7913,0.0
7914,0.0
7915,0.0
7916,0.0
7917,0.0
7918,0.0
7919,0.0
7920,0.0
7921,0.0
7922,0.0
7923,0.0
7924,0.0
7925,0.0
7926,0.0
7927,0.0
7928,0.0
7929,86.25188
7930,130.04722999999998
7931,131.53817
7932,105.65356
7933,131.52727
7934,97.58369
7935,89.36883999999999
7936,114.34915
7937,0.0
7938,0.0
7939,0.0
7940,0.0
7941,0.0
7942,0.0
7943,0.0
7944,0.0
7945,0.0
7946,0.0
7947,0.0
7948,0.0
7949,0.0
7950,0.0
7951,0.0
7952,0.0
7953,86.97183
7954,152.29166
7955,194.44289999999998
7956,164.18083
7957,208.25545000000002
7958,180.38947
7959,122.95944
7960,97.8735
7961,0.0
7962,0.0
7963,0.0
7964,0.0
7965,0.0
7966,0.0
7967,0.0
7968,0.0
7969,0.0
7970,0.0
7971,0.0
7972,0.0
7973,0.0
7974,0.0
7975,0.0
7976,0.0
7977,119.17216
7978,72.82889
7979,165.75089000000003
7980,254.5586
7981,243.99464
7982,183.17067
7983,132.43570000000003
7984,33.9261
7985,0.0
7986,0.0
7987,0.0
7988,0.0
7989,0.0
7990,0.0
7991,0.0
7992,0.0
7993,0.0
7994,0.0
7995,0.0
7996,0.0
7997,0.0
7998,0.0
7999,0.0
8000,0.0
8001,60.979991999999996
8002,131.26883999999998
8003,154.40197
8004,243.87173
8005,234.89303
8006,447.535
8007,289.67515999999995
8008,116.75986
8009,0.0
8010,0.0
8011,0.0
8012,0.0
8013,0.0
8014,0.0
8015,0.0
8016,0.0
8017,0.0
8018,0.0
8019,0.0
8020,0.0
8021,0.0
8022,0.0
8023,0.0
8024,0.0
8025,306.4915
8026,550.3825
8027,718.35394
8028,734.7674000000001
8029,766.3855
8030,582.3531999999999
8031,362.94856
8032,112.45888000000001
8033,0.0
8034,0.0
8035,0.0
8036,0.0
8037,0.0
8038,0.0
8039,0.0
8040,0.0
8041,0.0
8042,0.0
8043,0.0
8044,0.0
8045,0.0
8046,0.0
8047,0.0
8048,0.0
8049,312.51171999999997
8050,481.59394
8051,599.1297
8052,685.2954
8053,657.6912
8054,502.15997
8055,338.83134
8056,82.247734
8057,0.0
8058,0.0
8059,0.0
8060,0.0
8061,0.0
8062,0.0
8063,0.0
8064,0.0
8065,0.0
8066,0.0
8067,0.0
8068,0.0
8069,0.0
8070,0.0
8071,0.0
8072,0.0
8073,234.08405
8074,465.50471999999996
8075,579.21894
8076,722.8755600000001
8077,676.6269
8078,491.10278000000005
8079,313.8461
8080,72.10713
8081,0.0
8082,0.0
8083,0.0
8084,0.0
8085,0.0
8086,0.0
8087,0.0
8088,0.0
8089,0.0
8090,0.0
8091,0.0
8092,0.0
8093,0.0
8094,0.0
8095,0.0
8096,0.0
8097,34.251715
8098,59.84953
8099,85.914195
8100,112.139234
8101,97.25904
8102,208.6113
8103,76.64432000000001
8104,13.851591
8105,0.0
8106,0.0
8107,0.0
8108,0.0
8109,0.0
8110,0.0
8111,0.0
8112,0.0
8113,0.0
8114,0.0
8115,0.0
8116,0.0
8117,0.0
8118,0.0
8119,0.0
8120,0.0
8121,34.254492
8122,236.88931
8123,97.54425
8124,266.1209
8125,156.98364
8126,83.86030000000001
8127,237.91279999999998
8128,54.921113
8129,0.0
8130,0.0
8131,0.0
8132,0.0
8133,0.0
8134,0.0
8135,0.0
8136,0.0
8137,0.0
8138,0.0
8139,0.0
8140,0.0
8141,0.0
8142,0.0
8143,0.0
8144,0.0
8145,47.627332
8146,83.69774000000001
8147,86.726086
8148,166.11473
8149,90.25641
8150,75.23019500000001
8151,60.724832
8152,31.756113000000003
8153,0.0
8154,0.0
8155,0.0
8156,0.0
8157,0.0
8158,0.0
8159,0.0
8160,0.0
8161,0.0
8162,0.0
8163,0.0
8164,0.0
8165,0.0
8166,0.0
8167,0.0
8168,0.0
8169,109.039875
8170,169.91685999999999
8171,683.2428000000001
8172,783.8715
8173,753.7345
8174,205.25806
8175,393.09153000000003
8176,117.20334
8177,0.0
8178,0.0
8179,0.0
8180,0.0
8181,0.0
8182,0.0
8183,0.0
8184,0.0
8185,0.0
8186,0.0
8187,0.0
8188,0.0
8189,0.0
8190,0.0
8191,0.0
8192,3.8715002
8193,262.96153000000004
8194,534.5394
8195,693.8095
8196,787.45394
8197,734.30556
8198,601.6596999999999
8199,388.20522
8200,113.69498399999999
8201,0.0
8202,0.0
8203,0.0
8204,0.0
8205,0.0
8206,0.0
8207,0.0
8208,0.0
8209,0.0
8210,0.0
8211,0.0
8212,0.0
8213,0.0
8214,0.0
8215,0.0
8216,2.3608438
8217,250.24820000000003
8218,533.19125
8219,692.14525
8220,779.5345
8221,730.41725
8222,608.5790999999999
8223,390.62556
8224,32.055812
8225,0.0
8226,0.0
8227,0.0
8228,0.0
8229,0.0
8230,0.0
8231,0.0
8232,0.0
8233,0.0
8234,0.0
8235,0.0
8236,0.0
8237,0.0
8238,0.0
8239,0.0
8240,0.5350834999999999
8241,65.87563
8242,144.71069
8243,189.19195000000002
8244,350.4036
8245,729.1321999999999
8246,603.99125
8247,390.44444
8248,115.16591
8249,0.0
8250,0.0
8251,0.0
8252,0.0
8253,0.0
8254,0.0
8255,0.0
8256,0.0
8257,0.0
8258,0.0
8259,0.0
8260,0.0
8261,0.0
8262,0.0
8263,0.0
8264,1.7937869
8265,238.38134
8266,508.9598
8267,684.4703000000001
8268,755.46444
8269,734.16106
8270,603.05144
8271,390.95812
8272,110.01331
8273,0.0
8274,0.0
8275,0.0
8276,0.0
8277,0.0
8278,0.0
8279,0.0
8280,0.0
8281,0.0
8282,0.0
8283,0.0
8284,0.0
8285,0.0
8286,0.0
8287,0.0
8288,1.5885927999999998
8289,226.9485
8290,498.32905999999997
8291,680.5524399999999
8292,494.65921999999995
8293,717.45475
8294,598.97375
8295,387.11438
8296,109.32298399999999
8297,0.0
8298,0.0
8299,0.0
8300,0.0
8301,0.0
8302,0.0
8303,0.0
8304,0.0
8305,0.0
8306,0.0
8307,0.0
8308,0.0
8309,0.0
8310,0.0
8311,0.0
8312,2.5966443
8313,231.57911
8314,311.4787
8315,642.0239399999999
8316,722.7026
8317,585.2814000000001
8318,594.8081
8319,385.8803
8320,112.7102
8321,0.0
8322,0.0
8323,0.0
8324,0.0
8325,0.0
8326,0.0
8327,0.0
8328,0.0
8329,0.0
8330,0.0
8331,0.0
8332,0.0
8333,0.0
8334,0.0
8335,0.0
8336,0.5723229
8337,243.20047
8338,507.91747
8339,667.1339399999999
8340,731.3547
8341,712.2864000000001
8342,591.0349399999999
8343,411.70225
8344,115.71584
8345,0.0
8346,0.0
8347,0.0
8348,0.0
8349,0.0
8350,0.0
8351,0.0
8352,0.0
8353,0.0
8354,0.0
8355,0.0
8356,0.0
8357,0.0
8358,0.0
8359,0.0
8360,0.7487092
8361,247.64978
8362,515.8365
8363,682.85125
8364,741.3061
8365,725.2506
8366,600.3615
8367,390.62940000000003
8368,118.44289
8369,0.0
8370,0.0
8371,0.0
8372,0.0
8373,0.0
8374,0.0
8375,0.0
8376,0.0
8377,0.0
8378,0.0
8379,0.0
8380,0.0
8381,0.0
8382,0.0
8383,0.0
8384,0.5474355000000001
8385,83.82278
8386,424.77815999999996
8387,669.01475
8388,732.55375
8389,721.13656
8390,598.2254
8391,344.86175
8392,124.93316
8393,0.0
8394,0.0
8395,0.0
8396,0.0
8397,0.0
8398,0.0
8399,0.0
8400,0.0
8401,0.0
8402,0.0
8403,0.0
8404,0.0
8405,0.0
8406,0.0
8407,0.0
8408,0.10825944
8409,234.47512
8410,505.19190000000003
8411,655.4631999999999
8412,738.7514399999999
8413,433.75156
8414,597.9703000000001
8415,393.44878000000006
8416,116.41192
8417,0.0
8418,0.0
8419,0.0
8420,0.0
8421,0.0
8422,0.0
8423,0.0
8424,0.0
8425,0.0
8426,0.0
8427,0.0
8428,0.0
8429,0.0
8430,0.0
8431,0.0
8432,0.5456664
8433,158.26201999999998
8434,240.14631
8435,608.13744
8436,571.31375
8437,560.7017
8438,461.75188
8439,291.5841
8440,97.74102
8441,0.0
8442,0.0
8443,0.0
8444,0.0
8445,0.0
8446,0.0
8447,0.0
8448,0.0
8449,0.0
8450,0.0
8451,0.0
8452,0.0
8453,0.0
8454,0.0
8455,0.0
8456,0.11379291000000001
8457,70.35841400000001
8458,254.92016
8459,180.40295
8460,160.42417
8461,164.24561
8462,156.14692000000002
8463,285.31316
8464,85.22343
8465,0.0
8466,0.0
8467,0.0
8468,0.0
8469,0.0
8470,0.0
8471,0.0
8472,0.0
8473,0.0
8474,0.0
8475,0.0
8476,0.0
8477,0.0
8478,0.0
8479,0.0
8480,0.11312456500000001
8481,39.495438
8482,77.19757000000001
8483,91.92516
8484,96.88853
8485,103.4188
8486,106.94227000000001
8487,99.19405499999999
8488,59.340180000000004
8489,0.0
8490,0.0
8491,0.0
8492,0.0
8493,0.0
8494,0.0
8495,0.0
8496,0.0
8497,0.0
8498,0.0
8499,0.0
8500,0.0
8501,0.0
8502,0.0
8503,0.0
8504,0.0
8505,39.520273
8506,64.81378500000001
8507,654.7255600000001
8508,746.7984399999999
8509,732.039
8510,347.52075
8511,224.02114
8512,134.88958
8513,0.0
8514,0.0
8515,0.0
8516,0.0
8517,0.0
8518,0.0
8519,0.0
8520,0.0
8521,0.0
8522,0.0
8523,0.0
8524,0.0
8525,0.0
8526,0.0
8527,0.0
8528,0.040654198
8529,226.75219
8530,501.9982
8531,653.4786
8532,718.106
8533,698.98244
8534,626.9315
8535,410.80379999999997
8536,130.85073
8537,0.0
8538,0.0
8539,0.0
8540,0.0
8541,0.0
8542,0.0
8543,0.0
8544,0.0
8545,0.0
8546,0.0
8547,0.0
8548,0.0
8549,0.0
8550,0.0
8551,0.0
8552,0.03924654
8553,230.20292
8554,366.0026
8555,546.6841
8556,619.697
8557,459.41534
8558,436.57275
8559,404.36244
8560,131.62869
8561,0.0
8562,0.0
8563,0.0
8564,0.0
8565,0.0
8566,0.0
8567,0.0
8568,0.0
8569,0.0
8570,0.0
8571,0.0
8572,0.0
8573,0.0
8574,0.0
8575,0.0
8576,0.11554336000000001
8577,196.54098000000002
8578,427.47003
8579,585.1659000000001
8580,597.8285
8581,567.9234
8582,483.13897
8583,393.88128
8584,133.9566
8585,0.0
8586,0.0
8587,0.0
8588,0.0
8589,0.0
8590,0.0
8591,0.0
8592,0.0
8593,0.0
8594,0.0
8595,0.0
8596,0.0
8597,0.0
8598,0.0
8599,0.0
8600,0.11582713
8601,232.47373000000002
8602,415.58275
8603,622.0059
8604,707.9379399999999
8605,263.50572
8606,191.09142
8607,187.50188
8608,103.92636
8609,0.0
8610,0.0
8611,0.0
8612,0.0
8613,0.0
8614,0.0
8615,0.0
8616,0.0
8617,0.0
8618,0.0
8619,0.0
8620,0.0
8621,0.0
8622,0.0
8623,0.0
8624,0.11539266000000001
8625,233.62554999999998
8626,461.98728000000006
8627,656.7464399999999
8628,728.1189
8629,733.6548
8630,630.8229399999999
8631,378.20820000000003
8632,143.67664000000002
8633,0.0
8634,0.0
8635,0.0
8636,0.0
8637,0.0
8638,0.0
8639,0.0
8640,0.0
8641,0.0
8642,0.0
8643,0.0
8644,0.0
8645,0.0
8646,0.0
8647,0.0
8648,0.0
8649,195.77861
8650,457.0698
8651,595.5210999999999
8652,653.4226
8653,731.9421
8654,624.1151
8655,418.8712
8656,142.20306
8657,0.0
8658,0.0
8659,0.0
8660,0.0
8661,0.0
8662,0.0
8663,0.0
8664,0.0
8665,0.0
8666,0.0
8667,0.0
8668,0.0
8669,0.0
8670,0.0
8671,0.0
8672,0.0
8673,213.321
8674,505.10362
8675,643.3741
8676,736.5962
8677,726.6546
8678,613.9683
8679,360.36406
8680,114.83849000000001
8681,0.0
8682,0.0
8683,0.0
8684,0.0
8685,0.0
8686,0.0
8687,0.0
8688,0.0
8689,0.0
8690,0.0
8691,0.0
8692,0.0
8693,0.0
8694,0.0
8695,0.0
8696,0.0
8697,25.263475
8698,74.89137
8699,236.78592
8700,435.76328
8701,273.80434
8702,307.39175
8703,257.64644
8704,68.62456
8705,0.0
8706,0.0
8707,0.0
8708,0.0
8709,0.0
8710,0.0
8711,0.0
8712,0.0
8713,0.0
8714,0.0
8715,0.0
8716,0.0
8717,0.0
8718,0.0
8719,0.0
8720,0.0
8721,144.14362
8722,195.13003
8723,340.29806
8724,315.28144
8725,348.91859999999997
8726,292.33003
8727,150.13854999999998
8728,63.144457
8729,0.0
8730,0.0
8731,0.0
8732,0.0
8733,0.0
8734,0.0
8735,0.0
8736,0.0
8737,0.0
8738,0.0
8739,0.0
8740,0.0
8741,0.0
8742,0.0
8743,0.0
8744,0.0
8745,91.270695
8746,392.51203000000004
8747,487.68362
8748,314.39484000000004
8749,268.15166
8750,417.73203
8751,381.88834
8752,130.07137
8753,0.0
8754,0.0
8755,0.0
8756,0.0
8757,0.0
8758,0.0
8759,0.0
8760,0.0
