Hour,PV (kW-AC/kW-DC nameplate)
1,0.0
2,0.0
3,0.0
4,0.0
5,0.0
6,0.0
7,0.0
8,0.0
9,0.1278170809663318
10,0.1464540311395145
11,0.20355414314057124
12,0.3328414567745703
13,0.3867292167324305
14,0.38844797435388184
15,0.2584081193414553
16,0.09226231749067222
17,0.0
18,0.0
19,0.0
20,0.0
21,0.0
22,0.0
23,0.0
24,0.0
25,0.0
26,0.0
27,0.0
28,0.0
29,0.0
30,0.0
31,0.0
32,0.0
33,0.07488113744903181
34,0.06502745997986828
35,0.16723567668919367
36,0.14860815523593854
37,0.11094889680476085
38,0.1610829468297213
39,0.07847014234799865
40,0.0772786287093786
41,0.0
42,0.0
43,0.0
44,0.0
45,0.0
46,0.0
47,0.0
48,0.0
49,0.0
50,0.0
51,0.0
52,0.0
53,0.0
54,0.0
55,0.0
56,0.0
57,0.023671120531014302
58,0.05125231021142038
59,0.0719457307152921
60,0.08090855168560541
61,0.0840304148566753
62,0.06892568138254908
63,0.048270147879203154
64,0.03486619269456245
65,0.0
66,0.0
67,0.0
68,0.0
69,0.0
70,0.0
71,0.0
72,0.0
73,0.0
74,0.0
75,0.0
76,0.0
77,0.0
78,0.0
79,0.0
80,0.0
81,0.015017459468756982
82,0.05157736183016121
83,0.04728063698004636
84,0.11296856828855431
85,0.06597782943865743
86,0.1643088818308334
87,0.11972187726747295
88,0.051163810939228865
89,0.0
90,0.0
91,0.0
92,0.0
93,0.0
94,0.0
95,0.0
96,0.0
97,0.0
98,0.0
99,0.0
100,0.0
101,0.0
102,0.0
103,0.0
104,0.0
105,0.1155434256733308
106,0.12554607808427082
107,0.4004716051998924
108,0.25873100632214346
109,0.14477179230397075
110,0.1033463787297414
111,0.07991860027385299
112,0.11571354521969734
113,6.909777652580144e-05
114,0.0
115,0.0
116,0.0
117,0.0
118,0.0
119,0.0
120,0.0
121,0.0
122,0.0
123,0.0
124,0.0
125,0.0
126,0.0
127,0.0
128,0.0
129,0.11863269674692825
130,0.1730270461897586
131,0.12773680848566124
132,0.15389903824722895
133,0.18036421814790535
134,0.10542946068888935
135,0.139919939898912
136,0.057283715317072215
137,6.781777995188086e-05
138,0.0
139,0.0
140,0.0
141,0.0
142,0.0
143,0.0
144,0.0
145,0.0
146,0.0
147,0.0
148,0.0
149,0.0
150,0.0
151,0.0
152,0.0
153,0.1278688922491021
154,0.30327734369621223
155,0.3911176557214943
156,0.4086801635836231
157,0.20820933438605146
158,0.15994487232836405
159,0.1046432011344337
160,0.018000309117315448
161,6.733000473069685e-05
162,0.0
163,0.0
164,0.0
165,0.0
166,0.0
167,0.0
168,0.0
169,0.0
170,0.0
171,0.0
172,0.0
173,0.0
174,0.0
175,0.0
176,0.0
177,0.04308548674949782
178,0.2894531832548735
179,0.18239246066485082
180,0.11235741686681303
181,0.14417730451101235
182,0.13270561552620777
183,0.08077563357380459
184,0.1266437537881166
185,0.0003223148569320113
186,0.0
187,0.0
188,0.0
189,0.0
190,0.0
191,0.0
192,0.0
193,0.0
194,0.0
195,0.0
196,0.0
197,0.0
198,0.0
199,0.0
200,6.911926187126016e-05
201,0.13627524370557095
202,0.15486907615581758
203,0.2846350256874272
204,0.22179435775130632
205,0.12702842922427074
206,0.11090538816336239
207,0.20590111256561303
208,0.0965922704100863
209,0.000765679564486493
210,0.0
211,0.0
212,0.0
213,0.0
214,0.0
215,0.0
216,0.0
217,0.0
218,0.0
219,0.0
220,0.0
221,0.0
222,0.0
223,0.0
224,0.0
225,0.13783653703654866
226,0.31478625161939433
227,0.4299743674180781
228,0.4766172705209438
229,0.4850691902339933
230,0.3619686163656906
231,0.30146127655065685
232,0.12881622187925124
233,0.001379643965467547
234,0.0
235,0.0
236,0.0
237,0.0
238,0.0
239,0.0
240,0.0
241,0.0
242,0.0
243,0.0
244,0.0
245,0.0
246,0.0
247,0.0
248,6.778232073004431e-05
249,0.13617030835414926
250,0.3051888182849952
251,0.4346280708395598
252,0.45329142843006454
253,0.2994655386121251
254,0.40842183649526076
255,0.2789934888154144
256,0.13548587430722833
257,0.001463750130986858
258,0.0
259,0.0
260,0.0
261,0.0
262,0.0
263,0.0
264,0.0
265,0.0
266,0.0
267,0.0
268,0.0
269,0.0
270,0.0
271,0.0
272,6.792757902912658e-05
273,0.12551398776273515
274,0.2542500421841863
275,0.12789206729585478
276,0.11468722672173909
277,0.16685913469089786
278,0.18030122192942885
279,0.08233240508674773
280,0.13694504456587162
281,0.0014935179884339482
282,0.0
283,0.0
284,0.0
285,0.0
286,0.0
287,0.0
288,0.0
289,0.0
290,0.0
291,0.0
292,0.0
293,0.0
294,0.0
295,0.0
296,1.5969531464968685e-05
297,0.1475930975235374
298,0.3163125840037099
299,0.39644474245008093
300,0.35515645957167946
301,0.3218320843002245
302,0.2640539854895735
303,0.2652656343463062
304,0.1481838511699898
305,0.0042527214343043435
306,0.0
307,0.0
308,0.0
309,0.0
310,0.0
311,0.0
312,0.0
313,0.0
314,0.0
315,0.0
316,0.0
317,0.0
318,0.0
319,0.0
320,6.7364137163603e-05
321,0.1255996222444041
322,0.08164340254496089
323,0.20888684275812464
324,0.1730468254970324
325,0.08555598874248183
326,0.22512434124404493
327,0.23832559937135644
328,0.07283742739710618
329,0.0042416430968117156
330,0.0
331,0.0
332,0.0
333,0.0
334,0.0
335,0.0
336,0.0
337,0.0
338,0.0
339,0.0
340,0.0
341,0.0
342,0.0
343,0.0
344,6.795521171327076e-05
345,0.09307606386417416
346,0.07299457370166643
347,0.13210215994703114
348,0.22694273639656262
349,0.12672128983955072
350,0.08592129912824015
351,0.04886327329214725
352,0.14885698942373018
353,0.004184187593251557
354,0.0
355,0.0
356,0.0
357,0.0
358,0.0
359,0.0
360,0.0
361,0.0
362,0.0
363,0.0
364,0.0
365,0.0
366,0.0
367,0.0
368,0.0
369,0.022738190119868436
370,0.1834005285217611
371,0.10608323972683786
372,0.06949354587784067
373,0.17735675405580825
374,0.19881494526791454
375,0.0935343603325351
376,0.12287139062649877
377,0.006591737710748811
378,0.0
379,0.0
380,0.0
381,0.0
382,0.0
383,0.0
384,0.0
385,0.0
386,0.0
387,0.0
388,0.0
389,0.0
390,0.0
391,0.0
392,0.00024231025459644262
393,0.1419390279223139
394,0.05927026375443692
395,0.18528895059047362
396,0.1323182445030446
397,0.17100329048322424
398,0.31138205196484964
399,0.13352998087883605
400,0.10750484097086876
401,0.006470512145194818
402,0.0
403,0.0
404,0.0
405,0.0
406,0.0
407,0.0
408,0.0
409,0.0
410,0.0
411,0.0
412,0.0
413,0.0
414,0.0
415,0.0
416,0.00024576823179527725
417,0.1498841306008405
418,0.16907540898823067
419,0.11301768981891958
420,0.09481748308723363
421,0.49524374758009804
422,0.3122670913635959
423,0.2241082099645233
424,0.15982001180457067
425,0.008549668582828388
426,0.0
427,0.0
428,0.0
429,0.0
430,0.0
431,0.0
432,0.0
433,0.0
434,0.0
435,0.0
436,0.0
437,0.0
438,0.0
439,0.0
440,0.00025550212484605397
441,0.1331593026574754
442,0.3347992581184429
443,0.46585951534045733
444,0.14404486483673262
445,0.10653362447228924
446,0.0664965490651681
447,0.26213073667008885
448,0.15122769985210446
449,0.009166584009777863
450,0.0
451,0.0
452,0.0
453,0.0
454,0.0
455,0.0
456,0.0
457,0.0
458,0.0
459,0.0
460,0.0
461,0.0
462,0.0
463,0.0
464,0.00023386656167491407
465,0.13945208634933734
466,0.2817914031078835
467,0.44955477304440994
468,0.11483418289056081
469,0.23453905812222375
470,0.12339033780256214
471,0.13499685281464793
472,0.1526469847583809
473,0.013154808845539597
474,0.0
475,0.0
476,0.0
477,0.0
478,0.0
479,0.0
480,0.0
481,0.0
482,0.0
483,0.0
484,0.0
485,0.0
486,0.0
487,0.0
488,0.00026019826334181375
489,0.1506879698168938
490,0.3250278719029047
491,0.13166934319396956
492,0.06904794259029808
493,0.07196044558636719
494,0.2102918678924314
495,0.08746606302632505
496,0.07214644108998802
497,0.013390775981316197
498,0.0
499,0.0
500,0.0
501,0.0
502,0.0
503,0.0
504,0.0
505,0.0
506,0.0
507,0.0
508,0.0
509,0.0
510,0.0
511,0.0
512,0.0007509485315585557
513,0.16757287011868285
514,0.28313261517916555
515,0.1379276327074826
516,0.08506680971559573
517,0.0689701468989897
518,0.10275193177901042
519,0.07439747795744986
520,0.04001992750621327
521,0.004022165660275286
522,0.0
523,0.0
524,0.0
525,0.0
526,0.0
527,0.0
528,0.0
529,0.0
530,0.0
531,0.0
532,0.0
533,0.0
534,0.0
535,0.0
536,0.0007734359118937468
537,0.13710534447384826
538,0.15895678215526068
539,0.14975763638795075
540,0.24642026628665506
541,0.45145014412638595
542,0.4201275397739115
543,0.3063425236902423
544,0.10970293464240063
545,0.01640935849463485
546,0.0
547,0.0
548,0.0
549,0.0
550,0.0
551,0.0
552,0.0
553,0.0
554,0.0
555,0.0
556,0.0
557,0.0
558,0.0
559,0.0
560,0.0014731017174506704
561,0.1558045090285828
562,0.17800933116535012
563,0.3139183192793284
564,0.2537257913531637
565,0.34969702068787184
566,0.2627546950474249
567,0.19737314462512787
568,0.18044585009128822
569,0.023298941066066156
570,0.0
571,0.0
572,0.0
573,0.0
574,0.0
575,0.0
576,0.0
577,0.0
578,0.0
579,0.0
580,0.0
581,0.0
582,0.0
583,0.0
584,0.0015130014229432027
585,0.13114694776699207
586,0.2564486551354667
587,0.2204412722610561
588,0.15937249768424572
589,0.2674066772607515
590,0.21067261080554645
591,0.15317849967127845
592,0.07458125047697887
593,0.026842343867749602
594,0.0
595,0.0
596,0.0
597,0.0
598,0.0
599,0.0
600,0.0
601,0.0
602,0.0
603,0.0
604,0.0
605,0.0
606,0.0
607,0.0
608,0.0007987449650285511
609,0.05686186761937191
610,0.057996931465108724
611,0.07903863698051311
612,0.08802959824551125
613,0.09106468335254475
614,0.07581756453830431
615,0.08947891969274509
616,0.024839118965473382
617,0.005746850889228644
618,0.0
619,0.0
620,0.0
621,0.0
622,0.0
623,0.0
624,0.0
625,0.0
626,0.0
627,0.0
628,0.0
629,0.0
630,0.0
631,0.0
632,0.0007949737104416773
633,0.04766878984013419
634,0.09454563722159896
635,0.13315609945992574
636,0.08171604336370986
637,0.1710856984289279
638,0.1582362260754984
639,0.05985637889077645
640,0.024439975461989772
641,0.0029881046429210733
642,0.0
643,0.0
644,0.0
645,0.0
646,0.0
647,0.0
648,0.0
649,0.0
650,0.0
651,0.0
652,0.0
653,0.0
654,0.0
655,0.0
656,0.0003132813555698646
657,0.02954143864062131
658,0.12813645551546277
659,0.1430701650796155
660,0.11791600317495807
661,0.144655386121251
662,0.14476295871364256
663,0.11013720421183719
664,0.09461074556669291
665,0.011248928474990904
666,0.0
667,0.0
668,0.0
669,0.0
670,0.0
671,0.0
672,0.0
673,0.0
674,0.0
675,0.0
676,0.0
677,0.0
678,0.0
679,0.0
680,0.001484368746033928
681,0.05473887113483747
682,0.10573558485252806
683,0.22074354558611045
684,0.12363322652896379
685,0.161298809670786
686,0.13236745355246862
687,0.06051386873681525
688,0.03882052548309937
689,0.008335522282235662
690,0.0
691,0.0
692,0.0
693,0.0
694,0.0
695,0.0
696,0.0
697,0.0
698,0.0
699,0.0
700,0.0
701,0.0
702,0.0
703,0.0
704,0.0
705,0.045433404297675895
706,0.07085906724287659
707,0.10998907528762847
708,0.13590055127671638
709,0.13189361953388049
710,0.12195716070436274
711,0.10392937235298606
712,0.059044867170574174
713,0.012100224608912333
714,0.0
715,0.0
716,0.0
717,0.0
718,0.0
719,0.0
720,0.0
721,0.0
722,0.0
723,0.0
724,0.0
725,0.0
726,0.0
727,0.0
728,0.0
729,0.062288189291354684
730,0.11351166489022427
731,0.1574987146367574
732,0.18872622661461577
733,0.18808038263799245
734,0.16340222522457973
735,0.1268696871555396
736,0.07446323394357846
737,0.01599687475275866
738,0.0
739,0.0
740,0.0
741,0.0
742,0.0
743,0.0
744,0.0
745,0.0
746,0.0
747,0.0
748,0.0
749,0.0
750,0.0
751,0.0
752,0.0
753,0.19606349776102908
754,0.37299700964880117
755,0.47556135307732184
756,0.07674860745508347
757,0.5567694474933492
758,0.5018806095340695
759,0.2694536780292855
760,0.2329245882111595
761,0.05151975095109878
762,0.0
763,0.0
764,0.0
765,0.0
766,0.0
767,0.0
768,0.0
769,0.0
770,0.0
771,0.0
772,0.0
773,0.0
774,0.0
775,0.0
776,0.0
777,0.19769955570658104
778,0.3760486475271431
779,0.504783616712266
780,0.5652065064702256
781,0.574806623722426
782,0.5181977795364571
783,0.4086393563638375
784,0.2404544012867869
785,0.052550702124565994
786,0.0
787,0.0
788,0.0
789,0.0
790,0.0
791,0.0
792,0.0
793,0.0
794,0.0
795,0.0
796,0.0
797,0.0
798,0.0
799,0.0
800,0.0
801,0.18258287879823965
802,0.36455856203619275
803,0.20200184676883134
804,0.0751939048926888
805,0.07823414428882129
806,0.17778401043133826
807,0.325080383338145
808,0.2338129825071573
809,0.055114858845761304
810,0.0
811,0.0
812,0.0
813,0.0
814,0.0
815,0.0
816,0.0
817,0.0
818,0.0
819,0.0
820,0.0
821,0.0
822,0.0
823,0.0
824,0.0
825,0.027719678088565087
826,0.20690533541854297
827,0.0652663986794191
828,0.07543660574484437
829,0.08423498773916335
830,0.09902887102047923
831,0.14600859997278742
832,0.030379127894751213
833,0.01022846908628469
834,0.0
835,0.0
836,0.0
837,0.0
838,0.0
839,0.0
840,0.0
841,0.0
842,0.0
843,0.0
844,0.0
845,0.0
846,0.0
847,0.0
848,0.0
849,0.027778697441012738
850,0.1264200959162207
851,0.2575081083490615
852,0.25792008973154057
853,0.3442464153943924
854,0.23221032766902205
855,0.18376263570996978
856,0.10377141795578351
857,0.010314566835504545
858,0.0
859,0.0
860,0.0
861,0.0
862,0.0
863,0.0
864,0.0
865,0.0
866,0.0
867,0.0
868,0.0
869,0.0
870,0.0
871,0.0
872,0.0
873,0.13183103173767807
874,0.056535993321478975
875,0.12453007516603534
876,0.08133126290468522
877,0.11473821532535736
878,0.09356999225864752
879,0.31206207505121036
880,0.1391280907939052
881,0.0713600910991717
882,0.0
883,0.0
884,0.0
885,0.0
886,0.0
887,0.0
888,0.0
889,0.0
890,0.0
891,0.0
892,0.0
893,0.0
894,0.0
895,0.0
896,0.0
897,0.09997041272354411
898,0.16013260070934782
899,0.14830755644220792
900,0.47882683502377366
901,0.28504033228302683
902,0.16261579063200662
903,0.15664226479719734
904,0.12017567525621496
905,0.014987499944571263
906,0.0
907,0.0
908,0.0
909,0.0
910,0.0
911,0.0
912,0.0
913,0.0
914,0.0
915,0.0
916,0.0
917,0.0
918,0.0
919,0.0
920,0.0
921,0.2152369339296454
922,0.15762602569419534
923,0.07150845049023509
924,0.3452684046162453
925,0.308432881400473
926,0.11215633891207043
927,0.10120542333435478
928,0.05170904067209037
929,0.023067742552069753
930,0.0
931,0.0
932,0.0
933,0.0
934,0.0
935,0.0
936,0.0
937,0.0
938,0.0
939,0.0
940,0.0
941,0.0
942,0.0
943,0.0
944,0.0
945,0.10068759640224319
946,0.05652581777225021
947,0.07141824167909633
948,0.1246364574992281
949,0.15113554228325787
950,0.07619373662271188
951,0.10047538018862574
952,0.2610382829367475
953,0.0784280690191634
954,0.0
955,0.0
956,0.0
957,0.0
958,0.0
959,0.0
960,0.0
961,0.0
962,0.0
963,0.0
964,0.0
965,0.0
966,0.0
967,0.0
968,0.0
969,0.23636628103046572
970,0.41114230808995844
971,0.5501777687120999
972,0.6313588722504138
973,0.632604618532429
974,0.5586594157320993
975,0.4498847549034595
976,0.2850966128723965
977,0.08482668075684616
978,0.0
979,0.0
980,0.0
981,0.0
982,0.0
983,0.0
984,0.0
985,0.0
986,0.0
987,0.0
988,0.0
989,0.0
990,0.0
991,0.0
992,0.0
993,0.23121170020124715
994,0.4018497386447522
995,0.5330553941963428
996,0.6204044033989136
997,0.6038240694215177
998,0.08220077058780835
999,0.40958231004104995
1000,0.19615422585191633
1001,0.08726210277724814
1002,0.0
1003,0.0
1004,0.0
1005,0.0
1006,0.0
1007,0.0
1008,0.0
1009,0.0
1010,0.0
1011,0.0
1012,0.0
1013,0.0
1014,0.0
1015,0.0
1016,0.0
1017,0.24403621795372973
1018,0.415631948283938
1019,0.5285643536974235
1020,0.08766421200990203
1021,0.6119100369423781
1022,0.30152210229647675
1023,0.34358127054801635
1024,0.22288329321848654
1025,0.09716236372407365
1026,0.0
1027,0.0
1028,0.0
1029,0.0
1030,0.0
1031,0.0
1032,0.0
1033,0.0
1034,0.0
1035,0.0
1036,0.0
1037,0.0
1038,0.0
1039,0.0
1040,0.0
1041,0.24907275307652832
1042,0.15673368137134663
1043,0.07956476071939267
1044,0.08837521684305452
1045,0.08492843624913386
1046,0.08877190572867084
1047,0.267326124719093
1048,0.2701777523752089
1049,0.10129585386044235
1050,0.0
1051,0.0
1052,0.0
1053,0.0
1054,0.0
1055,0.0
1056,0.0
1057,0.0
1058,0.0
1059,0.0
1060,0.0
1061,0.0
1062,0.0
1063,0.0
1064,0.07725119440176756
1065,0.25501970812510605
1066,0.33412037861444965
1067,0.0788554537559796
1068,0.0877484578558391
1069,0.0844681443462338
1070,0.5755858350753515
1071,0.062444731714409674
1072,0.29181589444127953
1073,0.10599074958556808
1074,0.0
1075,0.0
1076,0.0
1077,0.0
1078,0.0
1079,0.0
1080,0.0
1081,0.0
1082,0.0
1083,0.0
1084,0.0
1085,0.0
1086,0.0
1087,0.0
1088,0.07860375477766543
1089,0.03469288278677487
1090,0.07776669332691681
1091,0.5683499343373676
1092,0.6570245363765382
1093,0.6453104604412689
1094,0.2107570141857892
1095,0.19371456790907166
1096,0.2848471835550055
1097,0.10879647057807622
1098,0.0
1099,0.0
1100,0.0
1101,0.0
1102,0.0
1103,0.0
1104,0.0
1105,0.0
1106,0.0
1107,0.0
1108,0.0
1109,0.0
1110,0.0
1111,0.0
1112,0.08501244287631037
1113,0.2656616522524722
1114,0.4434225693215126
1115,0.5799768412901383
1116,0.6519017541386596
1117,0.6513110004922071
1118,0.6037331604579091
1119,0.4748733365835967
1120,0.30936204207402895
1121,0.11173799781132339
1122,0.0
1123,0.0
1124,0.0
1125,0.0
1126,0.0
1127,0.0
1128,0.0
1129,0.0
1130,0.0
1131,0.0
1132,0.0
1133,0.0
1134,0.0
1135,0.0
1136,0.024756117057091135
1137,0.27207656587349505
1138,0.4511762094725495
1139,0.5866880360979944
1140,0.6594918153343192
1141,0.6618726838081107
1142,0.6127904786732391
1143,0.4936402817320185
1144,0.2613668236486299
1145,0.11870088576288965
1146,0.0
1147,0.0
1148,0.0
1149,0.0
1150,0.0
1151,0.0
1152,0.0
1153,0.0
1154,0.0
1155,0.0
1156,0.0
1157,0.0
1158,0.0
1159,0.0
1160,0.07678969473585698
1161,0.27448420351005104
1162,0.4448468894909681
1163,0.5781332231448936
1164,0.2586557049240089
1165,0.11505801580057416
1166,0.1782072525993744
1167,0.38564748116648206
1168,0.2721253081546058
1169,0.11905043688347199
1170,0.0
1171,0.0
1172,0.0
1173,0.0
1174,0.0
1175,0.0
1176,0.0
1177,0.0
1178,0.0
1179,0.0
1180,0.0
1181,0.0
1182,0.0
1183,0.0
1184,0.06172855158758406
1185,0.14393640538454594
1186,0.06285470599314177
1187,0.5298426804077034
1188,0.3387884935076029
1189,0.6598377490004741
1190,0.5047962544643473
1191,0.4115503219417748
1192,0.3215355697292347
1193,0.12401988573044924
1194,0.0
1195,0.0
1196,0.0
1197,0.0
1198,0.0
1199,0.0
1200,0.0
1201,0.0
1202,0.0
1203,0.0
1204,0.0
1205,0.0
1206,0.0
1207,0.0
1208,0.09849226249836339
1209,0.28600405715017874
1210,0.4088678044455481
1211,0.6002740863535383
1212,0.6742447863729792
1213,0.6844112336196413
1214,0.6297996327000143
1215,0.5030653842051671
1216,0.24320736579069036
1217,0.1302855501833116
1218,0.0
1219,0.0
1220,0.0
1221,0.0
1222,0.0
1223,0.0
1224,0.0
1225,0.0
1226,0.0
1227,0.0
1228,0.0
1229,0.0
1230,0.0
1231,0.0
1232,0.10618119689197651
1233,0.2832886324878681
1234,0.3983690181598546
1235,0.5990917038700462
1236,0.5945772082633862
1237,0.6820423260838769
1238,0.6049046030590596
1239,0.5098661401831273
1240,0.3313446474860675
1241,0.13326070223892425
1242,0.0
1243,0.0
1244,0.0
1245,0.0
1246,0.0
1247,0.0
1248,0.0
1249,0.0
1250,0.0
1251,0.0
1252,0.0
1253,0.0
1254,0.0
1255,0.0
1256,0.06745940457633658
1257,0.29541160913474923
1258,0.13650428108227702
1259,0.08377758979980542
1260,0.09378044642188248
1261,0.09651935536495332
1262,0.11174347650440011
1263,0.14119045990915288
1264,0.14641831752894724
1265,0.13771522395193592
1266,0.00020003213116376312
1267,0.0
1268,0.0
1269,0.0
1270,0.0
1271,0.0
1272,0.0
1273,0.0
1274,0.0
1275,0.0
1276,0.0
1277,0.0
1278,0.0
1279,0.0
1280,0.11377337604885758
1281,0.31022238942900465
1282,0.43824698391819794
1283,0.6161265301540498
1284,0.6983870354167458
1285,0.6941836117178452
1286,0.6408264506400676
1287,0.5205426134964657
1288,0.34130638765435156
1289,0.1419842752756792
1290,0.0008567116382377537
1291,0.0
1292,0.0
1293,0.0
1294,0.0
1295,0.0
1296,0.0
1297,0.0
1298,0.0
1299,0.0
1300,0.0
1301,0.0
1302,0.0
1303,0.0
1304,0.06309339963932813
1305,0.29028922364993687
1306,0.2587869134968625
1307,0.08327037017761235
1308,0.09318073665841965
1309,0.21926697070398696
1310,0.08823557726754297
1311,0.07342418433987641
1312,0.048600319362879923
1313,0.14880710356025198
1314,0.0008545477003375435
1315,0.0
1316,0.0
1317,0.0
1318,0.0
1319,0.0
1320,0.0
1321,0.0
1322,0.0
1323,0.0
1324,0.0
1325,0.0
1326,0.0
1327,0.0
1328,0.07365093455184758
1329,0.3133428522951348
1330,0.0686651779869263
1331,0.08340302573223696
1332,0.09953835446899154
1333,0.09632642251727684
1334,0.09435714450750227
1335,0.2468681596562345
1336,0.24260472705606193
1337,0.1537142621758265
1338,0.0008532922102669892
1339,0.0
1340,0.0
1341,0.0
1342,0.0
1343,0.0
1344,0.0
1345,0.0
1346,0.0
1347,0.0
1348,0.0
1349,0.0
1350,0.0
1351,0.0
1352,0.12300327601340652
1353,0.33334284762745164
1354,0.5105165001431813
1355,0.6290272478336699
1356,0.4693664273623319
1357,0.09618351556357256
1358,0.08795509618811322
1359,0.21046921651304934
1360,0.35622390035803464
1361,0.1535853524369157
1362,0.0018099297256965992
1363,0.0
1364,0.0
1365,0.0
1366,0.0
1367,0.0
1368,0.0
1369,0.0
1370,0.0
1371,0.0
1372,0.0
1373,0.0
1374,0.0
1375,0.0
1376,0.13355050118080714
1377,0.34132117837527753
1378,0.5201226737142458
1379,0.6449740371794965
1380,0.7160561998384516
1381,0.7241612231757002
1382,0.664811632146427
1383,0.3432388084711914
1384,0.32725812007661537
1385,0.16130025081795313
1386,0.0026168000184840254
1387,0.0
1388,0.0
1389,0.0
1390,0.0
1391,0.0
1392,0.0
1393,0.0
1394,0.0
1395,0.0
1396,0.0
1397,0.0
1398,0.0
1399,0.0
1400,0.08038617376243966
1401,0.34682376998964476
1402,0.5351765644498517
1403,0.6664431040933014
1404,0.7297406798620514
1405,0.7380879559538749
1406,0.6775382452452062
1407,0.37869464040285833
1408,0.2338013308031379
1409,0.16802947455190825
1410,0.003275375100851129
1411,0.0
1412,0.0
1413,0.0
1414,0.0
1415,0.0
1416,0.0
1417,0.0
1418,0.0
1419,0.0
1420,0.0
1421,0.0
1422,0.0
1423,0.0
1424,0.1377346765213905
1425,0.32605531647941866
1426,0.505611255277691
1427,0.6354510883986837
1428,0.702956813895506
1429,0.6976223522275702
1430,0.6458418761658996
1431,0.5337884830053158
1432,0.36565806980566806
1433,0.1592783388462561
1434,0.0052530432710563265
1435,0.0
1436,0.0
1437,0.0
1438,0.0
1439,0.0
1440,0.0
1441,0.0
1442,0.0
1443,0.0
1444,0.0
1445,0.0
1446,0.0
1447,0.0
1448,0.1438552402094763
1449,0.17195279642063388
1450,0.4988141167541585
1451,0.6361540998244717
1452,0.7044176820238887
1453,0.7125312822288933
1454,0.6541113186414895
1455,0.536256368761904
1456,0.35772575074432045
1457,0.16005378104505225
1458,0.0062597860894174065
1459,0.0
1460,0.0
1461,0.0
1462,0.0
1463,0.0
1464,0.0
1465,0.0
1466,0.0
1467,0.0
1468,0.0
1469,0.0
1470,0.0
1471,0.0
1472,0.15198154234720515
1473,0.33934447291471836
1474,0.5168080644028248
1475,0.6417054920659889
1476,0.7100542594825734
1477,0.7163360274422427
1478,0.6571355688890518
1479,0.539740794220288
1480,0.37514884074588645
1481,0.16929035579648063
1482,0.007383171391956789
1483,0.0
1484,0.0
1485,0.0
1486,0.0
1487,0.0
1488,0.0
1489,0.0
1490,0.0
1491,0.0
1492,0.0
1493,0.0
1494,0.0
1495,7.56424307333327e-05
1496,0.14837491694441327
1497,0.34521671002555326
1498,0.5249823153155319
1499,0.6566407944770106
1500,0.7270774749047852
1501,0.7322625707124821
1502,0.6008905414302388
1503,0.5339286885374072
1504,0.39240351490542924
1505,0.17556934065008223
1506,0.008868688388041304
1507,0.0
1508,0.0
1509,0.0
1510,0.0
1511,0.0
1512,0.0
1513,0.0
1514,0.0
1515,0.0
1516,0.0
1517,0.0
1518,0.0
1519,0.0
1520,0.15613536607821965
1521,0.35564968197907904
1522,0.5367084397078871
1523,0.6740201541222293
1524,0.7412116861981977
1525,0.7527815307246742
1526,0.642176986408407
1527,0.4859312529625201
1528,0.3762474091441313
1529,0.1861245942324707
1530,0.010384400626309723
1531,0.0
1532,0.0
1533,0.0
1534,0.0
1535,0.0
1536,0.0
1537,0.0
1538,0.0
1539,0.0
1540,0.0
1541,0.0
1542,0.0
1543,0.00019636098671087273
1544,0.16474159356102444
1545,0.203571991193949
1546,0.3661880852253593
1547,0.5254230029492756
1548,0.3604178953370079
1549,0.5513317075015036
1550,0.6381322639360099
1551,0.5682980063625189
1552,0.3929940059947055
1553,0.18795888284605444
1554,0.01269594291983651
1555,0.0
1556,0.0
1557,0.0
1558,0.0
1559,0.0
1560,0.0
1561,0.0
1562,0.0
1563,0.0
1564,0.0
1565,0.0
1566,0.0
1567,0.00016537012043322632
1568,0.1727714438614249
1569,0.36701704241126915
1570,0.5498747193847247
1571,0.6806769120755531
1572,0.7464173198116776
1573,0.7538691008945383
1574,0.6966933665921314
1575,0.5651777185345062
1576,0.3536132885204635
1577,0.17271260771554023
1578,0.014135912080454054
1579,0.0
1580,0.0
1581,0.0
1582,0.0
1583,0.0
1584,0.0
1585,0.0
1586,0.0
1587,0.0
1588,0.0
1589,0.0
1590,0.0
1591,0.0004369268814438825
1592,0.17558655273163318
1593,0.36024373241012786
1594,0.1247253360206741
1595,0.5494787831630135
1596,0.33549716426580495
1597,0.3350308918938914
1598,0.1005367427180059
1599,0.2195927574828212
1600,0.2025573769114454
1601,0.19454414356299657
1602,0.016502513780750988
1603,0.0
1604,0.0
1605,0.0
1606,0.0
1607,0.0
1608,0.0
1609,0.0
1610,0.0
1611,0.0
1612,0.0
1613,0.0
1614,0.0
1615,0.002863241843632148
1616,0.18752389562033628
1617,0.20203452055075857
1618,0.37173020044665067
1619,0.6840469209511525
1620,0.7533480124188378
1621,0.7582720097013127
1622,0.7006059352858408
1623,0.5764004624740448
1624,0.407671944027011
1625,0.1984063071134791
1626,0.017862694732822988
1627,0.0
1628,0.0
1629,0.0
1630,0.0
1631,0.0
1632,0.0
1633,0.0
1634,0.0
1635,0.0
1636,0.0
1637,0.0
1638,0.0
1639,0.001672612906003831
1640,0.18222675791364834
1641,0.3776463721249698
1642,0.3871297272836115
1643,0.09525600024832075
1644,0.13546133396315937
1645,0.3719391142744519
1646,0.3434369807931841
1647,0.39058758195576393
1648,0.17596846256553136
1649,0.05712777969282444
1650,0.024431814601493053
1651,0.0
1652,0.0
1653,0.0
1654,0.0
1655,0.0
1656,0.0
1657,0.0
1658,0.0
1659,0.0
1660,0.0
1661,0.0
1662,0.0
1663,0.0025529463466160817
1664,0.18724494904173633
1665,0.3845492336714525
1666,0.5584387276735965
1667,0.6837945743318037
1668,0.748012092099923
1669,0.754951011498604
1670,0.7019148703282618
1671,0.5784561684716208
1672,0.4075885091910182
1673,0.20234050468390335
1674,0.022513280141972253
1675,0.0
1676,0.0
1677,0.0
1678,0.0
1679,0.0
1680,0.0
1681,0.0
1682,0.0
1683,0.0
1684,0.0
1685,0.0
1686,0.0
1687,0.0
1688,0.1902574075547852
1689,0.09779561079084322
1690,0.38523713347309935
1691,0.13739286208560017
1692,0.10962969869405229
1693,0.10721698495208973
1694,0.09914805447466275
1695,0.14596752436122173
1696,0.10108388270018936
1697,0.1312312636281761
1698,0.002271588909678231
1699,0.0
1700,0.0
1701,0.0
1702,0.0
1703,0.0
1704,0.0
1705,0.0
1706,0.0
1707,0.0
1708,0.0
1709,0.0
1710,0.0
1711,0.0
1712,0.12227145331348323
1713,0.17013779700759504
1714,0.44176236778495803
1715,0.13850743480238545
1716,0.14001803125994072
1717,0.3509817304548354
1718,0.4612516602365442
1719,0.5914482560485589
1720,0.4197495741322602
1721,0.21328780864179525
1722,0.028070763709977242
1723,0.0
1724,0.0
1725,0.0
1726,0.0
1727,0.0
1728,0.0
1729,0.0
1730,0.0
1731,0.0
1732,0.0
1733,0.0
1734,0.0
1735,0.0
1736,0.20517417342916708
1737,0.3949496251967137
1738,0.35387656918755006
1739,0.09889688644530492
1740,0.1084475379255089
1741,0.11106159217939027
1742,0.48831358008729037
1743,0.40944073921164237
1744,0.2968209810489731
1745,0.0760569735069307
1746,0.0350973877077965
1747,0.0
1748,0.0
1749,0.0
1750,0.0
1751,0.0
1752,0.0
1753,0.0
1754,0.0
1755,0.0
1756,0.0
1757,0.0
1758,0.0
1759,0.0
1760,0.07573377145763109
1761,0.09002052847041657
1762,0.13574197841149874
1763,0.2997298461695008
1764,0.46530350092571826
1765,0.491419771512243
1766,0.7116900490363451
1767,0.38705006160174815
1768,0.3608245672299238
1769,0.12819214097523304
1770,0.03717447461142121
1771,0.0
1772,0.0
1773,0.0
1774,0.0
1775,0.0
1776,0.0
1777,0.0
1778,0.0
1779,0.0
1780,0.0
1781,0.0
1782,0.0
1783,0.0
1784,0.21870230940624502
1785,0.17459142019160376
1786,0.2484424874923596
1787,0.3838895500143415
1788,0.6569937880139032
1789,0.47073374345153235
1790,0.4366212415523688
1791,0.23415881698504545
1792,0.1681549418745089
1793,0.11859385578866224
1794,0.03872105715554658
1795,0.0
1796,0.0
1797,0.0
1798,0.0
1799,0.0
1800,0.0
1801,0.0
1802,0.0
1803,0.0
1804,0.0
1805,0.0
1806,0.0
1807,0.0
1808,0.2265516895729327
1809,0.422727205894537
1810,0.6085617327933447
1811,0.7266790298033902
1812,0.7843133639735612
1813,0.7856877632719151
1814,0.7295460374754276
1815,0.6131118486569092
1816,0.43739289125861974
1817,0.22905300177535332
1818,0.04134399401042901
1819,0.0
1820,0.0
1821,0.0
1822,0.0
1823,0.0
1824,0.0
1825,0.0
1826,0.0
1827,0.0
1828,0.0
1829,0.0
1830,0.0
1831,0.0
1832,0.23381002436297216
1833,0.4377369286785019
1834,0.6079391222095132
1835,0.7381088438358926
1836,0.7887561231250793
1837,0.7856211904412383
1838,0.7346422722654904
1839,0.6243641156922606
1840,0.4471177173349117
1841,0.23090159100313412
1842,0.03732741183271677
1843,0.0
1844,0.0
1845,0.0
1846,0.0
1847,0.0
1848,0.0
1849,0.0
1850,0.0
1851,0.0
1852,0.0
1853,0.0
1854,0.0
1855,0.0
1856,0.18831983478268788
1857,0.3444358066374921
1858,0.4591400937410804
1859,0.6373974539188817
1860,0.6190628529206045
1861,0.5712255538847844
1862,0.650577940856254
1863,0.45120077315503404
1864,0.4294438852300736
1865,0.19198895462801951
1866,0.047823109279097345
1867,0.0
1868,0.0
1869,0.0
1870,0.0
1871,0.0
1872,0.0
1873,0.0
1874,0.0
1875,0.0
1876,0.0
1877,0.0
1878,0.0
1879,0.0
1880,0.23502176657336746
1881,0.4338890073961773
1882,0.6020409794572931
1883,0.7290579145118501
1884,0.7801434892471751
1885,0.7853758453465883
1886,0.733220904405616
1887,0.6128748470458584
1888,0.1950902624894948
1889,0.10590632870151358
1890,0.02523166294846808
1891,0.0
1892,0.0
1893,0.0
1894,0.0
1895,0.0
1896,0.0
1897,0.0
1898,0.0
1899,0.0
1900,0.0
1901,0.0
1902,0.0
1903,0.0
1904,0.11249049834752348
1905,0.11757028538914827
1906,0.5431582734333447
1907,0.48150646439106226
1908,0.3121232683770769
1909,0.5676681608698321
1910,0.7446993206887352
1911,0.6202915621591861
1912,0.17626116714016424
1913,0.19487848970577493
1914,0.05334158851992669
1915,0.0
1916,0.0
1917,0.0
1918,0.0
1919,0.0
1920,0.0
1921,0.0
1922,0.0
1923,0.0
1924,0.0
1925,0.0
1926,0.0
1927,0.07511500004317608
1928,0.20931765240743927
1929,0.29715083454673646
1930,0.42726436893740893
1931,0.5106036574564721
1932,0.7865358229510446
1933,0.7911879276910536
1934,0.7373325497849248
1935,0.2702233789778288
1936,0.19729975697707772
1937,0.23790785340020879
1938,0.052143125868043205
1939,0.0
1940,0.0
1941,0.0
1942,0.0
1943,0.0
1944,0.0
1945,0.0
1946,0.0
1947,0.0
1948,0.0
1949,0.0
1950,0.0
1951,0.05726594311354536
1952,0.251274382518033
1953,0.45260983000064653
1954,0.6216300786434593
1955,0.7404111785409802
1956,0.7890277239373494
1957,0.7892686930790629
1958,0.7464017414192231
1959,0.6235878216412927
1960,0.4560327879067798
1961,0.22322348563438835
1962,0.05202442668598465
1963,0.0
1964,0.0
1965,0.0
1966,0.0
1967,0.0
1968,0.0
1969,0.0
1970,0.0
1971,0.0
1972,0.0
1973,0.0
1974,0.0
1975,0.06703437993680424
1976,0.24129698810744357
1977,0.4228482739257853
1978,0.5780438370129068
1979,0.5487727960892284
1980,0.7214111409661311
1981,0.5492357369023061
1982,0.5075831180170002
1983,0.6328321680851366
1984,0.46604762297069563
1985,0.2568917757990432
1986,0.061009845077262995
1987,0.0
1988,0.0
1989,0.0
1990,0.0
1991,0.0
1992,0.0
1993,0.0
1994,0.0
1995,0.0
1996,0.0
1997,0.0
1998,0.0
1999,0.06463923710453347
2000,0.2709085190118235
2001,0.3359456644341916
2002,0.4584769034870161
2003,0.5475376687863394
2004,0.6684652027723238
2005,0.6637670630074209
2006,0.6259780838273883
2007,0.6631604975843572
2008,0.419773641873412
2009,0.17603402600973073
2010,0.053091663261202855
2011,0.0
2012,0.0
2013,0.0
2014,0.0
2015,0.0
2016,0.0
2017,0.0
2018,0.0
2019,0.0
2020,0.0
2021,0.0
2022,0.0
2023,0.08403232860675959
2024,0.2770959705991975
2025,0.48752984108172626
2026,0.6606092586762311
2027,0.7828602558683863
2028,0.814454461033131
2029,0.8134283292424981
2030,0.7738890855798699
2031,0.642885599053954
2032,0.47314016749047394
2033,0.2745021857593189
2034,0.06616280388659304
2035,0.0
2036,0.0
2037,0.0
2038,0.0
2039,0.0
2040,0.0
2041,0.0
2042,0.0
2043,0.0
2044,0.0
2045,0.0
2046,0.0
2047,0.06982121431643765
2048,0.24842296490765806
2049,0.4129226791287583
2050,0.5850398771839215
2051,0.7710779150673045
2052,0.8094908467900692
2053,0.703606555387545
2054,0.5087370568064039
2055,0.4313825490731032
2056,0.46988877611247803
2057,0.26665057093933153
2058,0.0666078908116891
2059,0.0
2060,0.0
2061,0.0
2062,0.0
2063,0.0
2064,0.0
2065,0.0
2066,0.0
2067,0.0
2068,0.0
2069,0.0
2070,0.0
2071,0.08631592839867429
2072,0.2823916904971339
2073,0.45666324603287783
2074,0.6312708864233668
2075,0.7039178315064412
2076,0.70095916220689
2077,0.7293153372366056
2078,0.7245469488405591
2079,0.4620159700110695
2080,0.1722078444615956
2081,0.0935018965963488
2082,0.04865944723896041
2083,0.0
2084,0.0
2085,0.0
2086,0.0
2087,0.0
2088,0.0
2089,0.0
2090,0.0
2091,0.0
2092,0.0
2093,0.0
2094,0.0
2095,0.04264074406603278
2096,0.10581034946710229
2097,0.14067112181462718
2098,0.4068423800422939
2099,0.615959485443947
2100,0.438047242087752
2101,0.27677884820717796
2102,0.3470944255960806
2103,0.13376195889591558
2104,0.13888595473140866
2105,0.08440746446551178
2106,0.025491037931693595
2107,0.0
2108,0.0
2109,0.0
2110,0.0
2111,0.0
2112,0.0
2113,0.0
2114,0.0
2115,0.0
2116,0.0
2117,0.0
2118,0.0
2119,0.0740789669296984
2120,0.18239921713618504
2121,0.1878298447458575
2122,0.2226709661473947
2123,0.5669567476144055
2124,0.4862212911231636
2125,0.35315005014258605
2126,0.25201605402936583
2127,0.25113132969923085
2128,0.18224815924081067
2129,0.10870064304336675
2130,0.056056890655555094
2131,0.0
2132,0.0
2133,0.0
2134,0.0
2135,0.0
2136,0.0
2137,0.0
2138,0.0
2139,0.0
2140,0.0
2141,0.0
2142,0.0
2143,0.08904953368678586
2144,0.2968788719890235
2145,0.4919511930714779
2146,0.6380871041017032
2147,0.7734033548038979
2148,0.8087242381816013
2149,0.30925711255721117
2150,0.27431162759543604
2151,0.10583965668257024
2152,0.21459449152710489
2153,0.12821347812175232
2154,0.012169636557854415
2155,0.0
2156,0.0
2157,0.0
2158,0.0
2159,0.0
2160,0.0
2161,0.0
2162,0.0
2163,0.0
2164,0.0
2165,0.0
2166,0.0
2167,0.06989435691112333
2168,0.08734435902324995
2169,0.1428833935736739
2170,0.2167823746417845
2171,0.23271385398693656
2172,0.20382138550371653
2173,0.21239271038589835
2174,0.15679236581752953
2175,0.21397528835196014
2176,0.17384858759409175
2177,0.06824370603771815
2178,0.04104775133198173
2179,0.0
2180,0.0
2181,0.0
2182,0.0
2183,0.0
2184,0.0
2185,0.0
2186,0.0
2187,0.0
2188,0.0
2189,0.0
2190,0.0
2191,0.1021357100864665
2192,0.2749915748319459
2193,0.2370797013896393
2194,0.18419029467317002
2195,0.7205815186353749
2196,0.7147554332415123
2197,0.27651150665576607
2198,0.6544447662552649
2199,0.3911946141471408
2200,0.38210416121617424
2201,0.13529679813274004
2202,0.0709577047228318
2203,0.0
2204,0.0
2205,0.0
2206,0.0
2207,0.0
2208,0.0
2209,0.0
2210,0.0
2211,0.0
2212,0.0
2213,0.0
2214,0.0
2215,0.016514894226799456
2216,0.22250469743961246
2217,0.15488094957478574
2218,0.23888113534857444
2219,0.10731780107314703
2220,0.11536454255188305
2221,0.19816495872251116
2222,0.11218938610864826
2223,0.08782514788970545
2224,0.06905284657488912
2225,0.03995233361985129
2226,0.012032144116583788
2227,0.0
2228,0.0
2229,0.0
2230,0.0
2231,0.0
2232,0.0
2233,0.0
2234,0.0
2235,0.0
2236,0.0
2237,0.0
2238,0.0
2239,0.12072421554333816
2240,0.0808063469288162
2241,0.09830386897253325
2242,0.3957501328539312
2243,0.6726908563121429
2244,0.29393166185156255
2245,0.20708800519793194
2246,0.14161513738975223
2247,0.2765889085113101
2248,0.4237605375864017
2249,0.2850524565899634
2250,0.08701693272071548
2251,0.0
2252,0.0
2253,0.0
2254,0.0
2255,0.0
2256,0.0
2257,0.0
2258,0.0
2259,0.0
2260,0.0
2261,0.0
2262,0.0
2263,0.026008295406463017
2264,0.07396803360545148
2265,0.07456257974444902
2266,0.09583876632201273
2267,0.13480098516120192
2268,0.12543080964931466
2269,0.12324660233510185
2270,0.12050487527833978
2271,0.17927593615636367
2272,0.20412400307040193
2273,0.08466065126782443
2274,0.0158059046658394
2275,0.0
2276,0.0
2277,0.0
2278,0.0
2279,0.0
2280,0.0
2281,0.0
2282,0.0
2283,0.0
2284,0.0
2285,0.0
2286,0.0
2287,0.08050933641649363
2288,0.100681942671049
2289,0.07890423687931776
2290,0.10031552954515062
2291,0.11599599256064663
2292,0.12500769000796075
2293,0.12311187549608721
2294,0.19435687611572214
2295,0.21189110948727602
2296,0.3512689738402033
2297,0.28985570090980145
2298,0.09070248864527733
2299,0.0
2300,0.0
2301,0.0
2302,0.0
2303,0.0
2304,0.0
2305,0.0
2306,0.0
2307,0.0
2308,0.0
2309,0.0
2310,0.0
2311,0.12525325681755964
2312,0.3218098777977217
2313,0.5105985871856695
2314,0.6460864044160016
2315,0.5747484527213876
2316,0.2947782103682779
2317,0.803089236065974
2318,0.7569065956929888
2319,0.6398270413353682
2320,0.46558666008834526
2321,0.2715939391068061
2322,0.09208489302020338
2323,0.0
2324,0.0
2325,0.0
2326,0.0
2327,0.0
2328,0.0
2329,0.0
2330,0.0
2331,0.0
2332,0.0
2333,0.0
2334,8.011723936415887e-05
2335,0.13209538597188517
2336,0.3313062557923031
2337,0.5172203083424801
2338,0.595080296986007
2339,0.5849371648165916
2340,0.7367508397745416
2341,0.2882145726934469
2342,0.28278961048417645
2343,0.10670524934646602
2344,0.08129201352414511
2345,0.056068944947244674
2346,0.016921128524421666
2347,0.0
2348,0.0
2349,0.0
2350,0.0
2351,0.0
2352,0.0
2353,0.0
2354,0.0
2355,0.0
2356,0.0
2357,0.0
2358,0.0
2359,0.11080277498429908
2360,0.15347318801124255
2361,0.07982111571163147
2362,0.17606833348075435
2363,0.22677212674346717
2364,0.5028214627538724
2365,0.37814246515749583
2366,0.1255673393809392
2367,0.13257543967824728
2368,0.2954573757678631
2369,0.10906209675593688
2370,0.10416817102204291
2371,0.0
2372,0.0
2373,0.0
2374,0.0
2375,0.0
2376,0.0
2377,0.0
2378,0.0
2379,0.0
2380,0.0
2381,0.0
2382,0.00019515429143286437
2383,0.13777968465599527
2384,0.33620650623684156
2385,0.5370891767863982
2386,0.6954038024347102
2387,0.7931805616203023
2388,0.8216514449629982
2389,0.8189546910332174
2390,0.7663295977087278
2391,0.10506637328722285
2392,0.17564307253976344
2393,0.05531805476172528
2394,0.03265037349633505
2395,0.0
2396,0.0
2397,0.0
2398,0.0
2399,0.0
2400,0.0
2401,0.0
2402,0.0
2403,0.0
2404,0.0
2405,0.0
2406,7.962817702935109e-05
2407,0.031452649505307274
2408,0.051678364658543814
2409,0.08011358690210772
2410,0.10172800546865757
2411,0.12352339011025301
2412,0.12615347202109048
2413,0.1997116655436999
2414,0.16097710711469265
2415,0.13974827418250782
2416,0.1134604837446768
2417,0.0909681965075928
2418,0.016891583840574348
2419,0.0
2420,0.0
2421,0.0
2422,0.0
2423,0.0
2424,0.0
2425,0.0
2426,0.0
2427,0.0
2428,0.0
2429,0.0
2430,0.000919934472730345
2431,0.08212574925066182
2432,0.18724142494097135
2433,0.5429242474702908
2434,0.6997070562066067
2435,0.7945424748662767
2436,0.7446650132177117
2437,0.4666251904122988
2438,0.6267250298206607
2439,0.5970646457776956
2440,0.4398944776874244
2441,0.15343841377190576
2442,0.04981921479767578
2443,0.0
2444,0.0
2445,0.0
2446,0.0
2447,0.0
2448,0.0
2449,0.0
2450,0.0
2451,0.0
2452,0.0
2453,0.0
2454,0.0008608563074752245
2455,0.1566382855973269
2456,0.3616757775951676
2457,0.5522378214895931
2458,0.7034255659740836
2459,0.8054424485172056
2460,0.8245181609048396
2461,0.8232327393161986
2462,0.7887623078052297
2463,0.6783202572080114
2464,0.5077520298003562
2465,0.31040349553454427
2466,0.10972361247867744
2467,0.0
2468,0.0
2469,0.0
2470,0.0
2471,0.0
2472,0.0
2473,0.0
2474,0.0
2475,0.0
2476,0.0
2477,0.0
2478,0.0014259119660958168
2479,0.15523086244081086
2480,0.3558619740425473
2481,0.51623849620319
2482,0.6760757434277271
2483,0.7797579386204335
2484,0.8065439050443886
2485,0.8038132520658583
2486,0.6988236388277488
2487,0.5061184573960723
2488,0.28268792500713574
2489,0.17269844129723316
2490,0.08238384295486748
2491,0.0003552399527537113
2492,0.0
2493,0.0
2494,0.0
2495,0.0
2496,0.0
2497,0.0
2498,0.0
2499,0.0
2500,0.0
2501,0.0
2502,0.0
2503,0.061404036752403454
2504,0.08938301630818471
2505,0.11960727981196706
2506,0.23019669500028123
2507,0.19493129287121091
2508,0.3355523012728072
2509,0.5191050604453297
2510,0.3378458548990018
2511,0.13669076669262678
2512,0.10107595930807199
2513,0.06570784131090947
2514,0.01761957728994784
2515,8.03063738846863e-05
2516,0.0
2517,0.0
2518,0.0
2519,0.0
2520,0.0
2521,0.0
2522,0.0
2523,0.0
2524,0.0
2525,0.0
2526,0.0
2527,0.04500965743640107
2528,0.16373778496497252
2529,0.31652846434858634
2530,0.6381980199221383
2531,0.7658945112947431
2532,0.7742853135317768
2533,0.6394559605263374
2534,0.5524651901695793
2535,0.5091615534142819
2536,0.37836680567804987
2537,0.31813699463286454
2538,0.119111186779441
2539,0.0005978970687183312
2540,0.0
2541,0.0
2542,0.0
2543,0.0
2544,0.0
2545,0.0
2546,0.0
2547,0.0
2548,0.0
2549,0.0
2550,0.0
2551,0.1244744072100768
2552,0.1872021347182038
2553,0.22589816142295252
2554,0.2668095638960311
2555,0.7553479396029809
2556,0.3370905945951497
2557,0.13904253216208717
2558,0.13564723611311758
2559,0.1545311417316311
2560,0.14452736907673927
2561,0.12083856794547959
2562,0.05584339958098209
2563,0.0003573139735729784
2564,0.0
2565,0.0
2566,0.0
2567,0.0
2568,0.0
2569,0.0
2570,0.0
2571,0.0
2572,0.0
2573,0.0
2574,0.0
2575,0.0775238921195739
2576,0.13863969943854773
2577,0.20649370411229886
2578,0.2704725282342318
2579,0.47608069117184754
2580,0.5339764972818913
2581,0.25767221241879107
2582,0.11789154451534396
2583,0.23491395476221538
2584,0.09989444618056326
2585,0.054521812199970085
2586,0.04235218789478389
2587,0.0003598295338781609
2588,0.0
2589,0.0
2590,0.0
2591,0.0
2592,0.0
2593,0.0
2594,0.0
2595,0.0
2596,0.0
2597,0.0
2598,0.0
2599,0.1803808992805
2600,0.2691745097357368
2601,0.48118839095860444
2602,0.4886738085330382
2603,0.4353499922166384
2604,0.35814388763393046
2605,0.5859663889472998
2606,0.39316606846417584
2607,0.33921447793947934
2608,0.48846988912618866
2609,0.20732475592101438
2610,0.0784591557888256
2611,0.0038763734949347475
2612,0.0
2613,0.0
2614,0.0
2615,0.0
2616,0.0
2617,0.0
2618,0.0
2619,0.0
2620,0.0
2621,0.0
2622,0.0
2623,0.18250963701528738
2624,0.3870098261731463
2625,0.5585457576478238
2626,0.6678839595302537
2627,0.5018786257687383
2628,0.4195971159319461
2629,0.5639544004699423
2630,0.525856805750399
2631,0.1790802610448469
2632,0.08625946693658323
2633,0.05642668785172451
2634,0.030851413409460137
2635,0.0009148265103864118
2636,0.0
2637,0.0
2638,0.0
2639,0.0
2640,0.0
2641,0.0
2642,0.0
2643,0.0
2644,0.0
2645,0.0
2646,0.0
2647,0.09763159424017237
2648,0.25488282831724657
2649,0.20495889988309787
2650,0.2535838471091055
2651,0.31157665934384976
2652,0.35293664950437376
2653,0.3416731216834653
2654,0.317299034653113
2655,0.40536410145582713
2656,0.18172546624903352
2657,0.0700216743866256
2658,0.04731010464712199
2659,0.003824198366264227
2660,0.0
2661,0.0
2662,0.0
2663,0.0
2664,0.0
2665,0.0
2666,0.0
2667,0.0
2668,0.0
2669,0.0
2670,0.0
2671,0.04987505779175178
2672,0.07508768826224725
2673,0.08235102330784233
2674,0.10928923205176648
2675,0.12403864981664176
2676,0.1267917135088118
2677,0.1308648796752973
2678,0.11735662219375974
2679,0.1527127174060938
2680,0.17935831492904775
2681,0.09962743136697068
2682,0.0471029989630742
2683,0.004203309340664085
2684,0.0
2685,0.0
2686,0.0
2687,0.0
2688,0.0
2689,0.0
2690,0.0
2691,0.0
2692,0.0
2693,0.0
2694,0.0
2695,0.08218282334616403
2696,0.24507229190943483
2697,0.19448614760007568
2698,0.29838263612539356
2699,0.7876574672077756
2700,0.8338539355920409
2701,0.8327116951834878
2702,0.8091571657921374
2703,0.692339876880522
2704,0.5409798423770084
2705,0.344556757976662
2706,0.13820800876404188
2707,0.005294373271352726
2708,0.0
2709,0.0
2710,0.0
2711,0.0
2712,0.0
2713,0.0
2714,0.0
2715,0.0
2716,0.0
2717,0.0
2718,0.0
2719,0.19355676521157092
2720,0.39920710066628845
2721,0.5772022537441237
2722,0.7102427755350856
2723,0.813355221655436
2724,0.830655697455716
2725,0.8284321299034887
2726,0.8008323529253887
2727,0.6908206043669444
2728,0.5383598951731722
2729,0.33777478942331013
2730,0.13921138559940402
2731,0.006918474946560863
2732,0.0
2733,0.0
2734,0.0
2735,0.0
2736,0.0
2737,0.0
2738,0.0
2739,0.0
2740,0.0
2741,0.0
2742,0.0
2743,0.19604291327841494
2744,0.40292181794122034
2745,0.5873079044179855
2746,0.7305656928557143
2747,0.8113938612031747
2748,0.8300023968552884
2749,0.8237125771422157
2750,0.7945821501729027
2751,0.6868449636049078
2752,0.5253321289932904
2753,0.3361615797866916
2754,0.14346459597351652
2755,0.00807464663888306
2756,0.0
2757,0.0
2758,0.0
2759,0.0
2760,0.0
2761,0.0
2762,0.0
2763,0.0
2764,0.0
2765,0.0
2766,0.0
2767,0.1899915071505405
2768,0.3689440312118636
2769,0.5307395290447751
2770,0.6791081037747321
2771,0.8109038128203053
2772,0.8227170770221396
2773,0.6331437942802678
2774,0.7267631647918528
2775,0.6531816911996203
2776,0.4028543465815406
2777,0.2737447549828101
2778,0.14712531398920972
2779,0.008643190282070426
2780,0.0
2781,0.0
2782,0.0
2783,0.0
2784,0.0
2785,0.0
2786,0.0
2787,0.0
2788,0.0
2789,0.0
2790,0.0
2791,0.1387172880014171
2792,0.19214304068282606
2793,0.2797781263499815
2794,0.28761355597870697
2795,0.22767437822376452
2796,0.24597054668604998
2797,0.15802917348634618
2798,0.19862654590748044
2799,0.12422758596063603
2800,0.10974429614955816
2801,0.07944097959732364
2802,0.022755447711329937
2803,0.004201309821902216
2804,0.0
2805,0.0
2806,0.0
2807,0.0
2808,0.0
2809,0.0
2810,0.0
2811,0.0
2812,0.0
2813,0.0
2814,0.04222296308726164
2815,0.18432191750290153
2816,0.3493069774161154
2817,0.5034149936717885
2818,0.7260497094250559
2819,0.8180768165280794
2820,0.8206729818863555
2821,0.8268057340620211
2822,0.8005781392327871
2823,0.699765285553684
2824,0.5362655932706946
2825,0.34784397382269944
2826,0.1537800298311629
2827,0.010472322272713589
2828,0.0
2829,0.0
2830,0.0
2831,0.0
2832,0.0
2833,0.0
2834,0.0
2835,0.0
2836,0.0
2837,0.0
2838,0.05386689541425804
2839,0.2163527844246882
2840,0.4217792869693924
2841,0.6122344409200844
2842,0.7594628523604824
2843,0.825052668969546
2844,0.8361906944602303
2845,0.8336595265895737
2846,0.8122731360132525
2847,0.6950182518079687
2848,0.5515404054489599
2849,0.35556513856834226
2850,0.15181062929470607
2851,0.01094334576259557
2852,0.0
2853,0.0
2854,0.0
2855,0.0
2856,0.0
2857,0.0
2858,0.0
2859,0.0
2860,0.0
2861,0.0
2862,0.052572243482222315
2863,0.2149725971992501
2864,0.42118932099446854
2865,0.6065502530934487
2866,0.7465083396327606
2867,0.8147034819282478
2868,0.8345651154633107
2869,0.8309194798987393
2870,0.7994113934877886
2871,0.6893730974815283
2872,0.5303132762211185
2873,0.3495040936747993
2874,0.15403390511673756
2875,0.011684762885197634
2876,0.0
2877,0.0
2878,0.0
2879,0.0
2880,0.0
2881,0.0
2882,0.0
2883,0.0
2884,0.0
2885,0.0
2886,0.054603026969172984
2887,0.14558604628801333
2888,0.36572534278881463
2889,0.577874779364453
2890,0.7001829265019612
2891,0.7812456459268281
2892,0.49189383308038376
2893,0.8114883234405679
2894,0.7523686741516077
2895,0.6458293901135204
2896,0.3015527514708453
2897,0.25965015481538034
2898,0.1278982461414014
2899,0.013434786398651413
2900,0.0
2901,0.0
2902,0.0
2903,0.0
2904,0.0
2905,0.0
2906,0.0
2907,0.0
2908,0.0
2909,0.0
2910,0.07024494367390072
2911,0.11272586043487404
2912,0.1912535319774803
2913,0.2788962259681417
2914,0.5850843076927386
2915,0.18771094718726583
2916,0.3044185922220996
2917,0.402747538322262
2918,0.6303664644704128
2919,0.6310479462077525
2920,0.4934823740116473
2921,0.26197809176244946
2922,0.09610649879188692
2923,0.011984362794737935
2924,0.0
2925,0.0
2926,0.0
2927,0.0
2928,0.0
2929,0.0
2930,0.0
2931,0.0
2932,0.0
2933,0.0
2934,0.06287259488874694
2935,0.12114560230732914
2936,0.06049931140004589
2937,0.08733469691916575
2938,0.13156276248424364
2939,0.16994234944563094
2940,0.2125883913320191
2941,0.30917210237816123
2942,0.3991560828896506
2943,0.5024430070054923
2944,0.22492363086934902
2945,0.12450556982958991
2946,0.0978385593102658
2947,0.01196674404129406
2948,0.0
2949,0.0
2950,0.0
2951,0.0
2952,0.0
2953,0.0
2954,0.0
2955,0.0
2956,0.0
2957,0.0
2958,0.043771563237421
2959,0.10485044043091118
2960,0.09982731906251452
2961,0.14501552121333625
2962,0.15194595709792402
2963,0.23266434153810897
2964,0.6066211785386465
2965,0.5579009755691131
2966,0.24587666207444445
2967,0.5424908530914416
2968,0.28290078302718386
2969,0.19628789079301837
2970,0.09530109006738034
2971,0.0178714781455575
2972,0.0
2973,0.0
2974,0.0
2975,0.0
2976,0.0
2977,0.0
2978,0.0
2979,0.0
2980,0.0
2981,0.0
2982,0.042988498128609144
2983,0.14298404049121763
2984,0.18409998667376468
2985,0.22503407992147093
2986,0.21234313375642772
2987,0.1428148486468737
2988,0.1340581292252743
2989,0.1435412218267398
2990,0.12459375403316995
2991,0.18776776456019573
2992,0.24095047098089728
2993,0.1683781154742798
2994,0.09448579752384079
2995,0.018627022011159962
2996,0.0
2997,0.0
2998,0.0
2999,0.0
3000,0.0
3001,0.0
3002,0.0
3003,0.0
3004,0.0
3005,0.0
3006,0.01951022467659374
3007,0.1237016897713092
3008,0.2117753392763831
3009,0.5693550615539044
3010,0.34786495505837994
3011,0.33203995723468716
3012,0.22896087337952628
3013,0.16442941891312532
3014,0.30485179989362354
3015,0.5402870065004489
3016,0.426139959078422
3017,0.08005101077511313
3018,0.0271914013808407
3019,0.0032398373452458833
3020,0.0
3021,0.0
3022,0.0
3023,0.0
3024,0.0
3025,0.0
3026,0.0
3027,0.0
3028,0.0
3029,0.0
3030,0.008462062005035964
3031,0.052605235833523355
3032,0.12312218524120604
3033,0.09903559248418997
3034,0.1665337446651299
3035,0.12701049365183426
3036,0.13660984073631768
3037,0.2688982937517693
3038,0.6872443422429292
3039,0.6240311931928377
3040,0.5366523399912387
3041,0.3577997918680091
3042,0.1619244600832575
3043,0.01944954479587171
3044,0.0
3045,0.0
3046,0.0
3047,0.0
3048,0.0
3049,0.0
3050,0.0
3051,0.0
3052,0.0
3053,0.0
3054,0.0693465255283759
3055,0.22423088834645225
3056,0.41554568366504613
3057,0.6015149549066802
3058,0.737392529513177
3059,0.8159723915878082
3060,0.8238971256640655
3061,0.8212609932689675
3062,0.7814947251679841
3063,0.6864728909132112
3064,0.5202913229404257
3065,0.3218133785600711
3066,0.15514487204830305
3067,0.022059196257638372
3068,0.0
3069,0.0
3070,0.0
3071,0.0
3072,0.0
3073,0.0
3074,0.0
3075,0.0
3076,0.0
3077,0.0
3078,0.07684706639615889
3079,0.22873205188316512
3080,0.4189159842708414
3081,0.5885702209751211
3082,0.7238563651211112
3083,0.8098252862865104
3084,0.8251351702689123
3085,0.82325957849421
3086,0.775582287636171
3087,0.6539443906234648
3088,0.29143908405120356
3089,0.05488474206733086
3090,0.03605159750288288
3091,0.020699482657340014
3092,0.0
3093,0.0
3094,0.0
3095,0.0
3096,0.0
3097,0.0
3098,0.0
3099,0.0
3100,0.0
3101,0.0
3102,0.04630632464062924
3103,0.16549999871638713
3104,0.26480748957764705
3105,0.41508323295869737
3106,0.5749002691152709
3107,0.7410623786839982
3108,0.7959557909727475
3109,0.5506875964022433
3110,0.5166039407848383
3111,0.29004459621156836
3112,0.5012844880520148
3113,0.34389363190324085
3114,0.17444561343975343
3115,0.014567614424167772
3116,0.0
3117,0.0
3118,0.0
3119,0.0
3120,0.0
3121,0.0
3122,0.0
3123,0.0
3124,0.0
3125,0.0
3126,0.05591326021096527
3127,0.0741399793828436
3128,0.1264101012397133
3129,0.1390602285157631
3130,0.15385862194590574
3131,0.17430336579629158
3132,0.4027501288864005
3133,0.25477346450145294
3134,0.3002398022209303
3135,0.2999304573559302
3136,0.48524041252049993
3137,0.061963190184049076
3138,0.08368630742154617
3139,0.032893707986475854
3140,0.0
3141,0.0
3142,0.0
3143,0.0
3144,0.0
3145,0.0
3146,0.0
3147,0.0
3148,0.0
3149,0.0
3150,0.08425548470271876
3151,0.24088606862287712
3152,0.43544384182062046
3153,0.4499647998345773
3154,0.7320281946731934
3155,0.8262757186423296
3156,0.8380287697317553
3157,0.8371667653492676
3158,0.8194138160153343
3159,0.7280194717069555
3160,0.5707663005413812
3161,0.37566838305154915
3162,0.18237839926941424
3163,0.022829305628455688
3164,0.0
3165,0.0
3166,0.0
3167,0.0
3168,0.0
3169,0.0
3170,0.0
3171,0.0
3172,0.0
3173,0.0
3174,0.08179946069589086
3175,0.23663802187322994
3176,0.4284262486227418
3177,0.613460466240865
3178,0.7387218273232634
3179,0.817228115042519
3180,0.8349215514165135
3181,0.8293218486545754
3182,0.763807065051866
3183,0.6007577750181398
3184,0.5240476701142953
3185,0.36282962886551257
3186,0.1694572604760897
3187,0.02912550256360827
3188,0.0
3189,0.0
3190,0.0
3191,0.0
3192,0.0
3193,0.0
3194,0.0
3195,0.0
3196,0.0
3197,0.0
3198,0.08196009317629069
3199,0.23282950750575118
3200,0.21149897742731774
3201,0.11200858340251228
3202,0.1391162815555801
3203,0.12403443723261469
3204,0.13329063375701117
3205,0.13733683238419886
3206,0.1741630552413297
3207,0.5288286262471757
3208,0.3047378617483601
3209,0.15270884322909387
3210,0.07419456793707777
3211,0.027840883816465767
3212,0.0
3213,0.0
3214,0.0
3215,0.0
3216,0.0
3217,0.0
3218,0.0
3219,0.0
3220,0.0
3221,0.0
3222,0.08538919492034716
3223,0.22891277290484624
3224,0.40683316136810727
3225,0.5792908377347641
3226,0.7189383774806695
3227,0.8016470386701211
3228,0.82397145851795
3229,0.80969745011472
3230,0.7823384088941769
3231,0.6660549278947979
3232,0.5241067513135444
3233,0.3583646165346608
3234,0.1682171154138333
3235,0.03080238056507439
3236,0.0
3237,0.0
3238,0.0
3239,0.0
3240,0.0
3241,0.0
3242,0.0
3243,0.0
3244,0.0
3245,0.0
3246,0.08622350243804759
3247,0.22477204785962224
3248,0.2761401924625786
3249,0.5820749065121414
3250,0.735570907824694
3251,0.7935256784419087
3252,0.8247299570269752
3253,0.8245568443288
3254,0.7772740310414933
3255,0.6726343773462401
3256,0.5304856537592003
3257,0.35442859273321087
3258,0.1803055045287029
3259,0.03158272849884276
3260,0.0
3261,0.0
3262,0.0
3263,0.0
3264,0.0
3265,0.0
3266,0.0
3267,0.0
3268,0.0
3269,0.0
3270,0.042977828971889113
3271,0.09191242212845885
3272,0.19675227275326324
3273,0.2901582251228243
3274,0.6357193051406828
3275,0.7908289245121279
3276,0.8249590235767009
3277,0.7957581729381268
3278,0.6895801675744923
3279,0.4949627238825042
3280,0.3103256035722713
3281,0.10367063100774579
3282,0.036433594855839774
3283,0.01951403350602983
3284,0.0
3285,0.0
3286,0.0
3287,0.0
3288,0.0
3289,0.0
3290,0.0
3291,0.0
3292,0.0
3293,0.0
3294,0.07300680011417153
3295,0.21403095047331472
3296,0.36492661468579146
3297,0.5978520839221421
3298,0.7443404925479271
3299,0.8093909000249956
3300,0.8138964395146451
3301,0.8113379656976634
3302,0.7661829741123292
3303,0.5877687797812771
3304,0.47069496667390937
3305,0.3275520032412391
3306,0.1689205527657073
3307,0.039127052234408245
3308,0.0
3309,0.0
3310,0.0
3311,0.0
3312,0.0
3313,0.0
3314,0.0
3315,0.0
3316,0.0
3317,0.0
3318,0.0964660971004119
3319,0.25540085946049523
3320,0.44215690370172944
3321,0.6039613226440278
3322,0.7593540953434958
3323,0.8177011847279944
3324,0.8323928924255406
3325,0.8302493172929959
3326,0.7872458359015314
3327,0.6951422371411747
3328,0.5489936358474331
3329,0.3506836522099963
3330,0.18092163870218805
3331,0.03747521868678936
3332,0.0
3333,0.0
3334,0.0
3335,0.0
3336,0.0
3337,0.0
3338,0.0
3339,0.0
3340,0.0
3341,0.0
3342,0.0503125655663615
3343,0.2317909013319467
3344,0.3487227818644641
3345,0.47010924245603225
3346,0.5616023316010783
3347,0.6042376494854697
3348,0.6383445268264587
3349,0.471754915828837
3350,0.48701497229379986
3351,0.6538917624961462
3352,0.5260532568642364
3353,0.36457049963580407
3354,0.1874856439570657
3355,0.03912246856957217
3356,0.0
3357,0.0
3358,0.0
3359,0.0
3360,0.0
3361,0.0
3362,0.0
3363,0.0
3364,0.0
3365,0.0
3366,0.032305994752123854
3367,0.08459579381069884
3368,0.0902173413296969
3369,0.12318481387963587
3370,0.13694094283931899
3371,0.1978369489595851
3372,0.2073106245103309
3373,0.6373594123013521
3374,0.5936462680356359
3375,0.5161655869926608
3376,0.41640237855797063
3377,0.29903972921836613
3378,0.16174220456074648
3379,0.034289486440497195
3380,0.0
3381,0.0
3382,0.0
3383,0.0
3384,0.0
3385,0.0
3386,0.0
3387,0.0
3388,0.0
3389,8.03217305621921e-05
3390,0.07623774120544317
3391,0.18366470771785068
3392,0.3012311714414343
3393,0.45064800278007205
3394,0.6682036958248275
3395,0.5458794743535318
3396,0.5726748694974143
3397,0.7712419257833715
3398,0.6004299286241234
3399,0.5776956278512251
3400,0.445774474821467
3401,0.10380296565915505
3402,0.2033137924668729
3403,0.035394829397348435
3404,0.0
3405,0.0
3406,0.0
3407,0.0
3408,0.0
3409,0.0
3410,0.0
3411,0.0
3412,0.0
3413,8.292376553200735e-05
3414,0.08738035852940909
3415,0.12113451655988954
3416,0.1313715916869497
3417,0.2191629863930035
3418,0.26767569917809103
3419,0.3392748660900055
3420,0.4546636980979891
3421,0.31705173496615113
3422,0.46441638440797794
3423,0.5700807112428851
3424,0.26569137955942207
3425,0.20852925738795053
3426,0.049014669594548706
3427,0.018810963734202518
3428,0.0
3429,0.0
3430,0.0
3431,0.0
3432,0.0
3433,0.0
3434,0.0
3435,0.0
3436,0.0
3437,0.0
3438,0.09705683907765648
3439,0.21153890945651596
3440,0.16295164210259525
3441,0.3006317592427711
3442,0.177992959266763
3443,0.13808142703209336
3444,0.23514779401794397
3445,0.21377346940252023
3446,0.3288669245872776
3447,0.25073527678544133
3448,0.09814796835590897
3449,0.09377457097573948
3450,0.05808815899809116
3451,0.041479914609404776
3452,0.0
3453,0.0
3454,0.0
3455,0.0
3456,0.0
3457,0.0
3458,0.0
3459,0.0
3460,0.0
3461,0.0003858407465865817
3462,0.10336456519014624
3463,0.2565059101036902
3464,0.43462489681502975
3465,0.3604009749856527
3466,0.43218708260702243
3467,0.4826044201558959
3468,0.15181180788469703
3469,0.1384684538136255
3470,0.13116139424628706
3471,0.16195973609853104
3472,0.26421491553477294
3473,0.37637585794933276
3474,0.13906211309282784
3475,0.04231798544663077
3476,0.0
3477,0.0
3478,0.0
3479,0.0
3480,0.0
3481,0.0
3482,0.0
3483,0.0
3484,0.0
3485,0.0001856630887319562
3486,0.10476610123131148
3487,0.25409430493647167
3488,0.28384299570969906
3489,0.5412243122810712
3490,0.6776580296635931
3491,0.4816246151203527
3492,0.3546603373661338
3493,0.46351499644906
3494,0.43886548694087285
3495,0.32235570499402416
3496,0.2294305006486913
3497,0.14850767168730444
3498,0.07603843113568699
3499,0.03303204994607659
3500,0.0
3501,0.0
3502,0.0
3503,0.0
3504,0.0
3505,0.0
3506,0.0
3507,0.0
3508,0.0
3509,0.00036034861525011434
3510,0.07585287322735981
3511,0.16290478439854922
3512,0.4280567664951838
3513,0.5932297356621028
3514,0.4492965568135221
3515,0.2048873326314694
3516,0.825951898125015
3517,0.6574473117762611
3518,0.32721608175540357
3519,0.154612977886151
3520,0.12374361723504657
3521,0.17970087619413921
3522,0.029493090778735253
3523,0.008545217363501192
3524,0.0
3525,0.0
3526,0.0
3527,0.0
3528,0.0
3529,0.0
3530,0.0
3531,0.0
3532,0.0
3533,0.00019661524124570194
3534,0.10045651691416668
3535,0.26030294197066317
3536,0.45101651636338014
3537,0.6277088607329057
3538,0.6986225783768178
3539,0.768966605294413
3540,0.46058826577134276
3541,0.49973116478998575
3542,0.38926927653945437
3543,0.201257934769595
3544,0.19506078607051328
3545,0.38485266224808223
3546,0.19682184457035265
3547,0.050189117016715676
3548,0.0
3549,0.0
3550,0.0
3551,0.0
3552,0.0
3553,0.0
3554,0.0
3555,0.0
3556,0.0
3557,0.0007026818290129648
3558,0.10112142837638609
3559,0.25409528514992946
3560,0.43811355236125255
3561,0.39101870083908613
3562,0.27065405443125334
3563,0.6613538708279373
3564,0.4649092917467661
3565,0.5974991487312886
3566,0.5956173722764361
3567,0.559772920716368
3568,0.5656868752451992
3569,0.3935359823524236
3570,0.2037273200193896
3571,0.05225220962284887
3572,0.0
3573,0.0
3574,0.0
3575,0.0
3576,0.0
3577,0.0
3578,0.0
3579,0.0
3580,0.0
3581,0.0007241986229867991
3582,0.10952600027866069
3583,0.25637204095145116
3584,0.4591512028269356
3585,0.6253729770553034
3586,0.7388227659710029
3587,0.8150228681465868
3588,0.8116044320584879
3589,0.813096515317819
3590,0.6674967752144159
3591,0.5719218205084461
3592,0.30033071118453897
3593,0.20530295480679178
3594,0.13461762106394703
3595,0.04193339752953535
3596,0.0
3597,0.0
3598,0.0
3599,0.0
3600,0.0
3601,0.0
3602,0.0
3603,0.0
3604,0.0
3605,0.0004587806237938415
3606,0.1097409762599302
3607,0.1729690735652534
3608,0.32293488278630805
3609,0.21866853871878164
3610,0.2126632726386716
3611,0.186504281082277
3612,0.4535596801796872
3613,0.41163028518843786
3614,0.2859981525310162
3615,0.17358685309704278
3616,0.08508230058899158
3617,0.0611970658477061
3618,0.033591174204702645
3619,0.008437875237964321
3620,0.0
3621,0.0
3622,0.0
3623,0.0
3624,0.0
3625,0.0
3626,0.0
3627,0.0
3628,0.0
3629,0.0004699311586753209
3630,0.09862935818656776
3631,0.25495948334348945
3632,0.4313941307618756
3633,0.5785633734839657
3634,0.7186822967148145
3635,0.7933994759592147
3636,0.804597014409838
3637,0.8116983108354897
3638,0.7752573001980733
3639,0.6894298681776269
3640,0.5264727648857666
3641,0.3831778391941152
3642,0.1380875125239773
3643,0.02218656216035312
3644,0.0
3645,0.0
3646,0.0
3647,0.0
3648,0.0
3649,0.0
3650,0.0
3651,0.0
3652,0.0
3653,0.0009371497049674185
3654,0.08009558131442425
3655,0.11776131615594822
3656,0.2019654563442099
3657,0.35098269899908535
3658,0.43643183864006113
3659,0.2558200874210374
3660,0.23632762094492113
3661,0.38837606869522623
3662,0.737559924299515
3663,0.2724271905611979
3664,0.2411921869519119
3665,0.062378678163481395
3666,0.07805811428868825
3667,0.012263214852754436
3668,0.0
3669,0.0
3670,0.0
3671,0.0
3672,0.0
3673,0.0
3674,0.0
3675,0.0
3676,0.0
3677,8.070922411203747e-05
3678,0.022413685786974877
3679,0.0440505885831738
3680,0.0658268532277379
3681,0.09333443762936776
3682,0.18788361645554347
3683,0.4095337077904332
3684,0.18588451778515636
3685,0.18980176583120584
3686,0.2263983270090117
3687,0.15043348189790798
3688,0.08776908318068065
3689,0.08392843181483488
3690,0.07306894448047638
3691,0.0158468128242727
3692,0.0
3693,0.0
3694,0.0
3695,0.0
3696,0.0
3697,0.0
3698,0.0
3699,0.0
3700,0.0
3701,0.0003606915149222329
3702,0.03035973017057348
3703,0.043361160115301105
3704,0.06481661489817099
3705,0.0930808774124045
3706,0.11519579413743666
3707,0.13048203047016874
3708,0.1458495720084644
3709,0.13768647102383996
3710,0.14582710878338942
3711,0.19232486444464722
3712,0.14481609445150173
3713,0.13297401314092833
3714,0.0384994151393035
3715,0.01562613818535883
3716,0.0
3717,0.0
3718,0.0
3719,0.0
3720,0.0
3721,0.0
3722,0.0
3723,0.0
3724,0.0
3725,0.0003608093972597433
3726,0.03799144927126964
3727,0.063497930232607
3728,0.15401082342364755
3729,0.1431535590733809
3730,0.19983477568631863
3731,0.2607171988486693
3732,0.22791346862301715
3733,0.24082622892511896
3734,0.20779956431845645
3735,0.20367236971971261
3736,0.25191900122783406
3737,0.1289825606022805
3738,0.21063777822017044
3739,0.06135618133108787
3740,0.0
3741,0.0
3742,0.0
3743,0.0
3744,0.0
3745,0.0
3746,0.0
3747,0.0
3748,0.0
3749,0.0009553260715075053
3750,0.11177483750044635
3751,0.27874435122821917
3752,0.4561756481836528
3753,0.6229731461187864
3754,0.7505926207197055
3755,0.8178538179664259
3756,0.833131553281253
3757,0.8294758238519074
3758,0.8022545959758505
3759,0.7113433568716815
3760,0.5819080368401559
3761,0.3986869457272145
3762,0.21582945546108429
3763,0.06260131147892974
3764,0.0
3765,0.0
3766,0.0
3767,0.0
3768,0.0
3769,0.0
3770,0.0
3771,0.0
3772,0.0
3773,0.0009442117928547574
3774,0.10372327663887605
3775,0.25230966296760554
3776,0.4327976447337682
3777,0.5801513309548376
3778,0.7385660433987176
3779,0.8139820915001258
3780,0.8285782283855347
3781,0.8292599435070309
3782,0.8040364256656292
3783,0.708746374668857
3784,0.3843163746291817
3785,0.38285142227805813
3786,0.21125532436780317
3787,0.06159670704290371
3788,0.0
3789,0.0
3790,0.0
3791,0.0
3792,0.0
3793,0.0
3794,0.0
3795,0.0
3796,0.0
3797,0.0009715781273301951
3798,0.1028808706909408
3799,0.24906506306856757
3800,0.4319415624742548
3801,0.46077407456763836
3802,0.7279864478487932
3803,0.7932610208082981
3804,0.7683473204348135
3805,0.81440615051271
3806,0.7671085173314577
3807,0.5584494283371776
3808,0.5369107896062834
3809,0.2585147992394477
3810,0.19941476588885174
3811,0.056477944847122874
3812,0.0
3813,0.0
3814,0.0
3815,0.0
3816,0.0
3817,0.0
3818,0.0
3819,0.0
3820,0.0
3821,0.0015406213293048115
3822,0.10370264547943057
3823,0.2538167644974154
3824,0.4182297181582909
3825,0.5911253457294551
3826,0.7129911657095193
3827,0.7808329060458399
3828,0.8120870704943848
3829,0.809957381719159
3830,0.7529562771119459
3831,0.5522441520348415
3832,0.536265774143416
3833,0.3655507130936214
3834,0.1921650838164191
3835,0.0606282619811841
3836,0.0
3837,0.0
3838,0.0
3839,0.0
3840,0.0
3841,0.0
3842,0.0
3843,0.0
3844,0.0
3845,0.0023918799467230654
3846,0.09696740626883849
3847,0.24083525505737635
3848,0.39304546720124084
3849,0.5148219944029813
3850,0.40151649524211386
3851,0.31812550629775477
3852,0.7383439783736905
3853,0.5145484331637953
3854,0.6860372793848741
3855,0.3806212266157827
3856,0.5402757165418722
3857,0.31254030252654685
3858,0.08419462978387927
3859,0.026883176759792394
3860,0.0
3861,0.0
3862,0.0
3863,0.0
3864,0.0
3865,0.0
3866,0.0
3867,0.0
3868,0.0
3869,0.0003639808195564721
3870,0.03710535264229374
3871,0.062360083280802454
3872,0.19344580271430442
3873,0.4734538357969754
3874,0.22187621724424192
3875,0.2707846445360918
3876,0.35798889138091305
3877,0.3346110688037499
3878,0.2840523704712096
3879,0.5905053490481778
3880,0.556641051199583
3881,0.2749835989283933
3882,0.2165631569034684
3883,0.06463410265308776
3884,0.0
3885,0.0
3886,0.0
3887,0.0
3888,0.0
3889,0.0
3890,0.0
3891,0.0
3892,0.0
3893,8.180971209497054e-05
3894,0.021106098538058306
3895,0.15850819446781528
3896,0.19611365201628742
3897,0.2436427789424944
3898,0.2682595679919231
3899,0.25105923149864606
3900,0.25725900576948973
3901,0.4992672904402816
3902,0.7385442219800733
3903,0.6041306778572814
3904,0.4623125429280983
3905,0.2588778749719064
3906,0.10455766000642741
3907,0.07414522469176371
3908,0.0
3909,0.0
3910,0.0
3911,0.0
3912,0.0
3913,0.0
3914,0.0
3915,0.0
3916,0.0
3917,0.000912049588998831
3918,0.046198927086355174
3919,0.1653135831212844
3920,0.08389403099014861
3921,0.19037589085649886
3922,0.1801574164467216
3923,0.13543365460218387
3924,0.1918524540694145
3925,0.7085562832732875
3926,0.6994938014334923
3927,0.7110415328111285
3928,0.31444191663471255
3929,0.1744920568869214
3930,0.09561658460490748
3931,0.02458640826684024
3932,0.0
3933,0.0
3934,0.0
3935,0.0
3936,0.0
3937,0.0
3938,0.0
3939,0.0
3940,0.0
3941,0.0010641777841154543
3942,0.10333371763924458
3943,0.20057203623709124
3944,0.2283907567271233
3945,0.38978293172976636
3946,0.2984831838546708
3947,0.2131156003072269
3948,0.487485970694885
3949,0.658998091150983
3950,0.794593119228264
3951,0.6653291615137389
3952,0.29692908459032097
3953,0.12987885495198007
3954,0.049002650310482614
3955,0.05150314566835505
3956,0.0
3957,0.0
3958,0.0
3959,0.0
3960,0.0
3961,0.0
3962,0.0
3963,0.0
3964,0.0
3965,0.0015711088851448885
3966,0.1048488417494383
3967,0.2503668682250038
3968,0.33850023490115366
3969,0.2910771402319045
3970,0.5264892768148477
3971,0.738198054929762
3972,0.7654833467568121
3973,0.49835195777800545
3974,0.6104613047901398
3975,0.6708984659892769
3976,0.11655436998997148
3977,0.40430841156175773
3978,0.22693528560736245
3979,0.03991655582864095
3980,0.0
3981,0.0
3982,0.0
3983,0.0
3984,0.0
3985,0.0
3986,0.0
3987,0.0
3988,0.0
3989,0.001091813385561596
3990,0.1019821549806163
3991,0.26668860088765334
3992,0.44328064841587006
3993,0.6067137386951632
3994,0.7406852298868951
3995,0.8093804560839866
3996,0.2422185521267015
3997,0.7684914351515282
3998,0.8028342638748632
3999,0.6941009353803613
4000,0.5490675602790435
4001,0.39806785924414806
4002,0.18200661830791354
4003,0.051866574977811004
4004,0.0
4005,0.0
4006,0.0
4007,0.0
4008,0.0
4009,0.0
4010,0.0
4011,0.0
4012,0.0
4013,0.0026364079634408387
4014,0.0884156564827934
4015,0.26282566133485
4016,0.4352299802486989
4017,0.6051948162578205
4018,0.5636603130941815
4019,0.3610712542834745
4020,0.536169503178809
4021,0.8150866403673841
4022,0.7093922069762726
4023,0.4984113773842817
4024,0.5581061202427848
4025,0.18664912512448129
4026,0.2059561737227644
4027,0.06740835179207526
4028,0.0
4029,0.0
4030,0.0
4031,0.0
4032,0.0
4033,0.0
4034,0.0
4035,0.0
4036,0.0
4037,0.001051348190257565
4038,0.10254844996745459
4039,0.2437805281063373
4040,0.42947757423308214
4041,0.6090013701983836
4042,0.7340488347012367
4043,0.8085805318871606
4044,0.8272847550434901
4045,0.8216575712971095
4046,0.7862511526260036
4047,0.6796968736558531
4048,0.5756937752477898
4049,0.3984702251993743
4050,0.23407864952724539
4051,0.06763769256818494
4052,0.0
4053,0.0
4054,0.0
4055,0.0
4056,0.0
4057,0.0
4058,0.0
4059,0.0
4060,0.0
4061,0.0003636638605333622
4062,0.02897022391576139
4063,0.16245433547245472
4064,0.15623659645615495
4065,0.13936008048019258
4066,0.13010289790773438
4067,0.24736990058535083
4068,0.3328887170662865
4069,0.40695026186869293
4070,0.320307268912927
4071,0.15560540316996369
4072,0.1996035853407677
4073,0.0615188238325366
4074,0.08077903514788738
4075,0.02424989923639038
4076,0.0
4077,0.0
4078,0.0
4079,0.0
4080,0.0
4081,0.0
4082,0.0
4083,0.0
4084,0.0
4085,0.0009332151398169476
4086,0.09557763862377097
4087,0.20619623266626697
4088,0.3614541501654344
4089,0.4766916617208674
4090,0.5617606827513472
4091,0.7380401705478062
4092,0.794007441687218
4093,0.7773568824170944
4094,0.560006596603187
4095,0.6516089153681367
4096,0.4392197640906268
4097,0.2866262126349048
4098,0.14179666358677376
4099,0.06565603352890148
4100,0.0
4101,0.0
4102,0.0
4103,0.0
4104,0.0
4105,0.0
4106,0.0
4107,0.0
4108,0.0
4109,0.0008901188298771864
4110,0.06156309388974606
4111,0.164513968158466
4112,0.2726435143359719
4113,0.47051467741291797
4114,0.5205642715462004
4115,0.6222046120910264
4116,0.7138257474536038
4117,0.48456863956407575
4118,0.7544567622009154
4119,0.6225308831419855
4120,0.5216259010670556
4121,0.34170987968813343
4122,0.15909141564061266
4123,0.06332665543466516
4124,0.0008795926209530895
4125,0.0
4126,0.0
4127,0.0
4128,0.0
4129,0.0
4130,0.0
4131,0.0
4132,0.0
4133,0.0009388205604907229
4134,0.09863240384981169
4135,0.22797437021868797
4136,0.3805477456140699
4137,0.567586476415014
4138,0.24823659598938663
4139,0.30271040690294326
4140,0.8174844875385697
4141,0.8139139433263918
4142,0.7675296006960449
4143,0.6817872372006878
4144,0.5468563037410781
4145,0.36220620143713295
4146,0.19691457976498683
4147,0.06650565979918227
4148,0.0006103775782239513
4149,0.0
4150,0.0
4151,0.0
4152,0.0
4153,0.0
4154,0.0
4155,0.0
4156,0.0
4157,0.0009472124713025006
4158,0.09891528878605466
4159,0.22690583252679658
4160,0.41369833137329537
4161,0.5802524913175259
4162,0.7121016219965501
4163,0.7829006313274821
4164,0.8134681212412024
4165,0.8111208600859647
4166,0.7707654136815861
4167,0.6712114341433086
4168,0.5538187074205193
4169,0.3755217827935663
4170,0.19685441332940937
4171,0.06829429555442858
4172,0.0006125010823190265
4173,0.0
4174,0.0
4175,0.0
4176,0.0
4177,0.0
4178,0.0
4179,0.0
4180,0.0
4181,0.0009027531978880602
4182,0.09545297064190679
4183,0.22702607204428885
4184,0.4069289422259854
4185,0.5808092934037936
4186,0.7028758295931578
4187,0.788235151341457
4188,0.8215350446148825
4189,0.8194925831681947
4190,0.7753657654848638
4191,0.6844216775606502
4192,0.569604520044315
4193,0.3902387893336906
4194,0.22314663223161235
4195,0.07240128491981271
4196,0.0006131388628730383
4197,0.0
4198,0.0
4199,0.0
4200,0.0
4201,0.0
4202,0.0
4203,0.0
4204,0.0
4205,0.0012956805143600105
4206,0.09554382709408019
4207,0.22693750275685037
4208,0.4058647338101994
4209,0.5727458416194433
4210,0.7046430144271083
4211,0.7733315891757363
4212,0.7903834525031734
4213,0.7796250263432367
4214,0.7448671238973473
4215,0.6281440638389686
4216,0.3807231338077722
4217,0.24097063537202953
4218,0.08783408066830022
4219,0.0203952045623802
4220,0.00036049123630822673
4221,0.0
4222,0.0
4223,0.0
4224,0.0
4225,0.0
4226,0.0
4227,0.0
4228,0.0
4229,0.0008888339334028974
4230,0.05452801088316999
4231,0.07618653672148006
4232,0.06401312575835265
4233,0.14514847433276054
4234,0.288534699906483
4235,0.49262202665667165
4236,0.48331616014914186
4237,0.48696777034812283
4238,0.6512650238133524
4239,0.6034213300516409
4240,0.5529500457549639
4241,0.3854769940400688
4242,0.2261543705500935
4243,0.073363877873805
4244,0.0006156437166800357
4245,0.0
4246,0.0
4247,0.0
4248,0.0
4249,0.0
4250,0.0
4251,0.0
4252,0.0
4253,0.0004961220888535494
4254,0.09436826526256535
4255,0.25906297778112813
4256,0.4273863413322641
4257,0.4848385191681909
4258,0.34710685913702477
4259,0.47052477711229584
4260,0.40930548725827526
4261,0.3521011692312863
4262,0.7422037439019638
4263,0.6291959845789085
4264,0.5215952460580833
4265,0.2920276672249994
4266,0.17516868423380333
4267,0.05023641815065928
4268,0.0006222578820247757
4269,0.0
4270,0.0
4271,0.0
4272,0.0
4273,0.0
4274,0.0
4275,0.0
4276,0.0
4277,0.0007229678132908076
4278,0.09055557915328695
4279,0.21089182854386257
4280,0.37246775272761895
4281,0.5708805479206522
4282,0.6730332892159484
4283,0.7446693891706485
4284,0.7786468549967899
4285,0.7716770705433954
4286,0.7424621585093848
4287,0.6310293921673011
4288,0.47919246047814346
4289,0.32299953019769273
4290,0.1645040901740369
4291,0.06530895044577542
4292,0.0006148101268186169
4293,0.0
4294,0.0
4295,0.0
4296,0.0
4297,0.0
4298,0.0
4299,0.0
4300,0.0
4301,0.00048115632981008836
4302,0.09593336858989993
4303,0.21333922900610322
4304,0.39381254257802206
4305,0.5608246372451708
4306,0.6899462889701947
4307,0.7866687935742807
4308,0.8150553668903966
4309,0.7873867415860928
4310,0.7630892337321326
4311,0.6669435964171797
4312,0.5168200545138714
4313,0.36117143443270494
4314,0.1814076962159793
4315,0.0678820807877929
4316,0.0006133579522500684
4317,0.0
4318,0.0
4319,0.0
4320,0.0
4321,0.0
4322,0.0
4323,0.0
4324,0.0
4325,0.0007073131042169951
4326,0.09443254509390328
4327,0.21623709589825013
4328,0.4000579609552974
4329,0.5675585286622583
4330,0.6989732964181834
4331,0.7904327549062602
4332,0.8032104791353397
4333,0.6365944957280197
4334,0.6819349693718303
4335,0.6493800383263462
4336,0.5436434790949644
4337,0.37952216811080897
4338,0.21814504638626805
4339,0.06780404879502594
4340,0.000608678366525617
4341,0.0
4342,0.0
4343,0.0
4344,0.0
4345,0.0
4346,0.0
4347,0.0
4348,0.0
4349,0.00018470103839612808
4350,0.07961377139228352
4351,0.23930409162101868
4352,0.4018720910123529
4353,0.5695469616766878
4354,0.7059594177625415
4355,0.7902050303154351
4356,0.8242273642456872
4357,0.8226870871580134
4358,0.7901590536365802
4359,0.7017929271064263
4360,0.5706029666393685
4361,0.3965358731286383
4362,0.21468121707970605
4363,0.0678972157503499
4364,0.0008560439261656547
4365,0.0
4366,0.0
4367,0.0
4368,0.0
4369,0.0
4370,0.0
4371,0.0
4372,0.0
4373,0.000366722418251948
4374,0.07197968811008078
4375,0.15834615584787182
4376,0.26617811388726753
4377,0.2864725758445998
4378,0.4180360676543328
4379,0.25762392523678573
4380,0.13023690125586349
4381,0.13358210723021782
4382,0.6064269095666733
4383,0.34176732136368226
4384,0.13739224361758512
4385,0.06673965950651853
4386,0.03443808154955878
4387,0.012840840640396792
4388,0.0008644081226088336
4389,0.0
4390,0.0
4391,0.0
4392,0.0
4393,0.0
4394,0.0
4395,0.0
4396,0.0
4397,0.0003580979984741344
4398,0.05565260803294264
4399,0.06386935528326886
4400,0.09686650262872246
4401,0.17174317077115495
4402,0.16747935308712394
4403,0.4823618406635018
4404,0.5600883102310247
4405,0.5000790005370169
4406,0.5085960402643683
4407,0.6002903415600471
4408,0.3979442356563848
4409,0.2739557867718327
4410,0.2104986695936152
4411,0.06822254743007869
4412,0.0
4413,0.0
4414,0.0
4415,0.0
4416,0.0
4417,0.0
4418,0.0
4419,0.0
4420,0.0
4421,8.098658367837236e-05
4422,0.05649389665422807
4423,0.15911320788623737
4424,0.380772844633133
4425,0.5175995575969927
4426,0.7066817417272903
4427,0.7400291870226273
4428,0.7895196393934719
4429,0.812783722201905
4430,0.602735297323247
4431,0.3389250815852666
4432,0.11537003874877154
4433,0.07163404617412185
4434,0.04795277168191327
4435,0.02073340854526754
4436,0.0
4437,0.0
4438,0.0
4439,0.0
4440,0.0
4441,0.0
4442,0.0
4443,0.0
4444,0.0
4445,0.00039460205200685875
4446,0.08385864995200455
4447,0.23423265389759712
4448,0.40901083976053854
4449,0.5767628847308649
4450,0.6961716363100003
4451,0.7901531023405863
4452,0.8097831604462398
4453,0.8101681276125898
4454,0.5265187415646214
4455,0.32538144890018883
4456,0.36060226882074015
4457,0.12025653703188098
4458,0.10370238875685829
4459,0.012655373168430314
4460,0.0
4461,0.0
4462,0.0
4463,0.0
4464,0.0
4465,0.0
4466,0.0
4467,0.0
4468,0.0
4469,0.0
4470,0.08289518180742493
4471,0.17818550119597712
4472,0.3341251571550565
4473,0.5566415179678962
4474,0.6779075756730624
4475,0.6956131480232012
4476,0.5721931879365596
4477,0.8041923262822535
4478,0.758254505889566
4479,0.6566393941720708
4480,0.26075575974594734
4481,0.26275903599273803
4482,0.13912807912469738
4483,0.031616868516733995
4484,0.0
4485,0.0
4486,0.0
4487,0.0
4488,0.0
4489,0.0
4490,0.0
4491,0.0
4492,0.0
4493,0.0
4494,0.08404480882453504
4495,0.2361965057257302
4496,0.41115648617747325
4497,0.5753614128703428
4498,0.685965338718595
4499,0.7684549105310167
4500,0.8181474152354578
4501,0.6721365105941238
4502,0.28058604395417175
4503,0.28071823857508704
4504,0.24783396164238036
4505,0.13833942738263638
4506,0.11430620958224001
4507,0.024531705937829728
4508,0.0
4509,0.0
4510,0.0
4511,0.0
4512,0.0
4513,0.0
4514,0.0
4515,0.0
4516,0.0
4517,8.500992816202276e-05
4518,0.07447567331912647
4519,0.11111967566136988
4520,0.10318477770509159
4521,0.08604896026191304
4522,0.17213569374957555
4523,0.3828028200274413
4524,0.6835298000061146
4525,0.788187891049741
4526,0.5446099520605604
4527,0.163228459050766
4528,0.10691895921868586
4529,0.1637091603981627
4530,0.18285368610437733
4531,0.0601503845820825
4532,0.0
4533,0.0
4534,0.0
4535,0.0
4536,0.0
4537,0.0
4538,0.0
4539,0.0
4540,0.0
4541,0.0
4542,0.0233207088063544
4543,0.036832086634066015
4544,0.0760337226103271
4545,0.0842194735273518
4546,0.11732230888813222
4547,0.37831116689511085
4548,0.42975119381830723
4549,0.4553061988465688
4550,0.7208846846548282
4551,0.6907012283708315
4552,0.48757112673903286
4553,0.24294801764664287
4554,0.08420799102684595
4555,0.038900757121542506
4556,0.0
4557,0.0
4558,0.0
4559,0.0
4560,0.0
4561,0.0
4562,0.0
4563,0.0
4564,0.0
4565,0.0
4566,0.023534551707543518
4567,0.05655097308357184
4568,0.16438980195253852
4569,0.211151526764145
4570,0.24057291376152018
4571,0.7209103569120568
4572,0.7879401537674854
4573,0.6505047165771134
4574,0.7537203184946909
4575,0.6530701335727545
4576,0.5320741946904638
4577,0.36442901049085125
4578,0.2218750153158353
4579,0.06395336774504928
4580,0.0
4581,0.0
4582,0.0
4583,0.0
4584,0.0
4585,0.0
4586,0.0
4587,0.0
4588,0.0
4589,0.0
4590,0.06914390140359566
4591,0.22544894943288818
4592,0.3378210870053802
4593,0.5673336046813128
4594,0.5644544026870918
4595,0.6091979613427151
4596,0.7759894262974
4597,0.8124428646411567
4598,0.5530509027182486
4599,0.6548344594507864
4600,0.57046435978875
4601,0.3982474250142539
4602,0.22251241078598885
4603,0.06366111243491791
4604,0.0
4605,0.0
4606,0.0
4607,0.0
4608,0.0
4609,0.0
4610,0.0
4611,0.0
4612,0.0
4613,0.0
4614,0.058171806213666466
4615,0.14368959580431298
4616,0.15778152955775335
4617,0.18753094965647019
4618,0.3655527552049918
4619,0.664365576677081
4620,0.7652593563124931
4621,0.6369302188373223
4622,0.7696317501407889
4623,0.6924730808879147
4624,0.5696436118905494
4625,0.33235158342981824
4626,0.18151616150276992
4627,0.03494917476529139
4628,0.0
4629,0.0
4630,0.0
4631,0.0
4632,0.0
4633,0.0
4634,0.0
4635,0.0
4636,0.0
4637,0.0
4638,0.0737283889188269
4639,0.21776740164783218
4640,0.3960731598651133
4641,0.5679110554308378
4642,0.6882757835231252
4643,0.7757687032312737
4644,0.8021769373977341
4645,0.8058119539831792
4646,0.7783649852816281
4647,0.686372827456059
4648,0.5512992145922978
4649,0.3882681518612036
4650,0.21994509170947127
4651,0.061935271604313044
4652,0.0
4653,0.0
4654,0.0
4655,0.0
4656,0.0
4657,0.0
4658,0.0
4659,0.0
4660,0.0
4661,0.0
4662,0.0718466153812762
4663,0.22285329751975655
4664,0.39040341268316864
4665,0.5576433778062403
4666,0.6958369050833636
4667,0.7845174000724892
4668,0.8115090362844682
4669,0.8076004934674609
4670,0.625034978450474
4671,0.6785716702907336
4672,0.5346444193997313
4673,0.37498089167217646
4674,0.21526160263500052
4675,0.06032766318745346
4676,0.0
4677,0.0
4678,0.0
4679,0.0
4680,0.0
4681,0.0
4682,0.0
4683,0.0
4684,0.0
4685,0.0
4686,0.0734972102424838
4687,0.2246368017408591
4688,0.3871772559671078
4689,0.5679422413887665
4690,0.6897592899147004
4691,0.7855809316742209
4692,0.7822094058016034
4693,0.7763724680444578
4694,0.6454091819395203
4695,0.6477938429058568
4696,0.5328595557159164
4697,0.39706262700474076
4698,0.21648079563459602
4699,0.059275377784768934
4700,0.0
4701,0.0
4702,0.0
4703,0.0
4704,0.0
4705,0.0
4706,0.0
4707,0.0
4708,0.0
4709,0.0
4710,0.0679198365097306
4711,0.2189933627879698
4712,0.38671809597736734
4713,0.5242215996570186
4714,0.6639668981915297
4715,0.7378066696991049
4716,0.8070523324295922
4717,0.8093859406116674
4718,0.7849870856876934
4719,0.6935041720918759
4720,0.5599641498597011
4721,0.37681756663876176
4722,0.212183598181564
4723,0.060260536069404715
4724,0.0
4725,0.0
4726,0.0
4727,0.0
4728,0.0
4729,0.0
4730,0.0
4731,0.0
4732,0.0
4733,0.0
4734,0.03411339751086462
4735,0.09134362409654076
4736,0.2552243160152176
4737,0.556999470918117
4738,0.6990790194411337
4739,0.777624107276428
4740,0.8085269702232155
4741,0.8186659948314746
4742,0.7804715106793091
4743,0.6935640351280498
4744,0.557192362923566
4745,0.39029302781168984
4746,0.21522437202741515
4747,0.05824302630636199
4748,0.0
4749,0.0
4750,0.0
4751,0.0
4752,0.0
4753,0.0
4754,0.0
4755,0.0
4756,0.0
4757,0.0
4758,0.06992371663802655
4759,0.21828601041686843
4760,0.4017306018674
4761,0.5741026787600113
4762,0.4783729028391416
4763,0.7790706806252174
4764,0.8225741292262079
4765,0.7480137257890194
4766,0.7886144005959698
4767,0.5757611649230148
4768,0.22305123645759262
4769,0.21005595151770884
4770,0.044102528227230285
4771,0.012074722138657729
4772,0.0
4773,0.0
4774,0.0
4775,0.0
4776,0.0
4777,0.0
4778,0.0
4779,0.0
4780,0.0
4781,0.0
4782,0.053495423686764854
4783,0.16567513018751717
4784,0.18052261014040158
4785,0.2765984072464847
4786,0.34539334682449346
4787,0.4620643388775296
4788,0.7754143093894413
4789,0.6496915478293989
4790,0.40868494795883387
4791,0.5752062124061884
4792,0.36890366158737176
4793,0.24852219985105425
4794,0.18105002332674647
4795,0.04233087408668028
4796,0.0
4797,0.0
4798,0.0
4799,0.0
4800,0.0
4801,0.0
4802,0.0
4803,0.0
4804,0.0
4805,0.0
4806,0.06695243000750797
4807,0.10715185326858014
4808,0.3062882618738274
4809,0.4892399401509669
4810,0.3385586684593682
4811,0.3363255905027585
4812,0.5709977942863358
4813,0.4835814245815597
4814,0.26445400593402557
4815,0.2969292654630423
4816,0.3018103317299064
4817,0.12253749374822191
4818,0.1647416752454793
4819,0.05144691175581669
4820,0.0
4821,0.0
4822,0.0
4823,0.0
4824,0.0
4825,0.0
4826,0.0
4827,0.0
4828,0.0
4829,0.0
4830,0.06427220551062003
4831,0.21748293553392814
4832,0.3885038465209774
4833,0.5616212357177648
4834,0.6997241515960791
4835,0.7879468052159493
4836,0.2675039284388164
4837,0.6118638268793668
4838,0.41144559080149024
4839,0.265779849658594
4840,0.4629033549205899
4841,0.1829558033421078
4842,0.07593853688204834
4843,0.04027223328333467
4844,0.0
4845,0.0
4846,0.0
4847,0.0
4848,0.0
4849,0.0
4850,0.0
4851,0.0
4852,0.0
4853,0.0
4854,0.057008485381166506
4855,0.21981429155889182
4856,0.235949165196541
4857,0.33194721037084507
4858,0.2570887870348566
4859,0.42299346804422444
4860,0.5763525603758979
4861,0.6255902577051196
4862,0.5396007987339376
4863,0.4667616034518451
4864,0.5198277344863133
4865,0.3878030172370537
4866,0.20163036337213036
4867,0.052197644407030376
4868,0.0
4869,0.0
4870,0.0
4871,0.0
4872,0.0
4873,0.0
4874,0.0
4875,0.0
4876,0.0
4877,0.0
4878,0.066466629216289
4879,0.18820299100467447
4880,0.38849269075829074
4881,0.554252621079117
4882,0.6876868969499259
4883,0.778007674137838
4884,0.8011090881891046
4885,0.7690217423014151
4886,0.5664524044519429
4887,0.60731662831776
4888,0.5417108482323834
4889,0.37563419227260386
4890,0.19961748336729465
4891,0.05320352428747233
4892,0.0
4893,0.0
4894,0.0
4895,0.0
4896,0.0
4897,0.0
4898,0.0
4899,0.0
4900,0.0
4901,0.0
4902,0.0665480242747529
4903,0.20675473262227406
4904,0.3741874438856968
4905,0.551255653439464
4906,0.6821866741847483
4907,0.7754903926245006
4908,0.8219726399085509
4909,0.8128358835609102
4910,0.7772428742565839
4911,0.6881705272684882
4912,0.5283783465245948
4913,0.35395008519688637
4914,0.1946460624241939
4915,0.04856756681379981
4916,0.0
4917,0.0
4918,0.0
4919,0.0
4920,0.0
4921,0.0
4922,0.0
4923,0.0
4924,0.0
4925,0.0
4926,0.0381913976466942
4927,0.20722593523449626
4928,0.2845820591530816
4929,0.42229632039537146
4930,0.3345794919273587
4931,0.4439131194803188
4932,0.4761156054416783
4933,0.5509403164362426
4934,0.3617465746790793
4935,0.37745237154477673
4936,0.46468874371875724
4937,0.2043530637855237
4938,0.1968121007818136
4939,0.03527457237604442
4940,0.0
4941,0.0
4942,0.0
4943,0.0
4944,0.0
4945,0.0
4946,0.0
4947,0.0
4948,0.0
4949,0.0
4950,0.05963447140005522
4951,0.17509792215751518
4952,0.20714062165604263
4953,0.2459950345186837
4954,0.6383707825440789
4955,0.7473683602499172
4956,0.5488809929842389
4957,0.4167213563540354
4958,0.7155535487111244
4959,0.6493677856581235
4960,0.5283061374665357
4961,0.299911535735432
4962,0.033006759855404515
4963,0.008276902600156228
4964,0.0
4965,0.0
4966,0.0
4967,0.0
4968,0.0
4969,0.0
4970,0.0
4971,0.0
4972,0.0
4973,0.0
4974,0.028771765114716484
4975,0.18842860346888207
4976,0.33509244696520074
4977,0.42821476756921767
4978,0.6119974976550727
4979,0.7228264408379332
4980,0.7489784775464604
4981,0.785464064557792
4982,0.737619087183219
4983,0.2870073172934626
4984,0.31722464345318935
4985,0.35147920045388553
4986,0.10956013271156682
4987,0.05058877571572503
4988,0.0
4989,0.0
4990,0.0
4991,0.0
4992,0.0
4993,0.0
4994,0.0
4995,0.0
4996,0.0
4997,0.0
4998,0.040419560532965394
4999,0.09414740216594501
5000,0.12885617141226122
5001,0.2018240022068806
5002,0.24810842141056916
5003,0.7029432192683828
5004,0.4534996654438115
5005,0.4125186328076044
5006,0.2931121042125607
5007,0.24840930026528782
5008,0.28893060695517464
5009,0.34248742234433915
5010,0.04266743737894655
5011,0.048894225865919405
5012,0.0
5013,0.0
5014,0.0
5015,0.0
5016,0.0
5017,0.0
5018,0.0
5019,0.0
5020,0.0
5021,0.0
5022,0.029771827895054614
5023,0.08723794751703763
5024,0.10297702496346955
5025,0.20668289697886544
5026,0.5755952871336948
5027,0.6511931414931125
5028,0.37571838560710574
5029,0.4747862259471371
5030,0.4449312578635874
5031,0.6554948782679909
5032,0.5204860178384846
5033,0.35352795160359424
5034,0.14314854131401347
5035,0.040009994093047
5036,0.0
5037,0.0
5038,0.0
5039,0.0
5040,0.0
5041,0.0
5042,0.0
5043,0.0
5044,0.0
5045,0.0
5046,0.030594470289146636
5047,0.08720302157799897
5048,0.14807437066211784
5049,0.13469418273652725
5050,0.2774533575928385
5051,0.16144737619028837
5052,0.21910438363127543
5053,0.3178912761235639
5054,0.24960505566095445
5055,0.10263199566092177
5056,0.48229372749739136
5057,0.19841783045621236
5058,0.037588266471495276
5059,0.020597122700086654
5060,0.0
5061,0.0
5062,0.0
5063,0.0
5064,0.0
5065,0.0
5066,0.0
5067,0.0
5068,0.0
5069,0.0
5070,0.009301391658056737
5071,0.05315384263513118
5072,0.0981099617460029
5073,0.09346674310775743
5074,0.10826120984946488
5075,0.11690327346951923
5076,0.13231833202210336
5077,0.18096636677580488
5078,0.31581569746505134
5079,0.44692245648027284
5080,0.4034456836883846
5081,0.2561536984037224
5082,0.10245186393423607
5083,0.043144888851962326
5084,0.0
5085,0.0
5086,0.0
5087,0.0
5088,0.0
5089,0.0
5090,0.0
5091,0.0
5092,0.0
5093,0.0
5094,0.04360748775725061
5095,0.1335844877486154
5096,0.22533491209935816
5097,0.36201797711481637
5098,0.3423365978331214
5099,0.5116383136034257
5100,0.4521682671763155
5101,0.5232796962085111
5102,0.5846892758346343
5103,0.544714280613175
5104,0.40550503047880393
5105,0.2825809358751357
5106,0.16242950339819004
5107,0.013657084807834986
5108,0.0
5109,0.0
5110,0.0
5111,0.0
5112,0.0
5113,0.0
5114,0.0
5115,0.0
5116,0.0
5117,0.0
5118,0.009319428460871162
5119,0.0319424621701786
5120,0.059695361326518204
5121,0.08128698409556988
5122,0.11955611033562744
5123,0.2982465556582705
5124,0.39021539257198906
5125,0.5537871713863556
5126,0.6008539642982921
5127,0.476975334328639
5128,0.3389148943668299
5129,0.334489347296863
5130,0.07343950309245677
5131,0.03479070867332543
5132,0.0
5133,0.0
5134,0.0
5135,0.0
5136,0.0
5137,0.0
5138,0.0
5139,0.0
5140,0.0
5141,0.0
5142,0.04431264981804204
5143,0.1789963127637095
5144,0.1739208083213588
5145,0.2239738507055553
5146,0.548514066413196
5147,0.5556288932853278
5148,0.7177653887094813
5149,0.6913395923852351
5150,0.622037859111119
5151,0.6580216118396716
5152,0.5293378471385118
5153,0.34637744612851856
5154,0.18380001218265296
5155,0.03356878099487465
5156,0.0
5157,0.0
5158,0.0
5159,0.0
5160,0.0
5161,0.0
5162,0.0
5163,0.0
5164,0.0
5165,0.0
5166,0.04705802700301369
5167,0.17647687244692323
5168,0.36412345228379234
5169,0.5171257877590477
5170,0.6655148769563719
5171,0.7370927475639945
5172,0.8120482703783461
5173,0.8085536927091489
5174,0.7649253252383261
5175,0.6710291027709467
5176,0.5375869501848519
5177,0.3683454883691839
5178,0.18535107161836276
5179,0.0354039751389861
5180,0.0
5181,0.0
5182,0.0
5183,0.0
5184,0.0
5185,0.0
5186,0.0
5187,0.0
5188,0.0
5189,0.0
5190,0.03549192770879072
5191,0.17730123196494757
5192,0.362174542876287
5193,0.5111716561476538
5194,0.6528926449216425
5195,0.7343797150892892
5196,0.7785592775920169
5197,0.7949018281214373
5198,0.7444919588655756
5199,0.5221439205410965
5200,0.47540407549417346
5201,0.27478580585565515
5202,0.16646638416292453
5203,0.030659462525622665
5204,0.0
5205,0.0
5206,0.0
5207,0.0
5208,0.0
5209,0.0
5210,0.0
5211,0.0
5212,0.0
5213,0.0
5214,0.03813251482397817
5215,0.1758113775243122
5216,0.35144565148137097
5217,0.5116727377665277
5218,0.662263835654611
5219,0.7515546302133062
5220,0.8034069302491773
5221,0.8115896121645424
5222,0.7652171721261835
5223,0.6521208435156897
5224,0.41800053491648703
5225,0.18778140586415037
5226,0.1656352915119816
5227,0.028492893802507063
5228,0.0
5229,0.0
5230,0.0
5231,0.0
5232,0.0
5233,0.0
5234,0.0
5235,0.0
5236,0.0
5237,0.0
5238,0.025550444118380845
5239,0.15284560634487504
5240,0.3049696238850947
5241,0.483651760731762
5242,0.6459873911875543
5243,0.7518633974525185
5244,0.7222454309800197
5245,0.7865002902131988
5246,0.28796376057492784
5247,0.6471852937174618
5248,0.5189903171247259
5249,0.3473846971408807
5250,0.1584443872393945
5251,0.021662398264928828
5252,0.0
5253,0.0
5254,0.0
5255,0.0
5256,0.0
5257,0.0
5258,0.0
5259,0.0
5260,0.0
5261,0.0
5262,0.03956583195267156
5263,0.1562716274180641
5264,0.35750111849357064
5265,0.4996107502343761
5266,0.6407558519326892
5267,0.7463464877201424
5268,0.7900432950948952
5269,0.7941830049190379
5270,0.7498165600528942
5271,0.6472139416226874
5272,0.5039337483059227
5273,0.3383504664532447
5274,0.15416976386891182
5275,0.028763617090348373
5276,0.0
5277,0.0
5278,0.0
5279,0.0
5280,0.0
5281,0.0
5282,0.0
5283,0.0
5284,0.0
5285,0.0
5286,0.0
5287,0.14851856489281484
5288,0.17188947346433808
5289,0.35874937365526965
5290,0.5066898985035642
5291,0.734920407834146
5292,0.7830498221496035
5293,0.7804589079348513
5294,0.7227131911759318
5295,0.3517155019124665
5296,0.3862463449123771
5297,0.2759867015373715
5298,0.03142638678616247
5299,0.019795368188012412
5300,0.0
5301,0.0
5302,0.0
5303,0.0
5304,0.0
5305,0.0
5306,0.0
5307,0.0
5308,0.0
5309,0.0
5310,0.0
5311,0.17292945660466663
5312,0.3455051144971003
5313,0.5040313378910148
5314,0.641433949599758
5315,0.7503111010807787
5316,0.7946360619130827
5317,0.7196043975176327
5318,0.7005743117326183
5319,0.6595258310751472
5320,0.5170840119950121
5321,0.3351436164415405
5322,0.16337556108468557
5323,0.02261047589129993
5324,0.0
5325,0.0
5326,0.0
5327,0.0
5328,0.0
5329,0.0
5330,0.0
5331,0.0
5332,0.0
5333,0.0
5334,0.0
5335,0.16314750392143731
5336,0.3506033330524944
5337,0.5105688015326805
5338,0.6576774869007308
5339,0.6406942385153408
5340,0.7778542824008976
5341,0.7714311419883536
5342,0.6688708244365348
5343,0.48048033260042927
5344,0.5094127331128475
5345,0.27696252153844036
5346,0.14964394329605177
5347,0.018744352395139916
5348,0.0
5349,0.0
5350,0.0
5351,0.0
5352,0.0
5353,0.0
5354,0.0
5355,0.0
5356,0.0
5357,0.0
5358,0.0
5359,0.16456976447571067
5360,0.3309936143760907
5361,0.49412041128823153
5362,0.6509547395771219
5363,0.7496114737252616
5364,0.795510669040028
5365,0.7887232743050345
5366,0.7404058690514171
5367,0.6260200346295413
5368,0.5060816993914041
5369,0.32658279384640665
5370,0.13731971949091448
5371,0.01660016812994643
5372,0.0
5373,0.0
5374,0.0
5375,0.0
5376,0.0
5377,0.0
5378,0.0
5379,0.0
5380,0.0
5381,0.0
5382,0.0
5383,0.16363464083695295
5384,0.3527824700959045
5385,0.4992903954717873
5386,0.6515703486362547
5387,0.7580397924654726
5388,0.7877093368365852
5389,0.7962573816491437
5390,0.7646496985493542
5391,0.6622187341663436
5392,0.5205907839863928
5393,0.3271841081259462
5394,0.1497492287237084
5395,0.01775041828275471
5396,0.0
5397,0.0
5398,0.0
5399,0.0
5400,0.0
5401,0.0
5402,0.0
5403,0.0
5404,0.0
5405,0.0
5406,0.0
5407,0.1701187995372459
5408,0.33610210183437617
5409,0.49430148238614763
5410,0.6473142384639962
5411,0.7395949174531907
5412,0.7856993741337072
5413,0.7763299337819133
5414,0.727460516651843
5415,0.5290224284508357
5416,0.4002723243031558
5417,0.31604010800085236
5418,0.13685925254989695
5419,0.012415794412829967
5420,0.0
5421,0.0
5422,0.0
5423,0.0
5424,0.0
5425,0.0
5426,0.0
5427,0.0
5428,0.0
5429,0.0
5430,0.0
5431,0.033253648202790295
5432,0.07211715137833183
5433,0.0908864712105473
5434,0.15166009651368415
5435,0.39687174210303866
5436,0.16766762408627187
5437,0.19173252378592978
5438,0.15553309492363787
5439,0.1459249959332811
5440,0.131356573416471
5441,0.07702177777580697
5442,0.030617019866359566
5443,0.0022891587107952546
5444,0.0
5445,0.0
5446,0.0
5447,0.0
5448,0.0
5449,0.0
5450,0.0
5451,0.0
5452,0.0
5453,0.0
5454,0.0
5455,0.07823973967397634
5456,0.06579335968396051
5457,0.11516463735252748
5458,0.14586652153283913
5459,0.15393808925123598
5460,0.1625470123210498
5461,0.3435928230637692
5462,0.17264779693524596
5463,0.2746728012470182
5464,0.4673459740416139
5465,0.32801067312425075
5466,0.04004807363550203
5467,0.014698271043490904
5468,0.0
5469,0.0
5470,0.0
5471,0.0
5472,0.0
5473,0.0
5474,0.0
5475,0.0
5476,0.0
5477,0.0
5478,0.0
5479,0.1679806155787192
5480,0.3453929150638037
5481,0.5046825905454678
5482,0.6521804148216678
5483,0.7420178534212134
5484,0.7784733338763405
5485,0.7766547461818936
5486,0.6627520753102667
5487,0.5225024919593324
5488,0.385507596537606
5489,0.32376308147370897
5490,0.10919817138845604
5491,0.006793431216204515
5492,0.0
5493,0.0
5494,0.0
5495,0.0
5496,0.0
5497,0.0
5498,0.0
5499,0.0
5500,0.0
5501,0.0
5502,0.0
5503,0.15250428201581365
5504,0.30243479771778303
5505,0.4169486141765472
5506,0.5262221978206121
5507,0.5975261279397944
5508,0.6389942683184975
5509,0.6322011556716668
5510,0.5912710299546231
5511,0.5099563081520385
5512,0.41224989095125286
5513,0.2786924991032214
5514,0.12624368083222923
5515,0.010530783253566519
5516,0.0
5517,0.0
5518,0.0
5519,0.0
5520,0.0
5521,0.0
5522,0.0
5523,0.0
5524,0.0
5525,0.0
5526,0.0
5527,0.14724223945167794
5528,0.16906225779100498
5529,0.22842153426277798
5530,0.49185086705714953
5531,0.5357481514224415
5532,0.12123920685794677
5533,0.1190522047684584
5534,0.6380862872571551
5535,0.5483204684206731
5536,0.21615130388227544
5537,0.2960509416934028
5538,0.13024599740336787
5539,0.008351571527226246
5540,0.0
5541,0.0
5542,0.0
5543,0.0
5544,0.0
5545,0.0
5546,0.0
5547,0.0
5548,0.0
5549,0.0
5550,0.0
5551,0.16523512520243158
5552,0.3412799277255944
5553,0.4918631197253722
5554,0.6427323823551309
5555,0.7383120630902723
5556,0.7768958320156852
5557,0.7317525679842215
5558,0.7085030716855774
5559,0.6225397517399374
5560,0.48645280820653375
5561,0.29846996847680196
5562,0.1280233808915788
5563,0.007454905513257271
5564,0.0
5565,0.0
5566,0.0
5567,0.0
5568,0.0
5569,0.0
5570,0.0
5571,0.0
5572,0.0
5573,0.0
5574,0.0
5575,0.1516758091020288
5576,0.1956013971309152
5577,0.26472739213509394
5578,0.5128154157703743
5579,0.49034766304275523
5580,0.400093925453833
5581,0.2113493373406949
5582,0.1959354632127056
5583,0.16014904845778585
5584,0.07291447917641532
5585,0.04974614221823706
5586,0.02159139171873662
5587,0.0016330774548337476
5588,0.0
5589,0.0
5590,0.0
5591,0.0
5592,0.0
5593,0.0
5594,0.0
5595,0.0
5596,0.0
5597,0.0
5598,0.0
5599,0.02735502701304921
5600,0.048039444723079194
5601,0.09867200330658674
5602,0.1545149332019536
5603,0.3532556273004384
5604,0.3325841274034776
5605,0.11545854385556695
5606,0.10780930227239152
5607,0.26890289141965484
5608,0.10132893606464369
5609,0.20706495851246542
5610,0.08231524551663201
5611,0.006208638201112262
5612,0.0
5613,0.0
5614,0.0
5615,0.0
5616,0.0
5617,0.0
5618,0.0
5619,0.0
5620,0.0
5621,0.0
5622,0.0
5623,0.08866255941668898
5624,0.1653611526470081
5625,0.2233461290086938
5626,0.23841373106350128
5627,0.24431697909414743
5628,0.4070953392950538
5629,0.701591341541143
5630,0.6557670041946134
5631,0.5976948413466173
5632,0.4570392279091977
5633,0.2819998851749949
5634,0.09516579143718197
5635,0.004913475741233917
5636,0.0
5637,0.0
5638,0.0
5639,0.0
5640,0.0
5641,0.0
5642,0.0
5643,0.0
5644,0.0
5645,0.0
5646,0.0
5647,0.04256065479192519
5648,0.13861733540173932
5649,0.15875698197877558
5650,0.14087289408723572
5651,0.42026743023739144
5652,0.5026291016973796
5653,0.5872316461448088
5654,0.5110885130418568
5655,0.5001950158012743
5656,0.400237608409858
5657,0.27257867438265804
5658,0.093903638248956
5659,0.004107619269222861
5660,0.0
5661,0.0
5662,0.0
5663,0.0
5664,0.0
5665,0.0
5666,0.0
5667,0.0
5668,0.0
5669,0.0
5670,0.0
5671,0.01990314674192217
5672,0.12167202944561228
5673,0.18829822340978453
5674,0.13163715951877122
5675,0.16291050814499042
5676,0.1427889838477159
5677,0.11676974855891117
5678,0.10354291152803376
5679,0.090481485518163
5680,0.10908362060978145
5681,0.04427820231652447
5682,0.08020386572849347
5683,0.002450825666469302
5684,0.0
5685,0.0
5686,0.0
5687,0.0
5688,0.0
5689,0.0
5690,0.0
5691,0.0
5692,0.0
5693,0.0
5694,0.0
5695,0.13357788881158686
5696,0.30286594577412473
5697,0.5062204462725166
5698,0.6438570606058981
5699,0.7332302981179203
5700,0.7675765109115262
5701,0.7669181925517314
5702,0.7038411064649511
5703,0.5524402530724442
5704,0.4341674988756719
5705,0.2787157850074485
5706,0.10442679567520488
5707,0.0015913279465158195
5708,0.0
5709,0.0
5710,0.0
5711,0.0
5712,0.0
5713,0.0
5714,0.0
5715,0.0
5716,0.0
5717,0.0
5718,0.0016334475437601128
5719,0.052284918412399614
5720,0.1598627211052327
5721,0.40053149740908583
5722,0.5782865915434184
5723,0.348348258639123
5724,0.18608296433353305
5725,0.6261516049478375
5726,0.6400508567415699
5727,0.43589374812855075
5728,0.34524238228278176
5729,0.23482256152648176
5730,0.10038463459392674
5731,0.000859656187795829
5732,0.0
5733,0.0
5734,0.0
5735,0.0
5736,0.0
5737,0.0
5738,0.0
5739,0.0
5740,0.0
5741,0.0
5742,0.002282551021860861
5743,0.13602143843524325
5744,0.2976063712474453
5745,0.46107581694373645
5746,0.618452611697074
5747,0.707563292032895
5748,0.7477100930012527
5749,0.75117147177417
5750,0.6969345691180016
5751,0.5785284592141349
5752,0.4388755224596076
5753,0.27454575858136043
5754,0.09818509977522773
5755,0.0003596516601431905
5756,0.0
5757,0.0
5758,0.0
5759,0.0
5760,0.0
5761,0.0
5762,0.0
5763,0.0
5764,0.0
5765,0.0
5766,0.001598661985291664
5767,0.12849369664400587
5768,0.31143303473386386
5769,0.468130949983208
5770,0.6327785480751525
5771,0.7160098730833618
5772,0.7596595368584764
5773,0.7500757915048635
5774,0.6871190149508225
5775,0.5539762125532204
5776,0.2887903722500637
5777,0.2505652214197179
5778,0.09017170305786924
5779,0.0
5780,0.0
5781,0.0
5782,0.0
5783,0.0
5784,0.0
5785,0.0
5786,0.0
5787,0.0
5788,0.0
5789,0.0
5790,0.000887562689901771
5791,0.06954946472176758
5792,0.25791334492941415
5793,0.42455927152402895
5794,0.5757991190214856
5795,0.44305117344387035
5796,0.72961844491002
5797,0.7147022216538021
5798,0.6839187347031271
5799,0.43279122666946107
5800,0.4186920171649379
5801,0.06674643931626845
5802,0.08745832050692905
5803,0.0
5804,0.0
5805,0.0
5806,0.0
5807,0.0
5808,0.0
5809,0.0
5810,0.0
5811,0.0
5812,0.0
5813,0.0
5814,0.0003853627524954017
5815,0.13751687659182582
5816,0.28810922308514714
5817,0.3706902173063221
5818,0.2500003033994036
5819,0.3312580327909408
5820,0.16464637865972612
5821,0.14005987703922324
5822,0.31833974711893087
5823,0.24061141047815515
5824,0.2938996473798778
5825,0.23647944900801235
5826,0.08188503099691676
5827,0.0
5828,0.0
5829,0.0
5830,0.0
5831,0.0
5832,0.0
5833,0.0
5834,0.0
5835,0.0
5836,0.0
5837,0.0
5838,0.00015190366788874393
5839,0.11322133499938505
5840,0.28229259558423175
5841,0.4535528186854825
5842,0.5556019432498417
5843,0.691743638706389
5844,0.692737913559643
5845,0.7234577449815988
5846,0.6860978425735179
5847,0.5974221611326227
5848,0.4097490280133337
5849,0.22679747226287647
5850,0.05002715424662311
5851,0.0
5852,0.0
5853,0.0
5854,0.0
5855,0.0
5856,0.0
5857,0.0
5858,0.0
5859,0.0
5860,0.0
5861,0.0
5862,0.00036789969545701406
5863,0.07179387581302289
5864,0.2996069285688114
5865,0.46063795325828794
5866,0.5845999247102711
5867,0.6721666754963673
5868,0.737772245536003
5869,0.6952619048674833
5870,0.3163020817166619
5871,0.5528578590130978
5872,0.28030697484888956
5873,0.2190332481403367
5874,0.07376462764374656
5875,0.0
5876,0.0
5877,0.0
5878,0.0
5879,0.0
5880,0.0
5881,0.0
5882,0.0
5883,0.0
5884,0.0
5885,0.0
5886,8.14417352952228e-05
5887,0.04653692919194704
5888,0.10317589160332816
5889,0.15693677226444014
5890,0.1983610714293216
5891,0.23210913229871025
5892,0.7044608580928641
5893,0.7610097225505809
5894,0.6789765918024747
5895,0.5212110023826189
5896,0.2021721413533154
5897,0.20445194281808102
5898,0.06404197204011128
5899,0.0
5900,0.0
5901,0.0
5902,0.0
5903,0.0
5904,0.0
5905,0.0
5906,0.0
5907,0.0
5908,0.0
5909,0.0
5910,0.0
5911,0.11923039357204022
5912,0.29349825580350547
5913,0.39959309472292753
5914,0.3486655735730718
5915,0.30169823148487634
5916,0.18545086084913093
5917,0.2609750533341144
5918,0.1498049141834787
5919,0.4170961713095722
5920,0.4097912472072669
5921,0.2613698168004386
5922,0.07214550171875762
5923,0.0
5924,0.0
5925,0.0
5926,0.0
5927,0.0
5928,0.0
5929,0.0
5930,0.0
5931,0.0
5932,0.0
5933,0.0
5934,0.0
5935,0.12032885694741458
5936,0.3016503177175216
5937,0.491621100354954
5938,0.594404299776348
5939,0.6786813608443465
5940,0.6213715473439599
5941,0.7681352909285213
5942,0.7194258002917768
5943,0.5821669765619293
5944,0.43466929815082733
5945,0.26095023292905756
5946,0.06776182376648889
5947,0.0
5948,0.0
5949,0.0
5950,0.0
5951,0.0
5952,0.0
5953,0.0
5954,0.0
5955,0.0
5956,0.0
5957,0.0
5958,8.08066094859924e-05
5959,0.11406509457542871
5960,0.29661594723277573
5961,0.4803604314899641
5962,0.6392233348682232
5963,0.7340630711347907
5964,0.7749924091803059
5965,0.7511024484098489
5966,0.7054502902248679
5967,0.5860575196258572
5968,0.4349679365176423
5969,0.24309237158211824
5970,0.06251592555138757
5971,0.0
5972,0.0
5973,0.0
5974,0.0
5975,0.0
5976,0.0
5977,0.0
5978,0.0
5979,0.0
5980,0.0
5981,0.0
5982,0.0
5983,0.09812852745566228
5984,0.27785053075057975
5985,0.4457185559775401
5986,0.5940167070382361
5987,0.6903122936738191
5988,0.7141125765820936
5989,0.625654788424426
5990,0.6608484774367698
5991,0.4352836235970987
5992,0.2625974699757117
5993,0.19629186415828487
5994,0.054617032935872334
5995,0.0
5996,0.0
5997,0.0
5998,0.0
5999,0.0
6000,0.0
6001,0.0
6002,0.0
6003,0.0
6004,0.0
6005,0.0
6006,0.0
6007,0.09838820817213295
6008,0.2866429346097269
6009,0.44788662477732233
6010,0.605982254402267
6011,0.7017444415478877
6012,0.7069270868219403
6013,0.547419926479323
6014,0.18832115923777668
6015,0.4506341397611686
6016,0.3569916992257014
6017,0.06550415878897894
6018,0.024260685668649112
6019,0.0
6020,0.0
6021,0.0
6022,0.0
6023,0.0
6024,0.0
6025,0.0
6026,0.0
6027,0.0
6028,0.0
6029,0.0
6030,0.0
6031,0.1065325567397727
6032,0.2649849548903433
6033,0.3402968203042349
6034,0.5072698581327727
6035,0.6231048914752003
6036,0.5792299769813206
6037,0.36810714479923246
6038,0.271093085037485
6039,0.5014495489967865
6040,0.32455553154291905
6041,0.19030215313221374
6042,0.0491428616771779
6043,0.0
6044,0.0
6045,0.0
6046,0.0
6047,0.0
6048,0.0
6049,0.0
6050,0.0
6051,0.0
6052,0.0
6053,0.0
6054,0.0
6055,0.0414952071062675
6056,0.06892901877598878
6057,0.13697961459407143
6058,0.2739882621772268
6059,0.15617487801593594
6060,0.18104305680967125
6061,0.636450789433579
6062,0.659255047107425
6063,0.5528637636322603
6064,0.3969212487172623
6065,0.13886279718846775
6066,0.03767017905932649
6067,0.0
6068,0.0
6069,0.0
6070,0.0
6071,0.0
6072,0.0
6073,0.0
6074,0.0
6075,0.0
6076,0.0
6077,0.0
6078,0.0
6079,0.07714266493433386
6080,0.04256186605569807
6081,0.06990874212707722
6082,0.09165057093933154
6083,0.10690015429026595
6084,0.1095374652753548
6085,0.10734167627236958
6086,0.09857464710565138
6087,0.08047565908269291
6088,0.05627699291982484
6089,0.03360564577279446
6090,0.048324891050441084
6091,0.0
6092,0.0
6093,0.0
6094,0.0
6095,0.0
6096,0.0
6097,0.0
6098,0.0
6099,0.0
6100,0.0
6101,0.0
6102,0.0
6103,0.10418615910591464
6104,0.2869787277342763
6105,0.45751058222112173
6106,0.6007999592044494
6107,0.706451741640938
6108,0.7471925052879015
6109,0.723909810092978
6110,0.6610630741687847
6111,0.5629590870571916
6112,0.4051027928848639
6113,0.2114922092867757
6114,0.04024278603737274
6115,0.0
6116,0.0
6117,0.0
6118,0.0
6119,0.0
6120,0.0
6121,0.0
6122,0.0
6123,0.0
6124,0.0
6125,0.0
6126,0.0
6127,0.07342768510222576
6128,0.2727387934179133
6129,0.4557571903908275
6130,0.5949063674432836
6131,0.6978581869178379
6132,0.7291779906604329
6133,0.7370445537356519
6134,0.6694214943540872
6135,0.5486396504278749
6136,0.39109956844935606
6137,0.20659541292775524
6138,0.03774869707459961
6139,0.0
6140,0.0
6141,0.0
6142,0.0
6143,0.0
6144,0.0
6145,0.0
6146,0.0
6147,0.0
6148,0.0
6149,0.0
6150,0.0
6151,0.05405223744224034
6152,0.2879336540187235
6153,0.4464241579674667
6154,0.4888373524807919
6155,0.7027427422778434
6156,0.7247809748036131
6157,0.7104997898375669
6158,0.6654524466944752
6159,0.5447342291239623
6160,0.3695184479673524
6161,0.19138998002465002
6162,0.018213454783336653
6163,0.0
6164,0.0
6165,0.0
6166,0.0
6167,0.0
6168,0.0
6169,0.0
6170,0.0
6171,0.0
6172,0.0
6173,0.0
6174,0.0
6175,0.1002859364340908
6176,0.27157253194503994
6177,0.4528688864144982
6178,0.5972055864698803
6179,0.7123585196069532
6180,0.7410897429763621
6181,0.7108729711040075
6182,0.6326208970773536
6183,0.5451831143762073
6184,0.38930534022625657
6185,0.19553258381233485
6186,0.031390787533831954
6187,0.0
6188,0.0
6189,0.0
6190,0.0
6191,0.0
6192,0.0
6193,0.0
6194,0.0
6195,0.0
6196,0.0
6197,0.0
6198,0.0
6199,0.09340713095955197
6200,0.28052551577315155
6201,0.45014818727024797
6202,0.5917745854455573
6203,0.6843112868545674
6204,0.716731205165445
6205,0.7250892169284731
6206,0.6498105737492769
6207,0.5450145526690862
6208,0.3743312668722159
6209,0.19238171099059675
6210,0.02509647284190254
6211,0.0
6212,0.0
6213,0.0
6214,0.0
6215,0.0
6216,0.0
6217,0.0
6218,0.0
6219,0.0
6220,0.0
6221,0.0
6222,0.0
6223,0.09306400373788065
6224,0.26731663765312624
6225,0.43575640155237805
6226,0.5746401858111302
6227,0.6711956807127367
6228,0.708631783047955
6229,0.6993991641579814
6230,0.6378482354173993
6231,0.5242812059706202
6232,0.3680664776099408
6233,0.18479753107568395
6234,0.025274884527353908
6235,0.0
6236,0.0
6237,0.0
6238,0.0
6239,0.0
6240,0.0
6241,0.0
6242,0.0
6243,0.0
6244,0.0
6245,0.0
6246,0.0
6247,0.0588582940411657
6248,0.26743279294787764
6249,0.4191933905140076
6250,0.5432457341460393
6251,0.6438476085475547
6252,0.6819105223814239
6253,0.6489913953595294
6254,0.6082475393724907
6255,0.45208284857499137
6256,0.24381996419420268
6257,0.15165845698998384
6258,0.01245325432034916
6259,0.0
6260,0.0
6261,0.0
6262,0.0
6263,0.0
6264,0.0
6265,0.0
6266,0.0
6267,0.0
6268,0.0
6269,0.0
6270,0.0
6271,0.06784709650271507
6272,0.15733886399328229
6273,0.06316743201111095
6274,0.08406735373406482
6275,0.3933260766419567
6276,0.10138277195497274
6277,0.19908259021872998
6278,0.11871754355706862
6279,0.08910941422677145
6280,0.08480442757751212
6281,0.05360821824966084
6282,0.004808650663826225
6283,0.0
6284,0.0
6285,0.0
6286,0.0
6287,0.0
6288,0.0
6289,0.0
6290,0.0
6291,0.0
6292,0.0
6293,0.0
6294,0.0
6295,0.007368818849784855
6296,0.16123449483182453
6297,0.06469021403894389
6298,0.08682618201490344
6299,0.1250984589410754
6300,0.10496284407534481
6301,0.11367662664672945
6302,0.11164588691930813
6303,0.11327356637363731
6304,0.11725891008198552
6305,0.06311526190019981
6306,0.01910671397207932
6307,0.0
6308,0.0
6309,0.0
6310,0.0
6311,0.0
6312,0.0
6313,0.0
6314,0.0
6315,0.0
6316,0.0
6317,0.0
6318,0.0
6319,0.08187811699127681
6320,0.25717863993515655
6321,0.38490765338998656
6322,0.5627153114709947
6323,0.6568282603008182
6324,0.7094347995848563
6325,0.7031389118837112
6326,0.6362501374049223
6327,0.517818763666101
6328,0.35086548180642135
6329,0.16734320843935782
6330,0.01271238366674983
6331,0.0
6332,0.0
6333,0.0
6334,0.0
6335,0.0
6336,0.0
6337,0.0
6338,0.0
6339,0.0
6340,0.0
6341,0.0
6342,0.0
6343,0.008301918464444275
6344,0.03771000023105032
6345,0.06491998307498097
6346,0.08054738970323105
6347,0.09591761515932788
6348,0.10567233191147926
6349,0.10390883454720323
6350,0.08948089762347249
6351,0.07587776364766367
6352,0.08741599629012543
6353,0.02282746597784111
6354,0.0058013402551962395
6355,0.0
6356,0.0
6357,0.0
6358,0.0
6359,0.0
6360,0.0
6361,0.0
6362,0.0
6363,0.0
6364,0.0
6365,0.0
6366,0.0
6367,0.030527465697780122
6368,0.08065469390384246
6369,0.10986116910059116
6370,0.20344400332245688
6371,0.13790026258051463
6372,0.10522132869801282
6373,0.1250566306656046
6374,0.10564106426909567
6375,0.23161490633943718
6376,0.05074024786797738
6377,0.031132314580371783
6378,0.006661585504603386
6379,0.0
6380,0.0
6381,0.0
6382,0.0
6383,0.0
6384,0.0
6385,0.0
6386,0.0
6387,0.0
6388,0.0
6389,0.0
6390,0.0
6391,0.06678088681778602
6392,0.24453745710690933
6393,0.40619526412201695
6394,0.5536580516017039
6395,0.6133280790780207
6396,0.6740102352955729
6397,0.5947518437931834
6398,0.466614606440796
6399,0.12393440878308601
6400,0.07704868696906565
6401,0.08530474486327307
6402,0.006733359884670885
6403,0.0
6404,0.0
6405,0.0
6406,0.0
6407,0.0
6408,0.0
6409,0.0
6410,0.0
6411,0.0
6412,0.0
6413,0.0
6414,0.0
6415,0.04574411154269028
6416,0.23764208719185415
6417,0.32231778006857287
6418,0.3328576186274165
6419,0.3374304894462518
6420,0.3228104015117692
6421,0.530172662266753
6422,0.47945676803551923
6423,0.49233490579798594
6424,0.30544574506841776
6425,0.14036045832914215
6426,0.005643337430781176
6427,0.0
6428,0.0
6429,0.0
6430,0.0
6431,0.0
6432,0.0
6433,0.0
6434,0.0
6435,0.0
6436,0.0
6437,0.0
6438,0.0
6439,0.0696416748020494
6440,0.23769410852036546
6441,0.41689528589675884
6442,0.5319894995800253
6443,0.6454042808722312
6444,0.6751144924326355
6445,0.6791729845702732
6446,0.5887882251158227
6447,0.4888106883408977
6448,0.31274191726484973
6449,0.13733071188469143
6450,0.004358947400112165
6451,0.0
6452,0.0
6453,0.0
6454,0.0
6455,0.0
6456,0.0
6457,0.0
6458,0.0
6459,0.0
6460,0.0
6461,0.0
6462,0.0
6463,0.06050282383160306
6464,0.21489137951274523
6465,0.3951782716549574
6466,0.5271924632787534
6467,0.5508099480463529
6468,0.4870896552239192
6469,0.47084440254939525
6470,0.30681384882914675
6471,0.3162100350052897
6472,0.30462362020369305
6473,0.13510369024694613
6474,0.003032107125194963
6475,0.0
6476,0.0
6477,0.0
6478,0.0
6479,0.0
6480,0.0
6481,0.0
6482,0.0
6483,0.0
6484,0.0
6485,0.0
6486,0.0
6487,0.06272789962894253
6488,0.20965349220882
6489,0.18573826760340842
6490,0.09306734113132036
6491,0.6344141042447676
6492,0.6624106926351662
6493,0.6513021318942556
6494,0.5893659209187121
6495,0.48212076066431403
6496,0.3036271515393669
6497,0.13184071718017792
6498,0.001963724050307355
6499,0.0
6500,0.0
6501,0.0
6502,0.0
6503,0.0
6504,0.0
6505,0.0
6506,0.0
6507,0.0
6508,0.0
6509,0.0
6510,0.0
6511,0.03748686747350682
6512,0.21503296201136066
6513,0.3747587683011103
6514,0.5091781236894021
6515,0.5947422166967228
6516,0.6112192490117933
6517,0.6350305884944878
6518,0.5712529065079405
6519,0.46783301176886294
6520,0.29178948702395757
6521,0.1207790899931642
6522,0.000837656755386098
6523,0.0
6524,0.0
6525,0.0
6526,0.0
6527,0.0
6528,0.0
6529,0.0
6530,0.0
6531,0.0
6532,0.0
6533,0.0
6534,0.0
6535,0.03889709299028352
6536,0.16651602497303833
6537,0.1815647229111593
6538,0.3805778521702743
6539,0.3071577287147231
6540,0.2528330794502683
6541,0.16704840924191927
6542,0.2892262405009731
6543,0.2468174219405846
6544,0.08283426270794238
6545,0.0488531035775224
6546,0.0008396656095142319
6547,0.0
6548,0.0
6549,0.0
6550,0.0
6551,0.0
6552,0.0
6553,0.0
6554,0.0
6555,0.0
6556,0.0
6557,0.0
6558,0.0
6559,0.021233483111505583
6560,0.05232800112771224
6561,0.09926883077571524
6562,0.14095056433455994
6563,0.16957643809566927
6564,0.1808470491257313
6565,0.1765470160551963
6566,0.1545290179358058
6567,0.4478945715078554
6568,0.26640985852019045
6569,0.10499533698455067
6570,0.005147704748504066
6571,0.0
6572,0.0
6573,0.0
6574,0.0
6575,0.0
6576,0.0
6577,0.0
6578,0.0
6579,0.0
6580,0.0
6581,0.0
6582,0.0
6583,0.030174625027510154
6584,0.2268155770388265
6585,0.38355344182118056
6586,0.5560292579714109
6587,0.5282679208108886
6588,0.6581817133711152
6589,0.5935232979235112
6590,0.47679496338319277
6591,0.37963002076418845
6592,0.1995891271922649
6593,0.05048128480778831
6594,0.005436535729597382
6595,0.0
6596,0.0
6597,0.0
6598,0.0
6599,0.0
6600,0.0
6601,0.0
6602,0.0
6603,0.0
6604,0.0
6605,0.0
6606,0.0
6607,0.034546240519643834
6608,0.06781094296301259
6609,0.11152547819830233
6610,0.2380294932226408
6611,0.43184470804925623
6612,0.3123519031661129
6613,0.3600214340009442
6614,0.38883224136776184
6615,0.35683267126137835
6616,0.26069710447278405
6617,0.10176019497845981
6618,0.002849180973309955
6619,0.0
6620,0.0
6621,0.0
6622,0.0
6623,0.0
6624,0.0
6625,0.0
6626,0.0
6627,0.0
6628,0.0
6629,0.0
6630,0.0
6631,0.03242530773451432
6632,0.17497654489225936
6633,0.3967300545815528
6634,0.48222032818013344
6635,0.6280815752310329
6636,0.6948103648704567
6637,0.5666410138581179
6638,0.20409090919699283
6639,0.36412310220755745
6640,0.27765165827611726
6641,0.09994677674308208
6642,0.0021047045928368337
6643,0.0
6644,0.0
6645,0.0
6646,0.0
6647,0.0
6648,0.0
6649,0.0
6650,0.0
6651,0.0
6652,0.0
6653,0.0
6654,0.0
6655,0.019394052461491035
6656,0.051248576064914404
6657,0.09148315281457792
6658,0.1328285039538777
6659,0.16054129720982238
6660,0.1716036128800982
6661,0.6209419454576558
6662,0.1460721096364085
6663,0.11080507381824183
6664,0.06576080551141354
6665,0.035408694166633024
6666,0.0008804860738506823
6667,0.0
6668,0.0
6669,0.0
6670,0.0
6671,0.0
6672,0.0
6673,0.0
6674,0.0
6675,0.0
6676,0.0
6677,0.0
6678,0.0
6679,0.022490519352097574
6680,0.04276257351309203
6681,0.08301111538722748
6682,0.1170530302482204
6683,0.14000365479589272
6684,0.12360901292271415
6685,0.12064204681639507
6686,0.10635653257424359
6687,0.08120862536498365
6688,0.06021052184464037
6689,0.01749863645306493
6690,0.00035309410212563963
6691,0.0
6692,0.0
6693,0.0
6694,0.0
6695,0.0
6696,0.0
6697,0.0
6698,0.0
6699,0.0
6700,0.0
6701,0.0
6702,0.0
6703,0.013088406968757564
6704,0.045523443905301116
6705,0.08610221852645446
6706,0.14483844098449838
6707,0.17155170824366517
6708,0.1822868660031866
6709,0.17812225408953222
6710,0.1564741231815582
6711,0.12151622801725458
6712,0.0748984662226611
6713,0.026934194536430218
6714,0.00035275233436668057
6715,0.0
6716,0.0
6717,0.0
6718,0.0
6719,0.0
6720,0.0
6721,0.0
6722,0.0
6723,0.0
6724,0.0
6725,0.0
6726,0.0
6727,0.027729354195698684
6728,0.04899140119413338
6729,0.19344917511536763
6730,0.36985536717045747
6731,0.563634080714977
6732,0.6455743012303313
6733,0.5703646814154563
6734,0.4474348280577234
6735,0.1662506380139382
6736,0.1789008469744428
6737,0.05383066835854621
6738,8.005486744830133e-05
6739,0.0
6740,0.0
6741,0.0
6742,0.0
6743,0.0
6744,0.0
6745,0.0
6746,0.0
6747,0.0
6748,0.0
6749,0.0
6750,0.0
6751,0.013843445557660943
6752,0.1262887181398536
6753,0.1977321186310339
6754,0.3571335384468891
6755,0.4456232710609947
6756,0.5536519252675924
6757,0.518047806877411
6758,0.5478408639788125
6759,0.29892472917519003
6760,0.24457056848413028
6761,0.07369299037687108
6762,8.066621141197182e-05
6763,0.0
6764,0.0
6765,0.0
6766,0.0
6767,0.0
6768,0.0
6769,0.0
6770,0.0
6771,0.0
6772,0.0
6773,0.0
6774,0.0
6775,0.01861680678662457
6776,0.09016182507344017
6777,0.21981179434841594
6778,0.36630340033714676
6779,0.3840244402222658
6780,0.42557881021223726
6781,0.6068816235882301
6782,0.522133861683946
6783,0.4119172601820256
6784,0.24337214083987024
6785,0.07427571560833565
6786,0.0
6787,0.0
6788,0.0
6789,0.0
6790,0.0
6791,0.0
6792,0.0
6793,0.0
6794,0.0
6795,0.0
6796,0.0
6797,0.0
6798,0.0
6799,0.022583880599731935
6800,0.1674237609810163
6801,0.3494017197144965
6802,0.4992360753093333
6803,0.42292990003456427
6804,0.5306274696419724
6805,0.6265541342719733
6806,0.4444934875318015
6807,0.1321445775174974
6808,0.1938739342804218
6809,0.04099635663993096
6810,8.135615332498908e-05
6811,0.0
6812,0.0
6813,0.0
6814,0.0
6815,0.0
6816,0.0
6817,0.0
6818,0.0
6819,0.0
6820,0.0
6821,0.0
6822,0.0
6823,0.021177004145602776
6824,0.17580786509275506
6825,0.3596721746105577
6826,0.5088599860763012
6827,0.6001356895486607
6828,0.6371124335176057
6829,0.6170562742879974
6830,0.5425315786267723
6831,0.41313561299865736
6832,0.24236864147782583
6833,0.0673958949127155
6834,8.156342179448612e-05
6835,0.0
6836,0.0
6837,0.0
6838,0.0
6839,0.0
6840,0.0
6841,0.0
6842,0.0
6843,0.0
6844,0.0
6845,0.0
6846,0.0
6847,0.019567686189795933
6848,0.17355330412452818
6849,0.24413146202804764
6850,0.44997509791048834
6851,0.5941298983541983
6852,0.6357474862775951
6853,0.5841188616174317
6854,0.50665010650486
6855,0.40227770684195996
6856,0.17989124765069678
6857,0.05827916292571313
6858,0.0
6859,0.0
6860,0.0
6861,0.0
6862,0.0
6863,0.0
6864,0.0
6865,0.0
6866,0.0
6867,0.0
6868,0.0
6869,0.0
6870,0.0
6871,0.007612117165381382
6872,0.05227653992117683
6873,0.10108919802435644
6874,0.1418179540564617
6875,0.16718567413363716
6876,0.17774715907300748
6877,0.17289767551713844
6878,0.1518898515466718
6879,0.11644454524046853
6880,0.0696513637453116
6881,0.021448672055818022
6882,0.0
6883,0.0
6884,0.0
6885,0.0
6886,0.0
6887,0.0
6888,0.0
6889,0.0
6890,0.0
6891,0.0
6892,0.0
6893,0.0
6894,0.0
6895,0.016807860191687746
6896,0.1812381426261926
6897,0.2379314135308199
6898,0.1420393189290188
6899,0.31128037815701676
6900,0.42944487711273927
6901,0.40307847705635363
6902,0.4476149131075777
6903,0.3761241239633951
6904,0.14047966512174134
6905,0.04813244830949353
6906,0.0
6907,0.0
6908,0.0
6909,0.0
6910,0.0
6911,0.0
6912,0.0
6913,0.0
6914,0.0
6915,0.0
6916,0.0
6917,0.0
6918,0.0
6919,0.01010509521956898
6920,0.11435843512188838
6921,0.3280689491481595
6922,0.31298540112085077
6923,0.549787200325991
6924,0.3671287984146681
6925,0.2626936709250718
6926,0.266518673883216
6927,0.2104498806356731
6928,0.1780166244202446
6929,0.05986089487420711
6930,0.0
6931,0.0
6932,0.0
6933,0.0
6934,0.0
6935,0.0
6936,0.0
6937,0.0
6938,0.0
6939,0.0
6940,0.0
6941,0.0
6942,0.0
6943,0.02061068115266568
6944,0.1035284008680957
6945,0.16414911287181305
6946,0.2986724817441078
6947,0.30692577987066316
6948,0.365318589211444
6949,0.3883971841267967
6950,0.22935592857604623
6951,0.2190453841164811
6952,0.20664953471367617
6953,0.021590721322746722
6954,0.0
6955,0.0
6956,0.0
6957,0.0
6958,0.0
6959,0.0
6960,0.0
6961,0.0
6962,0.0
6963,0.0
6964,0.0
6965,0.0
6966,0.0
6967,0.012750242661176848
6968,0.15639471422226717
6969,0.2956928020358567
6970,0.3326421467048141
6971,0.42512152896495764
6972,0.2560721306409826
6973,0.32715686052566045
6974,0.35143616441540426
6975,0.16984603180419253
6976,0.17104575473052183
6977,0.03717367935490752
6978,0.0
6979,0.0
6980,0.0
6981,0.0
6982,0.0
6983,0.0
6984,0.0
6985,0.0
6986,0.0
6987,0.0
6988,0.0
6989,0.0
6990,0.0
6991,0.008895533984117274
6992,0.05450031518530352
6993,0.31704067255712715
6994,0.25685959212384485
6995,0.15419426920535728
6996,0.16435863349842153
6997,0.39081863227082086
6998,0.14061460200649695
6999,0.1070690777428298
7000,0.0619322055199554
7001,0.015534860474782726
7002,0.0
7003,0.0
7004,0.0
7005,0.0
7006,0.0
7007,0.0
7008,0.0
7009,0.0
7010,0.0
7011,0.0
7012,0.0
7013,0.0
7014,0.0
7015,0.005856398495045604
7016,0.038727212662677514
7017,0.08477660235143875
7018,0.1250272651040975
7019,0.15171056000294997
7020,0.16274332340439338
7021,0.1568370355451072
7022,0.13545637454983114
7023,0.0988223202072638
7024,0.05362122941639258
7025,0.01494962052903054
7026,0.0
7027,0.0
7028,0.0
7029,0.0
7030,0.0
7031,0.0
7032,0.0
7033,0.0
7034,0.0
7035,0.0
7036,0.0
7037,0.0
7038,0.0
7039,0.010418463627429268
7040,0.11257716555408549
7041,0.2700571977891052
7042,0.1934280071723619
7043,0.4855135536682038
7044,0.26013821943291854
7045,0.42159021662950796
7046,0.3460258528965658
7047,0.2607214464403198
7048,0.10336787341056639
7049,0.02517669864574176
7050,0.0
7051,0.0
7052,0.0
7053,0.0
7054,0.0
7055,0.0
7056,0.0
7057,0.0
7058,0.0
7059,0.0
7060,0.0
7061,0.0
7062,0.0
7063,0.007486816712452748
7064,0.15560993665720604
7065,0.33847018669098844
7066,0.502535427131515
7067,0.5980096765739018
7068,0.6332451996963205
7069,0.6114965969089202
7070,0.5314053973820366
7071,0.38114291022108254
7072,0.20913638293299006
7073,0.035704197600764195
7074,0.0
7075,0.0
7076,0.0
7077,0.0
7078,0.0
7079,0.0
7080,0.0
7081,0.0
7082,0.0
7083,0.0
7084,0.0
7085,0.0
7086,0.0
7087,0.00787999900111581
7088,0.13822228020521937
7089,0.2971075651240985
7090,0.4447259964978374
7091,0.4187754286625151
7092,0.5532978581635795
7093,0.515618126107262
7094,0.4899598719281103
7095,0.1593177690995176
7096,0.05530807758902964
7097,0.010817243051628542
7098,0.0
7099,0.0
7100,0.0
7101,0.0
7102,0.0
7103,0.0
7104,0.0
7105,0.0
7106,0.0
7107,0.0
7108,0.0
7109,0.0
7110,0.0
7111,0.0023661495184934774
7112,0.03398880246154938
7113,0.0879978871732301
7114,0.12734470559872257
7115,0.15329116003828436
7116,0.16423941503661446
7117,0.15819678998763298
7118,0.13622707321564392
7119,0.1003668273827764
7120,0.13301289494142177
7121,0.03552448071441691
7122,0.0
7123,0.0
7124,0.0
7125,0.0
7126,0.0
7127,0.0
7128,0.0
7129,0.0
7130,0.0
7131,0.0
7132,0.0
7133,0.0
7134,0.0
7135,0.006511178751026015
7136,0.10497726721622412
7137,0.1971268893322669
7138,0.253443991653249
7139,0.5155178292659532
7140,0.48737872484031275
7141,0.5088912012072496
7142,0.25615060606364715
7143,0.12575472352029193
7144,0.07387327380325856
7145,0.025902012261536822
7146,0.0
7147,0.0
7148,0.0
7149,0.0
7150,0.0
7151,0.0
7152,0.0
7153,0.0
7154,0.0
7155,0.0
7156,0.0
7157,0.0
7158,0.0
7159,0.003897666123426145
7160,0.09859906492303808
7161,0.31307936158230726
7162,0.3338131867182944
7163,0.41476886449972594
7164,0.3156144036299638
7165,0.359636560188257
7166,0.2118575021687223
7167,0.24307661815154616
7168,0.16657839688889586
7169,0.014159754022434287
7170,0.0
7171,0.0
7172,0.0
7173,0.0
7174,0.0
7175,0.0
7176,0.0
7177,0.0
7178,0.0
7179,0.0
7180,0.0
7181,0.0
7182,0.0
7183,0.0023535042981193206
7184,0.030819998151597482
7185,0.07335900831337705
7186,0.09253489268179634
7187,0.11509399196831764
7188,0.1497571987926571
7189,0.331865595931274
7190,0.120908758230584
7191,0.08585351269994895
7192,0.04234921808139086
7193,0.010288275526800554
7194,0.0
7195,0.0
7196,0.0
7197,0.0
7198,0.0
7199,0.0
7200,0.0
7201,0.0
7202,0.0
7203,0.0
7204,0.0
7205,0.0
7206,0.0
7207,0.0023487781522556228
7208,0.03494058681178805
7209,0.08063516548453702
7210,0.1190432428168441
7211,0.14462207053289305
7212,0.1554526824124734
7213,0.14949408732908404
7214,0.12779500865971916
7215,0.11750679906394282
7216,0.11689471994017897
7217,0.007591144681606832
7218,0.0
7219,0.0
7220,0.0
7221,0.0
7222,0.0
7223,0.0
7224,0.0
7225,0.0
7226,0.0
7227,0.0
7228,0.0
7229,0.0
7230,0.0
7231,0.002976853426114427
7232,0.05308317974710959
7233,0.13523245412075904
7234,0.41923665410204164
7235,0.42966165598661865
7236,0.48690057904943096
7237,0.425530242969244
7238,0.22193394481538267
7239,0.299255376179086
7240,0.09443517650026921
7241,0.013167654892980527
7242,0.0
7243,0.0
7244,0.0
7245,0.0
7246,0.0
7247,0.0
7248,0.0
7249,0.0
7250,0.0
7251,0.0
7252,0.0
7253,0.0
7254,0.0
7255,0.003176166646556732
7256,0.06930605088101352
7257,0.19816422356241778
7258,0.32992552011409687
7259,0.4847445528721304
7260,0.5060896344527294
7261,0.3887415132768746
7262,0.355423124309037
7263,0.2912305786456764
7264,0.08520770956555306
7265,0.012301226713804042
7266,0.0
7267,0.0
7268,0.0
7269,0.0
7270,0.0
7271,0.0
7272,0.0
7273,0.0
7274,0.0
7275,0.0
7276,0.0
7277,0.0
7278,0.0
7279,0.0015561734660417884
7280,0.027477096262329394
7281,0.06673238375543582
7282,0.10535476025495819
7283,0.13213470536767224
7284,0.141933905140076
7285,0.135718739184103
7286,0.11380955642773807
7287,0.07850867990686104
7288,0.03708690537509385
7289,0.007706940564756986
7290,0.0
7291,0.0
7292,0.0
7293,0.0
7294,0.0
7295,0.0
7296,0.0
7297,0.0
7298,0.0
7299,0.0
7300,0.0
7301,0.0
7302,0.0
7303,0.0
7304,0.07165696449830224
7305,0.21460910137530953
7306,0.3522274884060586
7307,0.44723050022859984
7308,0.46253688344865235
7309,0.47436053324545646
7310,0.3800270072146044
7311,0.13282991009342135
7312,0.11376801988246309
7313,0.005689454140129916
7314,0.0
7315,0.0
7316,0.0
7317,0.0
7318,0.0
7319,0.0
7320,0.0
7321,0.0
7322,0.0
7323,0.0
7324,0.0
7325,0.0
7326,0.0
7327,0.0
7328,0.033215228502926984
7329,0.0711150698250389
7330,0.3892468133143794
7331,0.5017899047815979
7332,0.5147025600608293
7333,0.493883526369259
7334,0.42616116202905124
7335,0.31641016191959404
7336,0.13694583807200417
7337,0.005010598558012651
7338,0.0
7339,0.0
7340,0.0
7341,0.0
7342,0.0
7343,0.0
7344,0.0
7345,0.0
7346,0.0
7347,0.0
7348,0.0
7349,0.0
7350,0.0
7351,0.0
7352,0.10481557867251559
7353,0.25588200423778956
7354,0.38783714966995986
7355,0.4808836787691133
7356,0.48814986110141917
7357,0.46764120499974215
7358,0.37175336382419544
7359,0.2602251783696763
7360,0.1419697821195529
7361,0.004015414673468726
7362,0.0
7363,0.0
7364,0.0
7365,0.0
7366,0.0
7367,0.0
7368,0.0
7369,0.0
7370,0.0
7371,0.0
7372,0.0
7373,0.0
7374,0.0
7375,0.0
7376,0.07866970330572322
7377,0.25603698882159903
7378,0.40704355718530305
7379,0.4734841757373364
7380,0.5191947091344925
7381,0.4786190939513595
7382,0.4218165992614325
7383,0.2957284164581574
7384,0.13199906833044675
7385,0.0030794541191253417
7386,0.0
7387,0.0
7388,0.0
7389,0.0
7390,0.0
7391,0.0
7392,0.0
7393,0.0
7394,0.0
7395,0.0
7396,0.0
7397,0.0
7398,0.0
7399,0.0
7400,0.08918971588046157
7401,0.2585684950992828
7402,0.3732435216642344
7403,0.44117482317065915
7404,0.47724679511041523
7405,0.48762357982823396
7406,0.39267391962389675
7407,0.29811432602973176
7408,0.1315860250500551
7409,0.0022210117623281097
7410,0.0
7411,0.0
7412,0.0
7413,0.0
7414,0.0
7415,0.0
7416,0.0
7417,0.0
7418,0.0
7419,0.0
7420,0.0
7421,0.0
7422,0.0
7423,0.0
7424,0.057113572432290004
7425,0.2034510631931947
7426,0.12166426942240455
7427,0.07942966046572743
7428,0.13424959758736796
7429,0.10745828083162243
7430,0.08193390163931365
7431,0.05149774282512922
7432,0.017427679501006002
7433,6.880742563038812e-05
7434,0.0
7435,0.0
7436,0.0
7437,0.0
7438,0.0
7439,0.0
7440,0.0
7441,0.0
7442,0.0
7443,0.0
7444,0.0
7445,0.0
7446,0.0
7447,0.0
7448,0.017210579723911212
7449,0.164643828937815
7450,0.05136996791667999
7451,0.0664631809653749
7452,0.06990860209658324
7453,0.0671418270852116
7454,0.059750982605645424
7455,0.09708155445984287
7456,0.042657646913576215
7457,0.0008178856749038049
7458,0.0
7459,0.0
7460,0.0
7461,0.0
7462,0.0
7463,0.0
7464,0.0
7465,0.0
7466,0.0
7467,0.0
7468,0.0
7469,0.0
7470,0.0
7471,0.0
7472,0.03999822861425123
7473,0.05974622740345423
7474,0.1835883094141801
7475,0.32588454345741363
7476,0.4206346835462536
7477,0.470868814532178
7478,0.3077256165484304
7479,0.2718527037904621
7480,0.1184077085853396
7481,0.00032906670142534704
7482,0.0
7483,0.0
7484,0.0
7485,0.0
7486,0.0
7487,0.0
7488,0.0
7489,0.0
7490,0.0
7491,0.0
7492,0.0
7493,0.0
7494,0.0
7495,0.0
7496,0.029872636431126823
7497,0.03891394099255014
7498,0.07282679091416808
7499,0.0685957462003309
7500,0.07264348516295233
7501,0.06958149436342255
7502,0.12342122619569122
7503,0.03650576540551314
7504,0.017554414683037475
7505,0.0
7506,0.0
7507,0.0
7508,0.0
7509,0.0
7510,0.0
7511,0.0
7512,0.0
7513,0.0
7514,0.0
7515,0.0
7516,0.0
7517,0.0
7518,0.0
7519,0.0
7520,0.018673642830287013
7521,0.07553415215386738
7522,0.1057096850457468
7523,0.18871898003655263
7524,0.3365562907415805
7525,0.3493300474399975
7526,0.3531395186825184
7527,0.17564830034487178
7528,0.10190077392520178
7529,0.0
7530,0.0
7531,0.0
7532,0.0
7533,0.0
7534,0.0
7535,0.0
7536,0.0
7537,0.0
7538,0.0
7539,0.0
7540,0.0
7541,0.0
7542,0.0
7543,0.0
7544,0.055329613112082045
7545,0.15771530680331153
7546,0.25298348387000413
7547,0.31100564999704766
7548,0.3298359589439927
7549,0.3196765248912372
7550,0.2651168519464589
7551,0.1802448479863965
7552,0.07542829143426466
7553,0.0
7554,0.0
7555,0.0
7556,0.0
7557,0.0
7558,0.0
7559,0.0
7560,0.0
7561,0.0
7562,0.0
7563,0.0
7564,0.0
7565,0.0
7566,0.0
7567,0.0
7568,0.008187487295149974
7569,0.060029981695680606
7570,0.05277546040276038
7571,0.06239462413598268
7572,0.07214275362031339
7573,0.06905462029447947
7574,0.055403963469778265
7575,0.07728793490262396
7576,0.02982328034968415
7577,0.0
7578,0.0
7579,0.0
7580,0.0
7581,0.0
7582,0.0
7583,0.0
7584,0.0
7585,0.0
7586,0.0
7587,0.0
7588,0.0
7589,0.0
7590,0.0
7591,0.0
7592,0.04697044026287458
7593,0.03878235258698169
7594,0.06019885847141313
7595,0.06293751069191168
7596,0.07260878677346638
7597,0.06391836595615971
7598,0.05606504743182907
7599,0.04649992905121639
7600,0.029337371034832353
7601,0.0
7602,0.0
7603,0.0
7604,0.0
7605,0.0
7606,0.0
7607,0.0
7608,0.0
7609,0.0
7610,0.0
7611,0.0
7612,0.0
7613,0.0
7614,0.0
7615,0.0
7616,0.009215189177696597
7617,0.07687612272365846
7618,0.12057539230126349
7619,0.10085398180210378
7620,0.11500045159834309
7621,0.07603481718202167
7622,0.05625378228198827
7623,0.052626951062376345
7624,0.03839645480130723
7625,0.0
7626,0.0
7627,0.0
7628,0.0
7629,0.0
7630,0.0
7631,0.0
7632,0.0
7633,0.0
7634,0.0
7635,0.0
7636,0.0
7637,0.0
7638,0.0
7639,0.0
7640,0.05098744253206873
7641,0.21606719806683236
7642,0.3442441107258457
7643,0.4539142723980526
7644,0.44676072709433695
7645,0.46598731650462416
7646,0.3808381630239679
7647,0.23937326085043786
7648,0.09945972151202127
7649,0.0
7650,0.0
7651,0.0
7652,0.0
7653,0.0
7654,0.0
7655,0.0
7656,0.0
7657,0.0
7658,0.0
7659,0.0
7660,0.0
7661,0.0
7662,0.0
7663,0.0
7664,0.024079996153829098
7665,0.040275008220956914
7666,0.05501346509891637
7667,0.06383011990577815
7668,0.08579354464090463
7669,0.06491841123268612
7670,0.056984440978430397
7671,0.06835089704701361
7672,0.029757206961102563
7673,0.0
7674,0.0
7675,0.0
7676,0.0
7677,0.0
7678,0.0
7679,0.0
7680,0.0
7681,0.0
7682,0.0
7683,0.0
7684,0.0
7685,0.0
7686,0.0
7687,0.0
7688,0.04109110535637644
7689,0.08026682110474256
7690,0.11734521554310479
7691,0.29472872709246983
7692,0.06809411029408505
7693,0.24657969683864822
7694,0.09639323456671416
7695,0.08975867144668538
7696,0.01301677378610482
7697,0.0
7698,0.0
7699,0.0
7700,0.0
7701,0.0
7702,0.0
7703,0.0
7704,0.0
7705,0.0
7706,0.0
7707,0.0
7708,0.0
7709,0.0
7710,0.0
7711,0.0
7712,0.011331727339156892
7713,0.05749128135136895
7714,0.06884716511765712
7715,0.07059329286607648
7716,0.09892110588615846
7717,0.10098833522646782
7718,0.05735820862256438
7719,0.05782231927372718
7720,0.03825269599543128
7721,0.0
7722,0.0
7723,0.0
7724,0.0
7725,0.0
7726,0.0
7727,0.0
7728,0.0
7729,0.0
7730,0.0
7731,0.0
7732,0.0
7733,0.0
7734,0.0
7735,0.0
7736,0.0
7737,0.04212710637953258
7738,0.06925214497543748
7739,0.06475148321466138
7740,0.14251567933110235
7741,0.18045110123481223
7742,0.051213017071350904
7743,0.07915731282415601
7744,0.04222281138755983
7745,0.0
7746,0.0
7747,0.0
7748,0.0
7749,0.0
7750,0.0
7751,0.0
7752,0.0
7753,0.0
7754,0.0
7755,0.0
7756,0.0
7757,0.0
7758,0.0
7759,0.0
7760,0.0
7761,0.12247676135606465
7762,0.16862364727625517
7763,0.08325875931582034
7764,0.1043645287822178
7765,0.22144375640201916
7766,0.18086703264414214
7767,0.1170552824053318
7768,0.04218430300171701
7769,0.0
7770,0.0
7771,0.0
7772,0.0
7773,0.0
7774,0.0
7775,0.0
7776,0.0
7777,0.0
7778,0.0
7779,0.0
7780,0.0
7781,0.0
7782,0.0
7783,0.0
7784,0.0
7785,0.13590637421142412
7786,0.19577630688709644
7787,0.4392163216743167
7788,0.48948764242559883
7789,0.46309321293200284
7790,0.23691474546773802
7791,0.2470191592055697
7792,0.09058025369324595
7793,0.0
7794,0.0
7795,0.0
7796,0.0
7797,0.0
7798,0.0
7799,0.0
7800,0.0
7801,0.0
7802,0.0
7803,0.0
7804,0.0
7805,0.0
7806,0.0
7807,0.0
7808,0.0
7809,0.209825793897051
7810,0.3442558091066965
7811,0.44286893542517114
7812,0.47747650346657156
7813,0.456907890975058
7814,0.30871513619949303
7815,0.16833970044209962
7816,0.09011233012842432
7817,0.0
7818,0.0
7819,0.0
7820,0.0
7821,0.0
7822,0.0
7823,0.0
7824,0.0
7825,0.0
7826,0.0
7827,0.0
7828,0.0
7829,0.0
7830,0.0
7831,0.0
7832,0.0
7833,0.10767239329151244
7834,0.13212303615984108
7835,0.3404947067306357
7836,0.4724283166397536
7837,0.22313211573707034
7838,0.2953422006865695
7839,0.1442607276777973
7840,0.0779112047966979
7841,0.0
7842,0.0
7843,0.0
7844,0.0
7845,0.0
7846,0.0
7847,0.0
7848,0.0
7849,0.0
7850,0.0
7851,0.0
7852,0.0
7853,0.0
7854,0.0
7855,0.0
7856,0.0
7857,0.20578047046045062
7858,0.33359196187623125
7859,0.4409344024817138
7860,0.47617071911026493
7861,0.4537946338447636
7862,0.3805085954217964
7863,0.24486193109986254
7864,0.0784617696913798
7865,0.0
7866,0.0
7867,0.0
7868,0.0
7869,0.0
7870,0.0
7871,0.0
7872,0.0
7873,0.0
7874,0.0
7875,0.0
7876,0.0
7877,0.0
7878,0.0
7879,0.0
7880,0.0
7881,0.05019199931104998
7882,0.23954919749690826
7883,0.12828634065545005
7884,0.0854751269668158
7885,0.17418506336729928
7886,0.08549945726514377
7887,0.06273438129043235
7888,0.0199369757754247
7889,0.0
7890,0.0
7891,0.0
7892,0.0
7893,0.0
7894,0.0
7895,0.0
7896,0.0
7897,0.0
7898,0.0
7899,0.0
7900,0.0
7901,0.0
7902,0.0
7903,0.0
7904,0.0
7905,0.06802081016509362
7906,0.09033458186077654
7907,0.07110309955164569
7908,0.12258332456197878
7909,0.058801170351530214
7910,0.09603591175371626
7911,0.05203250177780381
7912,0.02770845406101269
7913,0.0
7914,0.0
7915,0.0
7916,0.0
7917,0.0
7918,0.0
7919,0.0
7920,0.0
7921,0.0
7922,0.0
7923,0.0
7924,0.0
7925,0.0
7926,0.0
7927,0.0
7928,0.0
7929,0.05032455567740802
7930,0.07587740773682482
7931,0.07674731217301421
7932,0.06164466748708977
7933,0.07674095245474623
7934,0.056936217977068146
7935,0.05214317837947843
7936,0.06671819983331703
7937,0.0
7938,0.0
7939,0.0
7940,0.0
7941,0.0
7942,0.0
7943,0.0
7944,0.0
7945,0.0
7946,0.0
7947,0.0
7948,0.0
7949,0.0
7950,0.0
7951,0.0
7952,0.0
7953,0.05074461798631015
7954,0.08885615157460791
7955,0.11344973056966037
7956,0.09579301135810675
7957,0.12150880640107396
7958,0.10525011079912835
7959,0.07174196300814441
7960,0.05710531063314555
7961,0.0
7962,0.0
7963,0.0
7964,0.0
7965,0.0
7966,0.0
7967,0.0
7968,0.0
7969,0.0
7970,0.0
7971,0.0
7972,0.0
7973,0.0
7974,0.0
7975,0.0
7976,0.0
7977,0.06953223513640487
7978,0.042492772676129775
7979,0.09670907918047622
7980,0.14852486043043975
7981,0.1423612081924374
7982,0.10687283084012929
7983,0.07727098537824922
7984,0.019794535590033656
7985,0.0
7986,0.0
7987,0.0
7988,0.0
7989,0.0
7990,0.0
7991,0.0
7992,0.0
7993,0.0
7994,0.0
7995,0.0
7996,0.0
7997,0.0
7998,0.0
7999,0.0
8000,0.0
8001,0.03557941000951974
8002,0.0765901687857559
8003,0.09008743387351653
8004,0.142289495075711
8005,0.13705077925802978
8006,0.26111894633588045
8007,0.16901398227820744
8008,0.06812475363384966
8009,0.0
8010,0.0
8011,0.0
8012,0.0
8013,0.0
8014,0.0
8015,0.0
8016,0.0
8017,0.0
8018,0.0
8019,0.0
8020,0.0
8021,0.0
8022,0.0
8023,0.0
8024,0.0
8025,0.1788256505991788
8026,0.32112638895663514
8027,0.4191310711095853
8028,0.4287076749080059
8029,0.44715558391432375
8030,0.33978002609701635
8031,0.21176610893298864
8032,0.06561530215896683
8033,0.0
8034,0.0
8035,0.0
8036,0.0
8037,0.0
8038,0.0
8039,0.0
8040,0.0
8041,0.0
8042,0.0
8043,0.0
8044,0.0
8045,0.0
8046,0.0
8047,0.0
8048,0.0
8049,0.1823382105176437
8050,0.2809909888043286
8051,0.3495684493559881
8052,0.39984272241685165
8053,0.3837367650762081
8054,0.29299045272092084
8055,0.1976946663084998
8056,0.047988295084392875
8057,0.0
8058,0.0
8059,0.0
8060,0.0
8061,0.0
8062,0.0
8063,0.0
8064,0.0
8065,0.0
8066,0.0
8067,0.0
8068,0.0
8069,0.0
8070,0.0
8071,0.0
8072,0.0
8073,0.1365787714704672
8074,0.27160356620326687
8075,0.337951309530172
8076,0.42176925728526155
8077,0.3947849960126317
8078,0.2865390203139904
8079,0.1831167683949308
8080,0.04207165430391892
8081,0.0
8082,0.0
8083,0.0
8084,0.0
8085,0.0
8086,0.0
8087,0.0
8088,0.0
8089,0.0
8090,0.0
8091,0.0
8092,0.0
8093,0.0
8094,0.0
8095,0.0
8096,0.0
8097,0.019984519045430794
8098,0.03491983020835838
8099,0.050127529855084785
8100,0.0654288013786469
8101,0.05674679756094886
8102,0.12171643078140984
8103,0.04471892495789167
8104,0.008081854708560368
8105,0.0
8106,0.0
8107,0.0
8108,0.0
8109,0.0
8110,0.0
8111,0.0
8112,0.0
8113,0.0
8114,0.0
8115,0.0
8116,0.0
8117,0.0
8118,0.0
8119,0.0
8120,0.0
8121,0.01998613931493815
8122,0.13821552956848904
8123,0.0569132062992251
8124,0.15527100451575004
8125,0.0915937360625899
8126,0.0489291634741659
8127,0.13881269544464464
8128,0.03204429409577759
8129,0.0
8130,0.0
8131,0.0
8132,0.0
8133,0.0
8134,0.0
8135,0.0
8136,0.0
8137,0.0
8138,0.0
8139,0.0
8140,0.0
8141,0.0
8142,0.0
8143,0.0
8144,0.0
8145,0.027788661777579767
8146,0.04883431615291424
8147,0.05060123609584714
8148,0.09692136540934065
8149,0.052661040319213516
8150,0.04389383903167981
8151,0.03543053425600982
8152,0.01852843412533803
8153,0.0
8154,0.0
8155,0.0
8156,0.0
8157,0.0
8158,0.0
8159,0.0
8160,0.0
8161,0.0
8162,0.0
8163,0.0
8164,0.0
8165,0.0
8166,0.0
8167,0.0
8168,0.0
8169,0.06362044816292828
8170,0.0991397576678948
8171,0.3986451116171399
8172,0.4573579723211058
8173,0.43977422650072434
8174,0.1197599480580221
8175,0.22935333801190774
8176,0.06838350664829777
8177,0.0
8178,0.0
8179,0.0
8180,0.0
8181,0.0
8182,0.0
8183,0.0
8184,0.0
8185,0.0
8186,0.0
8187,0.0
8188,0.0
8189,0.0
8190,0.0
8191,0.0
8192,0.002258867022608623
8193,0.1534276372584737
8194,0.3118825676271436
8195,0.40481036253661506
8196,0.4594481841662386
8197,0.4284382095607687
8198,0.35104460414662964
8199,0.2265023696660343
8200,0.06633651988281314
8201,0.0
8202,0.0
8203,0.0
8204,0.0
8205,0.0
8206,0.0
8207,0.0
8208,0.0
8209,0.0
8210,0.0
8211,0.0
8212,0.0
8213,0.0
8214,0.0
8215,0.0
8216,0.001377458847955123
8217,0.14600991275866843
8218,0.31109597550026474
8219,0.4038393385799648
8220,0.45482750460291904
8221,0.42616953468567004
8222,0.35508179997997563
8223,0.22791454219013763
8224,0.018703296621227553
8225,0.0
8226,0.0
8227,0.0
8228,0.0
8229,0.0
8230,0.0
8231,0.0
8232,0.0
8233,0.0
8234,0.0
8235,0.0
8236,0.0
8237,0.0
8238,0.0
8239,0.0
8240,0.0003122000284261903
8241,0.03843582087392565
8242,0.08443295585001895
8243,0.11038600922660927
8244,0.20444662165931002
8245,0.42541975890949846
8246,0.3524049712225666
8247,0.22780886584401863
8248,0.0671947469427259
8249,0.0
8250,0.0
8251,0.0
8252,0.0
8253,0.0
8254,0.0
8255,0.0
8256,0.0
8257,0.0
8258,0.0
8259,0.0
8260,0.0
8261,0.0
8262,0.0
8263,0.0
8264,0.0010466036070454943
8265,0.13908606997650522
8266,0.29695788419524827
8267,0.39936130924777724
8268,0.44078357797049605
8269,0.42835389953418856
8270,0.3518566293119765
8271,0.22810857777795412
8272,0.06418840892918448
8273,0.0
8274,0.0
8275,0.0
8276,0.0
8277,0.0
8278,0.0
8279,0.0
8280,0.0
8281,0.0
8282,0.0
8283,0.0
8284,0.0
8285,0.0
8286,0.0
8287,0.0
8288,0.0009268809771141161
8289,0.132415460673486
8290,0.29075526847229766
8291,0.397075393118108
8292,0.28861406218894264
8293,0.41860642936010034
8294,0.3494774587079246
8295,0.22586590773250723
8296,0.06378563105092186
8297,0.0
8298,0.0
8299,0.0
8300,0.0
8301,0.0
8302,0.0
8303,0.0
8304,0.0
8305,0.0
8306,0.0
8307,0.0
8308,0.0
8309,0.0
8310,0.0
8311,0.0
8312,0.0015150391000146798
8313,0.1351172381972381
8314,0.18173548426395655
8315,0.3745955394219681
8316,0.4216683419759376
8317,0.3414885148155764
8318,0.3470469669278313
8319,0.22514587093249339
8320,0.06576193742457316
8321,0.0
8322,0.0
8323,0.0
8324,0.0
8325,0.0
8326,0.0
8327,0.0
8328,0.0
8329,0.0
8330,0.0
8331,0.0
8332,0.0
8333,0.0
8334,0.0
8335,0.0
8336,0.0003339277433315728
8337,0.1418978414532738
8338,0.29634972592531567
8339,0.3892462298539878
8340,0.426716499629736
8341,0.41559090184539194
8342,0.34484547751682054
8343,0.24021195599028283
8344,0.06751560931585535
8345,0.0
8346,0.0
8347,0.0
8348,0.0
8349,0.0
8350,0.0
8351,0.0
8352,0.0
8353,0.0
8354,0.0
8355,0.0
8356,0.0
8357,0.0
8358,0.0
8359,0.0
8360,0.00043684216299502823
8361,0.14449383760803644
8362,0.3009701662698747
8363,0.39841665770082535
8364,0.4325227473702857
8365,0.42315499905362725
8366,0.35028715586630915
8367,0.22791678267804122
8368,0.06910673497665343
8369,0.0
8370,0.0
8371,0.0
8372,0.0
8373,0.0
8374,0.0
8375,0.0
8376,0.0
8377,0.0
8378,0.0
8379,0.0
8380,0.0
8381,0.0
8382,0.0
8383,0.0
8384,0.00031940693118271394
8385,0.04890727204027463
8386,0.24784123155885912
8387,0.39034360799303397
8388,0.4274160978122336
8389,0.4207546196643423
8390,0.3490408261239023
8391,0.20121317168835465
8392,0.07289355045217014
8393,0.0
8394,0.0
8395,0.0
8396,0.0
8397,0.0
8398,0.0
8399,0.0
8400,0.0
8401,0.0
8402,0.0
8403,0.0
8404,0.0
8405,0.0
8406,0.0
8407,0.0
8408,6.316509525224276e-05
8409,0.1368069453257938
8410,0.2947594637858971
8411,0.38243681532381696
8412,0.43103220444638823
8413,0.2530768550364651
8414,0.34889198537801586
8415,0.22956177923679183
8416,0.067921744425211
8417,0.0
8418,0.0
8419,0.0
8420,0.0
8421,0.0
8422,0.0
8423,0.0
8424,0.0
8425,0.0
8426,0.0
8427,0.0
8428,0.0
8429,0.0
8430,0.0
8431,0.0
8432,0.00031837473140400877
8433,0.09233962015794972
8434,0.14011586006379323
8435,0.3548241088634402
8436,0.33333894427743216
8437,0.32714723342919977
8438,0.2694139327074126
8439,0.17012777315806804
8440,0.057028013800471955
8441,0.0
8442,0.0
8443,0.0
8444,0.0
8445,0.0
8446,0.0
8447,0.0
8448,0.0
8449,0.0
8450,0.0
8451,0.0
8452,0.0
8453,0.0
8454,0.0
8455,0.0
8456,6.639365582511686e-05
8457,0.0410513477818353
8458,0.14873581636961145
8459,0.10525797584520656
8460,0.09360114904355672
8461,0.09583080792227187
8462,0.09110554308376556
8463,0.16646892805023172
8464,0.049724495837710256
8465,0.0
8466,0.0
8467,0.0
8468,0.0
8469,0.0
8470,0.0
8471,0.0
8472,0.0
8473,0.0
8474,0.0
8475,0.0
8476,0.0
8477,0.0
8478,0.0
8479,0.0
8480,6.600370298972107e-05
8481,0.023044023720232145
8482,0.045041724419521104
8483,0.05363468984762582
8484,0.05653061965127273
8485,0.060340773542451764
8486,0.062396578728294405
8487,0.05787580217051933
8488,0.034622644657918346
8489,0.0
8490,0.0
8491,0.0
8492,0.0
8493,0.0
8494,0.0
8495,0.0
8496,0.0
8497,0.0
8498,0.0
8499,0.0
8500,0.0
8501,0.0
8502,0.0
8503,0.0
8504,0.0
8505,0.023058513959056486
8506,0.03781627637445182
8507,0.3820064316005883
8508,0.43572731021725497
8509,0.42711576157567915
8510,0.20276459286950724
8511,0.13070746206165496
8512,0.07870272716388539
8513,0.0
8514,0.0
8515,0.0
8516,0.0
8517,0.0
8518,0.0
8519,0.0
8520,0.0
8521,0.0
8522,0.0
8523,0.0
8524,0.0
8525,0.0
8526,0.0
8527,0.0
8528,2.372011428355382e-05
8529,0.13230092156401926
8530,0.29289606633337856
8531,0.38127887983073117
8532,0.41898640794010245
8533,0.4078285681345208
8534,0.36578969847000353
8535,0.23968774600148757
8536,0.07634621816144163
8537,0.0
8538,0.0
8539,0.0
8540,0.0
8541,0.0
8542,0.0
8543,0.0
8544,0.0
8545,0.0
8546,0.0
8547,0.0
8548,0.0
8549,0.0
8550,0.0
8551,0.0
8552,2.289880159569416e-05
8553,0.13431428584097999
8554,0.21354802030722222
8555,0.31896851904449725
8556,0.36156865426727763
8557,0.2680506541641218
8558,0.25472290765852446
8559,0.23592946757372196
8560,0.07680012700765804
8561,0.0
8562,0.0
8563,0.0
8564,0.0
8565,0.0
8566,0.0
8567,0.0
8568,0.0
8569,0.0
8570,0.0
8571,0.0
8572,0.0
8573,0.0
8574,0.0
8575,0.0
8576,6.741497406751945e-05
8577,0.11467387714798027
8578,0.2494118310830822
8579,0.34142112514035144
8580,0.3488092506944929
8581,0.3313608093389137
8582,0.28189245261309737
8583,0.2298141258561406
8584,0.07815837028776967
8585,0.0
8586,0.0
8587,0.0
8588,0.0
8589,0.0
8590,0.0
8591,0.0
8592,0.0
8593,0.0
8594,0.0
8595,0.0
8596,0.0
8597,0.0
8598,0.0
8599,0.0
8600,6.758054262283184e-05
8601,0.13563921353273367
8602,0.24247607403972338
8603,0.36291580596534573
8604,0.4130537476711178
8605,0.15374515056895557
8606,0.1114942747365618
8607,0.10939992032264893
8608,0.06063691469879091
8609,0.0
8610,0.0
8611,0.0
8612,0.0
8613,0.0
8614,0.0
8615,0.0
8616,0.0
8617,0.0
8618,0.0
8619,0.0
8620,0.0
8621,0.0
8622,0.0
8623,0.0
8624,6.732704658651167e-05
8625,0.1363112548809379
8626,0.26955127928358535
8627,0.3831855350366798
8628,0.4248285384947329
8629,0.4280585168763585
8630,0.3680601995761277
8631,0.22066950446242178
8632,0.08382962863212848
8633,0.0
8634,0.0
8635,0.0
8636,0.0
8637,0.0
8638,0.0
8639,0.0
8640,0.0
8641,0.0
8642,0.0
8643,0.0
8644,0.0
8645,0.0
8646,0.0
8647,0.0
8648,0.0
8649,0.11422906444926824
8650,0.266682124477307
8651,0.3474629741870121
8652,0.3812462060488039
8653,0.42705922426373716
8654,0.3641464406232197
8655,0.24439475436434208
8656,0.08296985306833651
8657,0.0
8658,0.0
8659,0.0
8660,0.0
8661,0.0
8662,0.0
8663,0.0
8664,0.0
8665,0.0
8666,0.0
8667,0.0
8668,0.0
8669,0.0
8670,0.0
8671,0.0
8672,0.0
8673,0.12446435418753024
8674,0.29470795590253035
8675,0.375383304304234
8676,0.42977470727208694
8677,0.42397417744337457
8678,0.35822618472215967
8679,0.21025815555100716
8680,0.067003710341322
8681,0.0
8682,0.0
8683,0.0
8684,0.0
8685,0.0
8686,0.0
8687,0.0
8688,0.0
8689,0.0
8690,0.0
8691,0.0
8692,0.0
8693,0.0
8694,0.0
8695,0.0
8696,0.0
8697,0.0147402370156141
8698,0.04369614806451018
8699,0.13815520559860586
8700,0.2542506139753701
8701,0.15975398742666197
8702,0.17935091081667887
8703,0.15032649276590798
8704,0.040039712648091
8705,0.0
8706,0.0
8707,0.0
8708,0.0
8709,0.0
8710,0.0
8711,0.0
8712,0.0
8713,0.0
8714,0.0
8715,0.0
8716,0.0
8717,0.0
8718,0.0
8719,0.0
8720,0.0
8721,0.08410209296577818
8722,0.1138506437085116
8723,0.19855043933400565
8724,0.18395423243334957
8725,0.20358018297784647
8726,0.17056299376794287
8727,0.08759989717094058
8728,0.036842289605933186
8729,0.0
8730,0.0
8731,0.0
8732,0.0
8733,0.0
8734,0.0
8735,0.0
8736,0.0
8737,0.0
8738,0.0
8739,0.0
8740,0.0
8741,0.0
8742,0.0
8743,0.0
8744,0.0
8745,0.053252835442464855
8746,0.22901522271499994
8747,0.2845440758815912
8748,0.18343693645019435
8749,0.15645587254051024
8750,0.24373009379009103
8751,0.2228167203878098
8752,0.07589149247067703
8753,0.0
8754,0.0
8755,0.0
8756,0.0
8757,0.0
8758,0.0
8759,0.0
8760,0.0
